PRIORITY,OCR_STATUS,territory_id,District,territory_name,Type,STATUS,Agents,Cycle,Start (actual Start date),End (actual end date),Actual Man-Day,Days planned,Number_of_landmark,Number_of_trending,Number_of_regional,Number_of_iconic,Number_of_brands,total_logs,total_survey_logs,survey_log_new,survey_log_update_exist,survey_log_deleted,total_poi_portal,poi_portal_log_new,poi_portal_log_update_exist,poi_portal_log_deleted,total_trx,trx_draft,trx_ready_to_publish,trx_archived,trx_in_progress,Diffrencess,Area Score,high dansity ?
1,,4604,Al Aqeeq,RUH_Riyadh park mall,Mixed.,Off-Plan,aalosaimi,25-Jan,"December 23, 24","May 5, 25",2.64,1.69,2,0,0,0,116,626,106,15,91,0,520,9,490,21,416,164,192,60,0,15,20.97,YES
1,,4345,King Fahd,King Fahd district_10000002,Mixed.,Off-Plan,aalbwardi,25-Dec,"December 26, 24","February 19, 25",2.11,1.4,0,0,0,0,112,442,22,2,14,6,420,16,396,8,364,173,135,56,0,2,19.96,YES
1,,4346,King Fahd,city Riyadh Dhahrat Laban district_946,Indust.,Closed,abinsaedan,25-Feb,"December 22, 24","February 27, 25",4.39,2,0,0,0,0,107,782,229,194,28,7,553,19,506,28,475,125,296,54,0,194,19.21,YES
1,,4600,Qurtubah,RUH_Park Avenue mall,Indust.,Off-Plan,,,"Jan 17, 25","Feb 26, 25",0.79,0.53,1,1,0,0,57,313,5,0,4,1,308,24,274,10,152,39,94,19,0,-107,10.43,0
1,,4593,Al Olaya,RUH_Kingdom Center,Com,Off-Plan,fabdelrahman,25-Apr,"December 27, 24","April 20, 25",1.79,1.2,2,0,0,0,55,292,12,0,9,3,280,13,248,19,308,175,78,55,0,0,10.02,0
1,,5655,Al Nafel,RUH_Tala mall,Com,Closed,abinsaedan,,"December 18, 24","January 27, 25",0.93,0.48,0,0,0,0,53,398,75,30,39,6,323,7,306,10,127,20,82,25,0,30,9.62,YES
1,,4571,Al Olaya,RUH_Al Faisaliya MODE mall,Com,Off-Plan,fabdelrahman,25-Apr,"April 17, 25","April 17, 25",0.56,0.38,1,0,0,0,34,201,7,0,7,0,194,15,173,6,97,24,59,14,0,0,6.32,0
1,,3174,Al Olaya,Al Olaya district_10000294,Mixed.,Off-Plan,fabdelrahman,25-Apr,"December 26, 24","April 17, 25",4.28,2.09,0,0,0,0,35,1017,592,161,213,218,425,30,374,21,672,26,350,296,0,161,6.3,YES
1,,4177,Hiteen,Boulevard Riyadh City,Mixed.,Off-Plan,,25-Jan,"January 7, 25","January 7, 25",1.74,1.16,3,0,0,0,31,246,14,0,12,2,232,7,189,36,316,177,72,67,0,0,5.59,0
1,,5635,Ar Rabie,RUH_Aliya Plaza mall,Com,Closed,aalosaimi,25-Dec,"December 8, 24","February 28, 25",0.73,0.37,0,0,0,0,28,261,48,24,19,5,213,0,210,3,89,33,43,13,0,24,5.12,YES
1,,3879,Al Yasmeen,Al Yasmeen district_10000436,Mixed.,Closed,,25-Dec,"November5, 24","January 6, 25",1.09,0.54,0,1,0,0,26,398,96,38,39,19,302,2,295,5,142,27,88,27,0,38,4.73,YES
1,,4283,Hiteen,city Riyadh Hiteen district_1536,Mixed.,Closed,surveyor4,25-Jan,"December 31, 24","May 6, 25",1.06,0.69,1,7,0,0,23,264,31,4,24,3,233,4,214,15,194,82,58,54,0,4,4.71,YES
1,,3131,Al Olaya,Al Olaya district_10000272,Com,Closed,aalngedan,,"December 24, 24","May 15, 25",1.9,1.27,0,9,0,0,20,338,42,0,41,1,296,34,231,31,314,170,88,56,0,0,4.43,YES
1,,4348,King Fahd,King Fahd district_10000004,Mixed.,Closed,abinsaedan,25-Feb,"January 10, 25","February 26, 25",0.64,0.41,1,0,0,0,24,117,9,4,5,0,108,3,98,7,97,53,31,13,0,4,4.19,0
1,,5103,Ar Rabie,Ar Rabie district_10000305,Mixed.,Off-Plan,ashuban,25-Mar,"December 2, 24","May 3, 25",1.97,0.97,0,1,0,0,22,929,425,72,254,99,504,1,502,1,297,14,161,122,0,72,4.06,YES
1,,3484,Al Sulaimaniyah,Al Sulaimaniyah district_10000333,Com,Closed,surveyor10,25-Feb,"February 2, 25","February 3, 25",0.59,0.35,0,0,0,0,22,182,17,9,8,0,165,2,151,12,92,25,46,21,0,9,4.04,0
1,,6695,Al Narjis,Al Narjas district_101,Resid.,Closed,surveyor1,25-Jan,"December 17, 24","January 9, 25",0.36,0.22,0,0,0,0,22,197,35,3,25,7,162,3,151,8,67,1,47,19,0,3,3.91,0
1,,4542,Al Malqa,RUH_06,Com,Off-Plan,fabdelrahman,25-Apr,"December 30, 24","April 7, 25",1.7,0.8,0,0,0,0,21,521,220,70,106,44,301,64,221,16,262,9,186,67,0,70,3.91,YES
1,,4575,Al Malqa,RUH_Almakan mall,Com,Closed,aalsahafi,,,,0.33,0.22,0,0,0,0,21,107,0,0,0,0,107,2,88,17,62,21,23,18,0,0,3.86,YES
1,,2650,Al Malqa,Al Malqa district_10000008,Com,Off-Plan,ashuban,25-Apr,"January 2, 25","April 3, 25",1.33,0.5,0,1,0,0,20,398,181,81,60,40,217,20,186,11,208,8,141,59,0,81,3.83,YES
1,,3058,Al Olaya,Al Olaya district_10000238,Mixed.,Closed,aalngedan,,,,1.21,0.81,0,0,0,0,22,199,0,0,0,0,199,5,176,18,204,115,53,36,0,0,3.76,YES
1,,4536,Qurtubah,Qurtubah district_350,Resid.,Closed,surveyor13,25-Mar,"March 9, 25","March 10, 25",0.39,0.22,0,0,0,0,21,146,13,8,2,3,133,2,124,7,68,14,36,18,0,8,3.73,0
1,,4440,Qurtubah,Qurtubah district_295,Resid.,Closed,surveyor3,25-Mar,"January 29, 25","March 11, 25",0.72,0.33,0,0,0,0,21,278,117,31,46,40,161,1,157,3,148,2,80,66,0,31,3.73,YES
1,,3274,Al Rawdah,Al Rawdah district_74,Resid.,Off-Plan,ashuban,25-Jun,"Jun 3, 25","Jun 3, 25",0.44,0.3,0,0,0,0,21,136,22,19,0,3,114,4,106,4,74,32,31,11,0,0,3.71,0
1,,6757,Al Narjis,Al Narjas district_37,Mixed.,Closed,aalbwardi,25-Dec,"December 17, 24","December 22, 24",0.64,0.32,0,0,0,0,20,269,64,21,33,10,205,0,203,2,90,8,60,22,0,21,3.55,YES
1,,4086,Al Nakheel,Al-Nakheel_10000100,Resid.,Closed,salsiqami,25-Jan,"January 7, 25","January 21, 25",0.39,0.23,0,0,0,0,20,160,29,7,15,7,131,0,127,4,75,12,36,27,0,7,3.55,0
1,,3148,Al Olaya,Al Olaya district_10000280,Com,Closed,aalngedan,,"January 6, 25","May 8, 25",1.22,0.81,0,5,0,0,17,161,4,0,4,0,157,2,143,12,205,125,39,41,0,0,3.49,YES
1,,3105,Al Olaya,Al Olaya district_10000259,Com,Closed,,,"December 26, 24","May 11, 25",3.19,2.13,2,7,0,0,15,272,14,0,14,0,258,4,216,38,514,356,65,93,0,0,3.47,YES
1,,5129,Ar Rahmaniyah,Ar Rahmaniyah district_10000194,Mixed.,Closed,,25-Dec,"December 30, 24","May 11, 25",0.61,0.37,1,0,0,0,19,229,43,8,34,1,186,0,178,8,97,30,46,21,0,8,3.44,0
1,,4929,Al Nuzha,Al Nuzha district_1,Mixed.,Off-Plan,ashuban,25-Apr,"April 20, 25","April 21, 25",0.94,0.43,0,0,0,0,19,244,119,41,45,33,125,3,114,8,164,8,91,65,0,41,3.42,YES
1,,3711,Al Yasmeen,Al Yasmeen district_10000137,Mixed.,Off-Plan,ashuban,25-Mar,"October 13, 24","March 19, 25",1.67,0.61,0,0,0,0,19,626,260,106,99,55,366,1,350,15,176,7,107,62,0,106,3.42,YES
1,,3056,Al Olaya,Al Olaya district_10000237,Com,Closed,aalngedan,,,,1.78,1.19,0,1,0,0,18,167,0,0,0,0,167,11,143,13,289,201,47,41,0,0,3.27,YES
1,,3524,Al Sulaimaniyah,Al Sulaimaniyah district_10000352,Resid.,Closed,surveyor11,25-Feb,"February 2, 25","February 4, 25",1.67,0.94,0,0,0,0,18,232,83,37,44,2,149,1,136,12,252,80,109,63,0,37,3.19,YES
1,,4602,Al Murabba,RUH_Riyadh Avenue Mall,Mixed.,Off-Plan,ashuban,25-May,"Jan 7, 25","May 29, 25",0.69,0.46,0,0,0,0,18,152,84,55,29,0,68,4,63,1,114,74,25,15,0,-93,3.09,0
1,,3313,Al Sahafah,Al Sahafah district_10000236,Mixed.,Closed,surveyor5,"  v-24","November13, 24","November18, 24",0.81,0.39,0,4,0,0,15,298,89,31,42,16,209,1,206,2,99,8,75,16,0,31,3.05,YES
1,,3040,Al Olaya,Al Olaya district_10000231,Mixed.,Closed,aalngedan,,"May 11, 25","May 11, 25",1.67,1.11,0,0,0,0,18,125,1,0,1,0,124,7,112,5,273,186,46,41,0,0,3.04,YES
1,,3368,Al Sahafah,Al Sahafah district_10000263,Indust.,Closed,abinsaedan,"  v-24","November25, 24","May 4, 25",1.81,0.6,0,0,0,0,17,281,160,129,25,6,121,3,113,5,157,5,136,16,0,129,3.01,YES
1,,3419,Al Sulaimaniyah,Al Sulaimaniyah district_10000301,Com,Closed,abinsaedan,25-Feb,"February 2, 25","May 4, 25",1.01,0.6,0,0,0,0,16,284,156,15,60,81,128,1,117,10,257,28,93,136,0,15,2.96,YES
1,,5237,Al Raed,city Riyadh Al Raed district_1343,Mixed.,Off-Plan,fabdelrahman,25-Apr,"January 29, 25","April 22, 25",0.46,0.28,0,0,0,0,16,168,39,6,33,0,129,0,117,12,79,17,37,25,0,6,2.88,YES
1,,3108,Al Olaya,Al Olaya district_10000260,Com,Closed,aalngedan,,,,1.22,0.81,0,0,0,0,16,115,0,0,0,0,115,0,108,7,204,135,31,38,0,0,2.81,YES
1,,2950,Al Muhammadiyah,Al Muhammadiyah district_10000071,Mixed.,Off-Plan,fabdelrahman,25-Apr,"October 31, 24","May 6, 25",1.5,0.74,0,2,0,0,14,301,180,55,114,11,121,0,112,9,250,77,128,45,0,54,2.72,YES
1,,4573,Al Rawdah,RUH_Al Khayma mall,Mixed.,Off-Plan,ashuban,25-Jun,"Jun 3, 25","Jun 3, 25",0.21,0.14,0,0,0,0,15,80,29,21,0,8,51,4,46,1,38,16,17,5,0,-29,2.7,0
1,,4099,Al Nakheel,Al-Nakheel_10000107,Resid.,Closed,surveyor10,25-Jan,"January 21, 25","January 21, 25",0.56,0.31,1,3,0,0,13,132,22,13,5,4,110,0,103,7,90,24,41,25,0,13,2.66,0
1,,5089,Ar Rabie,Ar Rabie district_10000291,Resid.,Closed,,25-Dec,"December 4, 24","December 5, 24",0.34,0.18,0,0,0,0,15,203,43,10,25,8,160,0,159,1,54,2,35,17,0,10,2.65,YES
1,,4546,Al Woroud,RUH_10&12&23_Olaya View Mall,Com,Off-Plan,fabdelrahman,25-May,"January 5, 25","May 28, 25",0.94,0.5,0,0,0,0,14,170,108,91,16,1,62,6,51,5,122,50,56,16,0,27,2.6,0
1,,3069,Al Olaya,Al Olaya district_10000244,Com,Closed,aalngedan,,"May 5, 25","May 5, 25",1.18,0.79,1,0,0,0,14,115,1,0,1,0,114,1,107,6,186,125,36,25,0,0,2.52,0
1,,2691,Al Malqa,Al Malqa district_10000033,Mixed.,Off-Plan,ashuban,25-Apr,"December 30, 24","April 7, 25",1.76,0.77,0,7,0,0,10,556,236,84,99,53,320,61,238,21,279,6,186,87,0,84,2.5,0
1,,4408,King Fahd,King Fahd district_10000104,Mixed.,Closed,salsiqami,25-Feb,"February 19, 25","February 24, 25",1.08,0.54,0,0,0,0,14,168,91,38,42,11,77,0,76,1,139,30,82,27,0,38,2.47,YES
1,,4530,Qurtubah,Qurtubah district_344,Resid.,Closed,surveyor13,25-Mar,"March 5, 25","March 9, 25",0.34,0.19,0,0,0,0,14,129,20,7,10,3,109,2,103,4,58,8,37,13,0,7,2.47,YES
1,,3377,Al Sahafah,Al Sahafah district_10000267,Resid.,Closed,,"  v-24","November19, 24","November20, 24",0.35,0.17,0,0,0,0,14,195,51,13,22,16,144,0,142,2,53,1,35,17,0,13,2.47,YES
1,,2948,Al Muhammadiyah,Al Muhammadiyah district_10000070,Resid.,Closed,surveyor2,25-Jan,"December 23, 24","December 23, 24",0.81,0.49,0,10,0,0,9,163,41,11,24,6,122,0,111,11,139,59,42,38,0,11,2.42,YES
1,,3285,Al Sahafah,Al Sahafah district_10000222,Mixed.,Off-Plan,surveyor13,25-Mar,"November19, 24","March 18, 25",0.86,0.38,0,0,0,0,13,352,155,41,85,29,197,1,194,2,113,1,81,31,0,41,2.34,YES
1,,4728,Al Ghadir,Al Ghadeer district_10000325,Resid.,Off-Plan,surveyor3,25-Mar,"January 15, 25","May 3, 25",0.37,0.22,0,0,0,0,13,150,65,5,38,22,85,2,81,2,68,3,31,34,0,5,2.34,0
1,,4540,King Fahd,RUH Marina Mall,Mixed.,Closed,aalbwardi,25-Dec,,,0.47,0.31,0,0,0,0,14,65,0,0,0,0,65,8,55,2,83,51,22,10,0,0,2.32,0
1,,3110,Al Olaya,Al Olaya district_10000261,Mixed.,Closed,aalngedan,,"January 2, 25","January 6, 25",0.99,0.66,0,0,0,0,14,89,3,0,3,0,86,1,76,9,164,100,31,33,0,0,2.32,YES
1,,4350,King Fahd,King Fahd district_10000005,Mixed.,Closed,fabdelrahman,25-Feb,"December 26, 24","February 19, 25",1.99,1.3,0,0,0,0,14,97,11,5,6,0,86,7,77,2,289,243,37,9,0,5,2.32,0
1,,4277,Hiteen,city Riyadh Hiteen district_1533,Resid.,Closed,aalosaimi,25-Mar,"March 9, 25","March 9, 25",0.49,0.27,0,0,0,0,13,109,36,11,24,1,73,0,68,5,82,26,38,18,0,11,2.29,YES
1,,4494,Qurtubah,Qurtubah district_324,Resid.,Closed,aalosaimi,25-Mar,"February 26, 25","March 2, 25",0.41,0.2,0,0,0,0,13,146,46,16,23,7,100,0,98,2,53,0,40,13,0,16,2.29,YES
1,,2600,Al Malaz,Al Malaz district_10000520,Mixed.,Closed,ashuban,25-Jan,"January 23, 25","January 23, 25",0.44,0.26,0,0,0,0,13,145,63,8,15,40,82,0,79,3,103,17,34,52,0,8,2.29,YES
1,,3002,Al Mutamarat,Al Mutamarat district_10000360,Indust.,Closed,surveyor1,25-Jan,"January 22, 25","January 22, 25",0.064,0.18,0,0,0,0,13,70,9,0,9,0,61,1,57,3,51,18,20,13,0,0,2.29,0
1,,6697,Al Narjis,Al Narjas district_103,Resid.,Closed,surveyor1,25-Jan,"December 17, 24","January 28, 25",0.59,0.27,0,0,0,0,13,159,47,26,17,4,112,0,111,1,67,14,43,10,0,26,2.29,0
1,,3018,Al Olaya,Al Olaya district_10000026,Com,Closed,aalngedan,,,,0.3,0.2,0,0,0,0,13,79,0,0,0,0,79,0,78,1,56,27,15,14,0,0,2.27,0
1,,4730,Al Ghadir,Al Ghadeer district_10000327,Resid.,Off-Plan,surveyor3,25-Mar,"November7, 24","March 23, 25",0.59,0.36,0,1,0,0,12,244,81,6,59,16,163,7,139,17,104,9,52,43,0,6,2.26,YES
1,,4808,Al Mursalat,Al Mursalat district_10000014,Mixed.,Open,,,,,0.13,0.09,0,0,0,0,12,93,0,0,0,0,93,0,91,2,28,5,13,10,0,-18,2.16,0
1,,5232,Al Raed,city Riyadh Al Raed district_1338,Mixed.,Off-Plan,fabdelrahman,25-Jan,"April 22, 25","April 22, 25",0.49,0.29,0,0,0,0,12,159,54,8,36,10,105,1,98,6,90,8,47,35,0,8,2.16,YES
1,,5111,Ar Rabie,Ar Rabie district_10000427,Mixed.,Closed,fabdelrahman,25-Dec,"December 8, 24","March 20, 25",1.31,0.67,0,4,0,0,10,519,194,42,133,19,325,6,307,12,205,46,112,47,0,42,2.15,YES
1,,4896,Al Nafel,Al Nafel district_10000341,Mixed.,Closed,,25-Dec,"December 11, 24","December 15, 24",0.74,0.37,0,0,0,0,12,291,99,26,34,39,192,0,190,2,119,13,65,41,0,26,2.11,YES
1,,2929,Al Muhammadiyah,Al Muhammadiyah district_10000063,Com,Off-Plan,fabdelrahman,25-Apr,"October 10, 24","April 24, 25",0.86,0.42,0,0,0,0,11,182,70,32,37,1,112,0,101,11,120,39,66,15,0,32,2.11,0
1,,3421,Al Sulaimaniyah,Al Sulaimaniyah district_10000302,Com,Closed,surveyor4,25-Feb,"February 5, 25","February 6, 25",0.49,0.26,0,0,0,0,11,175,109,14,23,72,66,1,54,11,151,1,50,100,0,14,2.06,YES
1,,2743,Al Malqa,Al Malqa district_10000058,Com,Off-Plan,surveyor3,25-Apr,"December 30, 24","April 3, 25",1.06,0.48,0,3,0,0,9,348,148,48,48,52,200,41,144,15,170,1,106,63,0,48,2.05,YES
1,,3020,Al Olaya,Al Olaya district_10000220,Mixed.,Closed,aalngedan,,,,1.21,0.81,1,0,0,0,12,90,0,0,0,0,90,18,68,4,209,141,34,34,0,0,2.03,0
1,,4008,Al Aqeeq,Al-Aqeek_10000135,Mixed.,Closed,aalosaimi,25-Jan,"January 5, 25","May 11, 25",1.02,0.68,4,3,0,0,9,141,18,0,16,2,123,1,112,10,174,107,36,31,0,0,2,0
1,,4727,Al Ghadir,Al Ghadeer district_10000324,Resid.,Closed,ashuban,25-Mar,"February 4, 25","March 20, 25",0.74,0.34,0,6,0,0,8,218,73,32,40,1,145,7,132,6,96,15,72,9,0,32,1.99,0
1,,5660,Salahuddin,Salahuddin district_10000136,Mixed.,Off-Plan,ashuban,25-Mar,"March 26, 25","March 26, 25",0.77,0.41,0,0,0,0,11,194,100,22,42,36,94,1,88,5,140,8,66,66,0,22,1.98,YES
1,,5130,Ar Rahmaniyah,Ar Rahmaniyah district_10000195,Mixed.,Off-Plan,fabdelrahman,25-Apr,"October 13, 24","May 14, 25",0.55,0.32,0,0,0,0,11,169,58,9,47,2,111,1,105,5,86,23,45,18,0,9,1.98,0
1,,2581,Al Malaz,Al Malaz district_10000509,Mixed.,Closed,fabdelrahman,25-Jan,"January 28, 25","January 28, 25",0.57,0.33,0,0,0,0,12,104,16,10,4,2,88,0,85,3,90,39,30,21,0,10,1.96,YES
1,,4387,King Fahd,King Fahd district_10000094,Mixed.,Closed,surveyor13,25-Feb,"February 19, 25","February 19, 25",0.39,0.26,0,0,0,0,12,65,7,0,2,5,58,0,55,3,67,39,15,13,0,0,1.96,YES
1,,4889,Al Nafel,Al Nafel district_10000334,Resid.,Closed,fabdelrahman,"  v-24","December 11, 24","March 20, 25",0.25,0.13,0,0,0,0,11,141,41,7,28,6,100,1,98,1,43,10,22,11,0,7,1.93,YES
1,,4497,Qurtubah,Qurtubah district_326,Resid.,Closed,fabdelrahman,25-Feb,"February 26, 25","February 27, 25",0.66,0.35,0,0,0,0,11,194,82,19,27,36,112,0,105,7,131,3,69,59,0,19,1.93,YES
1,,5037,Al Taawun,Al Taawon district_53,Resid.,Closed,surveyor3,25-Mar,"March 4, 25","March 6, 25",0.62,0.34,0,0,0,0,11,231,145,15,51,79,86,3,75,8,179,2,74,103,0,15,1.93,YES
1,,4487,Qurtubah,Qurtubah district_320,Resid.,Closed,surveyor4,25-Feb,"January 11, 25","February 26, 25",0.38,0.19,0,0,0,0,11,138,31,14,3,14,107,0,100,7,61,1,34,26,0,14,1.93,0
1,,3874,Al Yasmeen,Al Yasmeen district_10000220,Mixed.,Off-Plan,ashuban,25-Mar,"October 14, 24","March 19, 25",1.13,0.44,0,1,0,0,10,430,195,65,52,78,235,0,230,5,152,4,80,68,0,65,1.9,0
1,,4582,King Saud University,RUH_Esplanade mall,Mixed.,Closed,surveyor13,25-Feb,"December 26, 24","February 17, 25",0.32,0.18,2,7,0,0,6,146,31,8,13,10,115,0,106,9,60,9,25,26,0,8,1.87,0
1,,2604,Al Malaz,Al Malaz district_10000522,Com,Closed,Auditedor1,25-Jan,"January 26, 25","January 27, 25",1.84,1.11,0,1,0,0,10,144,54,24,27,3,90,1,80,9,265,168,63,34,0,24,1.83,YES
1,,3975,Al Aqeeq,Al-Aqeek_10000051,Mixed.,Closed,surveyor11,25-Jan,"January 14, 25","January 15, 25",0.51,0.3,0,6,0,0,7,195,43,8,29,6,152,1,144,7,81,21,40,20,0,8,1.81,0
1,,4938,Al Nuzha,Al Nuzha district_82,Resid.,Off-Plan,ashuban,25-Apr,"April 21, 25","April 22, 25",1.34,0.62,0,0,0,0,10,250,150,56,63,31,100,1,95,4,204,29,124,51,0,56,1.8,YES
1,,3099,Al Olaya,Al Olaya district_10000257,Mixed.,Off-Plan,ashuban,25-Apr,"December 24, 24","April 21, 25",4.01,1.47,0,0,0,0,10,911,455,252,158,45,456,19,414,23,622,132,368,122,0,252,1.8,YES
1,,3970,Al Aqeeq,Al-Aqeek_10000048,Mixed.,Closed,surveyor11,25-Jan,"January 13, 25","January 14, 25",0.54,0.3,0,4,0,0,8,134,39,12,23,4,95,0,86,9,92,24,37,31,0,12,1.79,0
1,,3622,Al Woroud,Al Woroud district_10000165,Resid.,Off-Plan,fabdelrahman,25-May,"January 2, 25","May 31, 25",0.83,0.53,0,0,0,0,11,124,30,6,23,1,94,2,80,12,132,68,39,25,0,5,1.78,YES
1,,3145,Al Olaya,Al Olaya district_10000279,Com,Closed,,,"December 25, 24","May 5, 25",1.85,1.23,0,4,0,0,8,241,38,0,34,4,203,3,183,17,308,192,62,54,0,0,1.77,YES
1,,2907,Al Muhammadiyah,Al Muhammadiyah district_10000052,Mixed.,Closed,surveyor1,25-Jan,"January 2, 25","January 19, 25",0.39,0.24,0,9,0,0,5,106,21,4,13,4,85,2,74,9,73,23,26,24,0,4,1.75,YES
1,,4887,Al Nafel,Al Nafel district_10000332,Mixed.,Closed,abinsaedan,25-Dec,"December 11, 24","December 15, 24",0.38,0.21,0,0,0,0,10,199,54,9,27,18,145,1,140,4,72,6,35,31,0,9,1.75,YES
1,,4944,Al Nuzha,Al Nuzha district_88,Resid.,Closed,ashuban,25-Mar,"March 4, 25","March 6, 25",0.96,0.48,0,0,0,0,10,152,82,34,35,13,70,1,65,4,147,28,76,43,0,34,1.75,YES
1,,4395,King Fahd,King Fahd district_10000098,Mixed.,Closed,ashuban,25-Feb,"February 20, 25","March 2, 25",0.69,0.4,0,0,0,0,10,193,95,13,62,20,98,0,88,10,119,21,58,40,0,13,1.75,YES
1,,6702,Al Narjis,Al Narjas district_128,Resid.,Closed,surveyor1,25-Jan,"January 8, 25","January 9, 25",0.16,0.1,0,0,0,0,10,85,19,0,16,3,66,3,54,9,35,2,20,13,0,0,1.75,0
1,,4087,Al Nakheel,Al-Nakheel_10000101,Resid.,Closed,surveyor3,25-Jan,"January 21, 25","January 22, 25",0.24,0.16,0,0,0,0,10,72,18,0,18,0,54,1,51,2,52,9,25,18,0,0,1.75,YES
1,,3634,Al Woroud,Al Woroud district_10000172,Com,Off-Plan,ashuban,25-Apr,"January 2, 25","April 16, 25",1.79,0.81,0,0,0,0,9,355,260,80,129,51,95,2,84,9,257,29,142,86,0,80,1.75,YES
1,,4577,Al Woroud,RUH_Andalus mall,Com,Off-Plan,fabdelrahman,25-May,"January 5, 25","May 29, 25",0.81,0.46,0,0,0,0,10,239,204,184,16,4,35,3,29,3,114,65,34,15,0,16,1.73,0
1,,4043,Al Nakheel,Al-Nakheel_10000078,Resid.,Closed,ashuban,25-Jan,"January 6, 25","February 19, 25",0.33,0.17,0,3,0,0,8,137,74,10,20,44,63,1,57,5,100,3,31,66,0,10,1.69,YES
1,,5026,Al Taawun,Al Taawon district_42,Mixed.,Open,,,,,1.09,0.57,0,4,0,0,7,152,53,32,20,1,99,0,90,9,162,57,66,39,0,-68,1.66,YES
1,,4700,Al Falah,Al Falah district_23,Resid.,Off-Plan,aalosaimi,25-Jun,"May 29, 25","Jun 1, 25",0.57,0.38,0,0,0,0,10,98,41,11,30,0,57,2,48,7,107,64,16,27,0,-80,1.65,YES
1,,2962,Al Murabba,Al Murabba district_10000406,Mixed.,Off-Plan,ashuban,25-May,"May 31, 25","May 31, 25",0.65,0.43,0,0,0,0,10,93,21,6,15,0,72,0,59,13,120,67,19,34,0,-91,1.65,0
1,,4444,Qurtubah,Qurtubah district_297,Resid.,Closed,surveyor13,25-Mar,"March 2, 25","March 9, 25",0.38,0.2,1,0,0,0,9,92,19,11,4,4,73,0,66,7,62,14,27,21,0,11,1.64,0
1,,3773,Al Yasmeen,Al Yasmeen district_10000168,Mixed.,Off-Plan,surveyor13,25-Mar,"October 13, 24","March 17, 25",0.76,0.35,0,2,0,0,8,279,91,34,32,25,188,2,180,6,100,10,63,27,0,34,1.64,YES
1,,3425,Al Sulaimaniyah,Al Sulaimaniyah district_10000304,Resid.,Off-Plan,surveyor3,25-Mar,"February 4, 25","March 26, 25",0.66,0.35,0,0,0,0,9,154,98,19,45,34,56,2,54,0,95,2,47,46,0,19,1.62,0
1,,4265,Hiteen,city Riyadh Hiteen district_1527,Mixed.,Closed,salsiqami,25-Jan,"January 2, 25","January 14, 25",0.91,0.5,0,0,0,0,9,260,78,24,47,7,182,1,171,10,140,27,76,37,0,24,1.57,YES
1,,6775,Al Narjis,Al Narjas district_55,Resid.,Closed,surveyor2,25-Jan,"December 24, 24","January 15, 25",0.66,0.35,0,0,0,0,9,244,35,20,5,10,209,20,171,18,98,6,63,29,0,20,1.57,YES
1,,5513,Ghirnatah,Ghornata district_158,Resid.,Closed,surveyor3,25-Feb,"February 5, 25","February 9, 25",0.74,0.33,0,0,0,0,9,164,88,34,22,32,76,0,74,2,110,2,66,42,0,34,1.57,YES
1,,3655,Al Yasmeen,Al Yasmeen district_10000109,Resid.,Closed,surveyor7,24-Feb,"October 12, 24","January 5, 25",1.11,0.49,0,0,0,0,9,356,103,53,25,25,253,4,243,6,135,11,91,33,0,53,1.57,YES
1,,5654,Ar Rahmaniyah,RUH_Royal mall,Mixed.,Off-Plan,fabdelrahman,25-Apr,"April 28, 25","April 28, 25",0.76,0.45,1,0,0,0,9,52,19,11,8,0,33,0,33,0,112,79,27,6,0,11,1.54,0
1,,4936,Al Nuzha,Al Nuzha district_80,Resid.,Off-Plan,ashuban,25-Apr,"April 21, 25","April 21, 25",0.85,0.44,0,1,0,0,8,201,109,26,41,42,92,4,84,4,141,9,69,63,0,26,1.54,YES
1,,4294,King Saud University,city Riyadh King Saud University district_1349,Mixed.,Closed,ashuban,25-Feb,"January 18, 25","January 18, 25",2.12,1.41,4,0,0,0,8,91,3,0,3,0,88,1,81,6,328,263,32,33,0,0,1.52,0
1,,3620,Al Woroud,Al Woroud district_10000164,Com,Off-Plan,fabdelrahman,25-May,"January 2, 25","May 27, 25",0.79,0.4,0,0,0,0,8,128,52,28,21,3,76,0,73,3,97,28,54,15,0,26,1.52,YES
1,,3796,Al Yasmeen,Al Yasmeen district_10000181,Com,Closed,surveyor7,25-Dec,"October 24, 24","January 6, 25",1.44,0.65,0,7,0,0,4,397,77,65,11,1,320,9,296,15,147,33,99,15,0,65,1.5,YES
1,,3203,Al Rawdah,Al Rawdah district_38,Mixed.,In progress,ashuban,25-Jun,"Jun 11, 25",,0.59,0.39,0,0,0,0,9,56,0,0,0,0,56,2,40,14,94,55,16,23,0,-82,1.47,YES
1,,4354,King Fahd,King Fahd district_10000074,Mixed.,Closed,aalbwardi,25-Dec,"December 26, 24","January 6, 25",2.06,1.36,3,0,0,0,8,81,11,3,8,0,70,4,54,12,318,262,25,31,0,3,1.45,YES
1,,2974,Al Murabba,Al Murabba district_10000413,Mixed.,Off-Plan,fabdelrahman,25-Apr,"April 10, 25","April 10, 25",0.42,0.26,0,0,0,0,8,95,47,4,15,28,48,2,40,6,76,10,21,45,0,4,1.44,0
1,,3463,Al Sulaimaniyah,Al Sulaimaniyah district_10000323,Resid.,Off-Plan,fabdelrahman,25-Apr,"January 23, 25","April 13, 25",0.65,0.35,0,0,0,0,8,232,139,17,100,22,93,3,85,5,98,2,54,42,0,17,1.44,YES
1,,4809,Al Mursalat,Al Mursalat district_10000108,Mixed.,Off-Plan,surveyor3,25-Mar,"March 24, 25","March 25, 25",1.16,0.49,0,0,0,0,8,264,160,60,34,66,104,0,102,2,173,5,94,74,0,60,1.44,YES
1,,3038,Al Olaya,Al Olaya district_10000230,Mixed.,Closed,aalngedan,,,,0.57,0.38,0,0,0,0,9,59,0,0,0,0,59,5,48,6,106,53,26,27,0,0,1.42,YES
1,,3094,Al Olaya,Al Olaya district_10000256,Mixed.,Closed,aalngedan,,,,1.39,0.93,0,0,0,0,9,81,0,0,0,0,81,1,61,19,230,163,20,47,0,0,1.42,YES
1,,3642,Al Woroud,Al Woroud district_10000176,Resid.,Off-Plan,fabdelrahman,25-May,"January 2, 25","May 27, 25",0.63,0.4,0,0,0,0,9,118,23,8,13,2,95,0,89,6,104,57,27,20,0,4,1.42,0
1,,4023,Al Nakheel,Al-Nakheel_10000068,Mixed.,Closed,surveyor1,25-Jan,"January 6, 25","January 21, 25",0.59,0.39,0,0,0,0,9,111,23,1,14,8,88,1,80,7,106,51,30,25,0,1,1.42,YES
1,,4490,Qurtubah,Qurtubah district_322,Resid.,Closed,surveyor4,25-Feb,"February 26, 25","April 22, 25",0.28,0.14,0,11,0,0,2,106,20,10,3,7,86,12,69,5,45,0,30,15,0,10,1.41,0
1,,5105,Ar Rabie,Ar Rabie district_10000307,Com,Closed,ashuban,,"December 9, 24","January 23, 25",0.38,0.22,0,6,0,0,4,209,79,6,36,37,130,0,129,1,108,4,42,62,0,6,1.4,YES
1,,3601,Al Woroud,Al Woroud district_10000155,Resid.,Off-Plan,fabdelrahman,25-May,"February 11, 25","May 27, 25",0.94,0.5,0,0,0,0,8,185,130,32,50,48,55,0,51,4,179,21,82,76,0,28,1.39,YES
1,,4275,Hiteen,city Riyadh Hiteen district_1532,Mixed.,Closed,fabdelrahman,25-Mar,"January 5, 25","March 9, 25",0.51,0.23,0,0,0,0,8,165,88,24,46,18,77,0,74,3,102,9,46,47,0,24,1.39,YES
1,,3837,Al Yasmeen,Al Yasmeen district_10000202,Mixed.,Closed,malngedan,25-Dec,"November4, 24","November5, 24",0.3,0.16,0,0,0,0,8,113,14,9,5,0,99,1,96,2,35,10,23,2,0,9,1.39,YES
1,,2556,Al Malaz,Al Malaz district_10000494,Resid.,Closed,salsiqami,25-Jan,"January 27, 25","January 30, 25",1.36,0.71,0,0,0,0,8,165,84,40,36,8,81,1,66,14,171,56,85,30,0,40,1.39,YES
1,,5507,Ghirnatah,Ghornata district_152,Resid.,Closed,surveyor11,25-Feb,"February 6, 25","February 9, 25",1.31,0.72,0,0,0,0,8,179,69,33,35,1,110,0,104,6,181,68,83,30,0,33,1.39,YES
1,,5098,Ar Rabie,Ar Rabie district_10000300,Mixed.,Closed,surveyor13,25-Dec,"December 5, 24","March 19, 25",0.61,0.28,0,0,0,0,8,253,93,27,47,19,160,0,160,0,82,7,51,24,0,27,1.39,YES
1,,2550,Al Malaz,Al Malaz district_10000488,Mixed.,Closed,surveyor5,25-Jan,"January 29, 25","January 30, 25",0.6,0.32,0,0,0,0,8,73,36,16,20,0,37,2,33,2,71,19,49,3,0,16,1.39,YES
1,,3459,Al Sulaimaniyah,Al Sulaimaniyah district_10000321,Resid.,Closed,surveyor5,25-Feb,"February 2, 25","February 3, 25",0.37,0.21,0,0,0,0,8,126,62,8,16,38,64,0,63,1,103,3,41,59,0,8,1.39,YES
1,,3374,Al Sahafah,Al Sahafah district_10000266,Mixed.,Closed,,"  v-24","November14, 24","November17, 24",0.49,0.25,0,0,0,0,8,149,53,15,24,14,96,0,92,4,73,11,40,22,0,15,1.39,YES
1,,3771,Al Yasmeen,Al Yasmeen district_10000167,Mixed.,Closed,,"  v-24","November6, 24","November10, 24",0.69,0.29,0,0,0,0,8,271,81,35,22,24,190,6,179,5,84,0,61,23,0,35,1.39,0
1,,4595,Al Malqa,RUH_La Palma mall,Com,Off-Plan,surveyor3,25-Mar,"December 30, 24","March 27, 25",0.45,0.25,0,0,0,0,7,143,61,11,26,24,82,13,65,4,65,3,33,29,0,11,1.39,YES
1,,2611,Al Malaz,Al Malaz district_10000527,Com,Closed,surveyor3,25-Jan,"January 27, 25","January 27, 25",0.61,0.41,0,0,0,0,8,91,20,0,16,4,71,0,64,7,103,52,30,21,0,0,1.37,YES
1,,5029,Al Taawun,Al Taawon district_45,Mixed.,Off-Plan,,,"May 6, 25","May 6, 25",0.28,0.19,0,1,0,0,7,50,26,8,18,0,24,2,19,3,60,20,27,13,0,8,1.36,0
1,,4907,Al Nafel,Al Nafel district_10000352,Resid.,Closed,aalngedan,25-Dec,"December 15, 24","December 17, 24",0.59,0.34,0,5,0,0,5,151,51,12,25,14,100,1,98,1,98,28,42,28,0,12,1.35,YES
1,,4611,Hiteen,RUH_Welfare Center_mall,Indust.,Closed,surveyor4,25-Jan,"May 4, 25","May 4, 25",0.15,0.1,1,6,0,0,4,37,1,0,1,0,36,3,30,3,33,10,13,10,0,0,1.34,0
1,,5081,Ar Rabie,Ar Rabie district_10000283,Com,Closed,,25-Dec,"December 2, 24","May 9, 25",0.37,0.2,0,0,0,0,7,149,40,11,18,11,109,0,108,1,54,10,30,14,0,11,1.34,YES
1,,4940,Al Nuzha,Al Nuzha district_84,Resid.,Closed,ashuban,25-Mar,"March 6, 25","March 10, 25",0.79,0.4,0,1,0,0,7,108,58,28,24,6,50,2,43,5,117,39,51,27,0,28,1.31,YES
1,,2898,Al Muhammadiyah,Al Muhammadiyah district_10000047,Com,Closed,salsiqami,25-Jan,"January 5, 25","January 20, 25",1.09,0.7,0,1,0,0,7,97,20,6,14,0,77,0,73,4,154,120,26,8,0,6,1.29,YES
1,,2979,Al Murabba,Al Murabba district_10000416,Mixed.,Open,,,,,0.71,0.48,0,0,0,0,8,69,1,0,1,0,68,5,50,13,119,77,20,22,0,-99,1.29,0
1,,3189,Al Rawdah,Al Rawdah district_32,Resid.,In progress,aalosaimi,25-Jun,"Jun 3, 25",,0.31,0.2,0,0,0,0,8,56,0,0,0,0,56,3,46,7,55,24,18,13,0,-43,1.29,0
1,,3237,Al Rawdah,Al Rawdah district_55,Resid.,Off-Plan,fabdelrahman,25-Jun,"June 3, 25","June 4, 25",0.55,0.37,0,0,0,0,8,51,54,41,3,10,51,2,41,8,91,59,14,18,0,-77,1.29,YES
1,,3268,Al Rawdah,Al Rawdah district_71,Mixed.,In progress,ashuban,25-Jun,"Jun 11, 25","Jun 3, 25",0.39,0.26,0,0,0,0,8,101,37,35,0,2,64,7,43,14,72,31,21,20,0,-55,1.29,YES
1,,3272,Al Rawdah,Al Rawdah district_73,Resid.,Off-Plan,ashuban,25-Jun,"Jun 3, 25","Jun 3, 25",0.29,0.2,0,0,0,0,8,65,22,17,0,5,43,0,41,2,44,23,16,5,0,-41,1.29,0
1,,5035,Al Taawun,Al Taawon district_51,Resid.,Open,,,,,0.39,0.26,0,0,0,0,8,46,0,0,0,0,46,1,44,1,71,41,14,16,0,-54,1.29,YES
1,,4581,Al Olaya,RUH_Central mall,Com,Closed,aalngedan,,,,0.5,0.33,1,2,0,0,6,46,0,0,0,0,46,3,42,1,73,54,17,2,0,0,1.28,YES
1,,2701,Al Malqa,Al Malqa district_10000038,Mixed.,Off-Plan,fabdelrahman,25-Apr,"December 30, 24","April 3, 25",0.82,0.32,0,2,0,0,6,259,107,48,36,23,152,13,130,9,122,1,89,32,0,48,1.28,YES
1,,4701,Al Falah,Al Falah district_24,Resid.,Off-Plan,ashuban,25-May,"April 30, 25","May 1, 25",0.49,0.26,0,0,0,0,7,96,44,13,31,0,52,2,43,7,82,20,47,15,0,13,1.26,YES
1,,5024,Al Taawun,Al Taawon district_40,Resid.,Off-Plan,ashuban,25-May,"May 5, 25","May 5, 25",0.86,0.51,0,0,0,0,7,139,75,15,60,0,64,1,59,4,142,44,76,22,0,13,1.26,YES
1,,4725,Al Ghadir,Al Ghadeer district_10000322,Mixed.,Off-Plan,fabdelrahman,25-Mar,"January 23, 25","May 15, 25",0.66,0.29,0,0,0,0,7,186,104,33,46,25,82,3,74,5,102,0,61,41,0,33,1.26,YES
1,,2733,Al Malqa,Al Malqa district_10000053,Resid.,Off-Plan,fabdelrahman,25-Mar,"December 30, 24","March 27, 25",0.71,0.33,0,0,0,0,7,284,92,29,48,15,192,30,153,9,108,1,79,28,0,29,1.26,0
1,,3283,Al Sahafah,Al Sahafah district_10000221,Mixed.,Off-Plan,surveyor3,25-Mar,"November27, 24","March 18, 25",0.56,0.26,0,0,0,0,7,242,104,24,55,25,138,0,138,0,75,1,45,29,0,24,1.26,YES
1,,2681,Al Malqa,Al Malqa district_10000027,Resid.,Closed,aalngedan,,,,0.56,0.37,0,0,0,0,8,86,0,0,0,0,86,22,51,13,92,48,32,12,0,0,1.24,YES
1,,3024,Al Olaya,Al Olaya district_10000222,Mixed.,Closed,aalngedan,,,,1.19,0.8,0,0,0,0,8,54,0,0,0,0,54,4,44,6,178,143,21,14,0,0,1.24,YES
1,,3161,Al Olaya,Al Olaya district_10000287,Mixed.,Closed,aalngedan,,"May 8, 25","May 8, 25",0.88,0.59,0,0,0,0,8,63,1,0,1,0,62,5,52,5,140,101,22,17,0,0,1.24,YES
1,,2598,Al Malaz,Al Malaz district_10000519,Mixed.,Closed,ashuban,25-Jan,"January 23, 25","January 26, 25",1.11,0.7,0,0,0,0,8,90,48,9,24,15,42,0,37,5,183,101,42,40,0,9,1.24,YES
1,,5018,Al Sulaimaniyah,Al Sulaimaniyah district_10000355,Mixed.,Closed,surveyor11,25-Jan,"January 30, 25","February 2, 25",1.14,0.68,0,0,0,0,8,124,41,16,25,0,83,0,78,5,173,83,58,32,0,16,1.24,YES
1,,3519,Al Sulaimaniyah,Al Sulaimaniyah district_10000350,Com,Off-Plan,fabdelrahman,25-Apr,"February 3, 25","April 13, 25",0.72,0.48,0,0,0,0,7,52,2,1,1,0,50,2,41,7,112,80,17,15,0,1,1.24,0
1,,4405,King Fahd,King Fahd district_10000103,Resid.,Closed,ashuban,25-Feb,"February 25, 25","February 27, 25",1.33,0.58,0,0,0,0,7,191,141,64,41,36,50,0,47,3,177,17,104,56,0,64,1.21,YES
1,,5512,Ghirnatah,Ghornata district_157,Resid.,Closed,surveyor2,25-Feb,"February 6, 25","February 6, 25",0.48,0.23,0,0,0,0,7,77,30,18,6,6,47,0,43,4,62,15,32,15,0,18,1.21,YES
1,,3709,Al Yasmeen,Al Yasmeen district_10000136,Mixed.,Closed,surveyor7,25-Mar,"October 21, 24","January 5, 25",0.81,0.31,0,0,0,0,7,244,71,48,11,12,173,0,165,8,88,6,59,23,0,48,1.21,0
1,,4905,Al Nafel,Al Nafel district_10000350,Mixed.,Closed,,25-Dec,"December 10, 24","December 15, 24",0.53,0.26,0,0,0,0,7,212,67,19,30,18,145,0,141,4,89,6,49,34,0,19,1.21,YES
1,,3586,Al Woroud,Al Woroud district_10000148,Mixed.,Off-Plan,fabdelrahman,25-May,"February 9, 25","May 29, 25",0.29,0.19,0,0,0,0,7,127,64,5,18,41,63,1,55,7,109,7,31,71,0,2,1.21,YES
1,,3600,Al Woroud,Al Woroud district_10000154,Resid.,Off-Plan,fabdelrahman,25-Feb,"February 10, 25","February 11, 25",0.46,0.28,0,0,0,0,7,137,98,6,38,54,39,0,38,1,130,2,56,72,0,6,1.21,YES
1,,3821,Al Yasmeen,Al Yasmeen district_10000194,Mixed.,Closed,,25-Dec,"October 13, 24","October 22, 24",0.98,0.45,0,0,0,0,7,240,57,42,14,1,183,0,176,7,101,32,59,10,0,42,1.21,YES
1,,3344,Al Sahafah,Al Sahafah district_10000251,Com,Off-Plan,surveyor3,"  v-25","October 17, 24","March 18, 25",1.07,0.48,0,0,0,0,6,459,213,50,95,68,246,0,243,3,158,8,90,60,0,50,1.21,YES
1,,3162,Al Olaya,Al Olaya district_10000288,Mixed.,Closed,aalngedan,,"December 31, 24","December 31, 24",1.22,0.81,2,0,0,0,7,100,10,0,10,0,90,4,78,8,205,138,32,35,0,0,1.2,YES
1,,5657,Salahuddin,Salahuddin district_10000133,Mixed.,Off-Plan,surveyor3,25-Mar,"March 25, 25","March 26, 25",0.66,0.4,0,1,0,0,6,138,87,10,28,49,51,0,50,1,109,3,41,65,0,10,1.18,YES
1,,2941,Al Muhammadiyah,Al Muhammadiyah district_10000067,Resid.,Closed,surveyor5,25-Jan,"January 19, 25","January 20, 25",0.74,0.43,0,5,0,0,4,98,43,14,24,5,55,0,54,1,120,42,47,31,0,14,1.17,YES
1,,3281,Al Sahafah,Al Sahafah district_10000007,Com,Closed,,"  v-24","November13, 24","November13, 24",0.12,0.07,0,0,0,0,6,42,9,2,6,1,33,0,33,0,19,6,9,4,0,2,1.16,YES
1,,3287,Al Sahafah,Al Sahafah district_10000223,Com,Closed,,"  v-24","November13, 24","November13, 24",0.51,0.25,0,0,0,0,6,141,40,19,15,6,101,1,99,1,63,17,36,10,0,19,1.16,YES
1,,2905,Al Muhammadiyah,Al Muhammadiyah district_10000051,Resid.,Closed,surveyor11,25-Jan,"January 2, 25","January 19, 25",0.85,0.54,0,8,0,0,3,97,28,5,21,2,69,0,66,3,131,77,36,18,0,5,1.14,YES
1,,4062,Al Nakheel,Al-Nakheel_10000087,Mixed.,Closed,fabdelrahman,25-Jan,"December 30, 24","May 1, 25",0.79,0.49,1,0,0,0,7,165,49,7,39,3,116,0,114,2,115,53,50,12,0,7,1.13,YES
1,,2964,Al Murabba,Al Murabba district_10000407,Resid.,Off-Plan,ashuban,25-May,"May 29, 25","May 29, 25",0.91,0.6,0,0,0,0,7,126,84,44,40,0,42,0,32,10,160,108,11,41,0,-127,1.11,0
1,,3233,Al Rawdah,Al Rawdah district_53,Resid.,Off-Plan,fabdelrahman,25-Jun,"Jun 3, 25","Jun 3, 25",0.34,0.22,0,0,0,0,7,110,67,58,1,8,43,5,34,4,59,35,15,9,0,-47,1.11,YES
1,,3249,Al Rawdah,Al Rawdah district_61,Resid.,Open,,,,,0.26,0.17,0,0,0,0,7,47,0,0,0,0,47,2,41,4,46,26,11,9,0,-36,1.11,YES
1,,3256,Al Rawdah,Al Rawdah district_65,Resid.,Planned,fabdelrahman,25-Jun,,,0.48,0.32,0,0,0,0,7,31,0,0,0,0,31,2,25,4,81,55,11,15,0,-67,1.11,YES
1,,4430,Qurtubah,Qurtubah district_290,Resid.,Open,,,,,0.66,0.44,0,0,0,0,7,68,0,0,0,0,68,1,65,2,107,70,23,14,0,-93,1.11,YES
1,,4597,Al Olaya,RUH_Localizer mall,Mixed.,Closed,,,,,0.66,0.44,0,0,0,0,7,70,0,0,0,0,70,0,67,3,110,75,19,16,0,-93,1.11,0
1,,3215,Al Rawdah,Al Rawdah district_44,Resid.,Off-Plan,fabdelrahman,25-Jun,"June 4, 25","June 4, 25",0.31,0.21,0,0,0,0,7,26,45,42,3,5,26,0,23,3,50,30,11,9,0,0,1.11,YES
1,,5096,Ar Rabie,Ar Rabie district_10000298,Mixed.,Closed,aalbwardi,24-Dec,"October 21, 24","December 10, 24",0.68,0.33,1,0,0,0,6,396,91,26,40,25,305,2,300,3,102,1,66,35,0,26,1.1,YES
1,,5524,Al Raed,Hosni Care Hospital,Mixed.,Closed,surveyor3,25-Jan,"January 29, 25","January 29, 25",0.26,0.18,0,2,0,0,6,50,3,0,2,1,47,0,43,4,53,21,16,16,0,0,1.08,YES
1,,4824,Al Mursalat,Al Mursalat district_10000123,Resid.,Off-Plan,ashuban,,"March 5, 25","March 6, 25",0.7,0.36,0,0,0,0,6,125,44,23,20,1,81,1,69,11,106,34,46,26,0,-32,1.08,YES
1,,4462,Qurtubah,Qurtubah district_306,Resid.,Open,,,,,0.19,0.13,0,0,0,0,6,52,0,0,0,0,52,1,50,1,36,11,17,8,0,-27,1.08,YES
1,,5039,Al Taawun,Al Taawon district_55,Resid.,Off-Plan,ashuban,25-Apr,"April 22, 25","April 22, 25",1.36,0.62,0,0,0,0,6,209,120,60,60,0,89,1,81,7,220,64,125,31,0,60,1.08,0
1,,4819,Al Mursalat,Al Mursalat district_10000118,Resid.,Off-Plan,fabdelrahman,25-Mar,"March 25, 25","March 26, 25",0.99,0.56,0,0,0,0,6,255,124,22,41,61,131,1,125,5,166,7,70,89,0,22,1.08,YES
1,,3472,Al Sulaimaniyah,Al Sulaimaniyah district_10000327,Resid.,Off-Plan,fabdelrahman,25-Apr,"February 4, 25","May 15, 25",1.02,0.47,0,0,0,0,6,309,145,44,59,42,164,5,151,8,165,4,94,67,0,44,1.08,YES
1,,5114,Ar Rahmaniyah,Ar Rahmaniyah district_10000179,Resid.,Off-Plan,fabdelrahman,25-Apr,"October 10, 24","April 23, 25",0.94,0.46,0,0,0,0,6,311,77,34,43,0,234,0,213,21,121,36,50,35,0,34,1.08,0
1,,4477,Qurtubah,Qurtubah district_313,Resid.,Off-Plan,fabdelrahman,25-May,"May 3, 25","May 3, 25",0.39,0.22,0,0,0,0,6,133,32,6,26,0,101,1,96,4,66,19,34,13,0,7,1.08,0
1,,4810,Al Mursalat,Al Mursalat district_10000109,Mixed.,Off-Plan,surveyor3,25-Mar,"March 23, 25","March 24, 25",0.86,0.46,0,0,0,0,6,199,118,25,42,51,81,0,79,2,127,0,65,62,0,25,1.08,0
1,,5033,Al Taawun,Al Taawon district_49,Resid.,Off-Plan,,,"May 11, 25","May 11, 25",0.52,0.35,0,0,0,0,6,115,56,24,32,0,59,1,51,7,117,33,62,22,0,24,1.08,YES
1,,3178,Al Olaya,Al Olaya district_10000297,Mixed.,Closed,aalngedan,,"January 2, 25","April 19, 25",0.54,0.36,0,0,0,0,7,75,4,0,4,0,71,10,52,9,97,51,22,24,0,0,1.06,YES
1,,5135,Ar Rahmaniyah,Ar Rahmaniyah district_10000200,Mixed.,Closed,abinsaedan,25-Dec,"December 30, 24","December 31, 24",1.15,0.61,0,0,0,0,7,222,39,33,6,0,183,0,178,5,141,73,54,14,0,33,1.06,0
1,,2620,Al Malaz,Al Malaz district_10000531,Mixed.,Closed,fabdelrahman,25-Jan,"January 26, 25","January 27, 25",1.38,0.89,0,0,0,0,7,143,30,7,17,6,113,1,106,6,218,138,48,32,0,7,1.06,0
1,,4083,Al Nakheel,Al-Nakheel_10000098,Resid.,Off-Plan,fabdelrahman,25-May,"January 20, 25","May 25, 25",0.49,0.3,0,0,0,0,7,75,21,4,15,2,54,0,49,5,76,35,25,16,0,7,1.06,0
1,,4300,King Saud University,city Riyadh King Saud University district_1352,Mixed.,Closed,surveyor13,25-Feb,"February 17, 25","February 17, 25",0.58,0.39,0,0,0,0,7,85,29,0,9,20,56,0,52,4,121,57,24,40,0,0,1.06,0
1,,4943,Al Nuzha,Al Nuzha district_87,Mixed.,Closed,ashuban,25-Mar,"March 4, 25","March 4, 25",0.45,0.23,0,0,0,0,6,73,38,14,14,10,35,3,28,4,80,20,35,25,0,14,1.03,0
1,,4356,King Fahd,King Fahd district_10000075,Mixed.,Closed,ashuban,25-Feb,"January 2, 25","May 11, 25",0.99,0.48,0,0,0,0,6,191,123,38,36,49,68,2,56,10,189,15,81,93,0,38,1.03,YES
1,,5234,Al Raed,city Riyadh Al Raed district_1340,Resid.,Closed,fabdelrahman,25-Jan,"January 29, 25","January 29, 25",0.24,0.15,0,0,0,0,6,61,10,1,8,1,51,0,49,2,44,12,19,12,1,1,1.03,0
1,,4731,Al Ghadir,Al Ghadeer district_10000328,Resid.,Closed,surveyor11,25-Feb,"January 6, 25","February 5, 25",0.49,0.3,0,0,0,0,6,64,28,6,21,1,36,0,33,3,81,26,37,18,0,6,1.03,YES
1,,3423,Al Sulaimaniyah,Al Sulaimaniyah district_10000303,Resid.,Closed,surveyor3,25-Feb,"February 4, 25","February 5, 25",0.36,0.2,0,0,0,0,6,135,72,9,25,38,63,0,56,7,107,1,38,68,0,9,1.03,YES
1,,6760,Al Narjis,Al Narjas district_40,Resid.,Closed,,25-Dec,"December 22, 24","December 22, 24",0.22,0.11,0,0,0,0,6,74,11,8,1,2,63,1,62,0,28,8,16,4,0,8,1.03,0
1,,3360,Al Sahafah,Al Sahafah district_10000259,Resid.,Closed,,"  v-24","November20, 24","November25, 24",0.49,0.23,0,0,0,0,6,151,57,20,23,14,94,0,93,1,65,6,42,17,0,20,1.03,YES
1,,3381,Al Sahafah,Al Sahafah district_10000269,Mixed.,Closed,,"  v-24","November19, 24","November20, 24",0.24,0.12,0,0,0,0,6,95,38,7,14,17,57,1,49,7,48,0,22,26,0,7,1.03,YES
1,,3786,Al Yasmeen,Al Yasmeen district_10000176,Resid.,Closed,,25-Dec,"October 20, 24","October 28, 24",0.88,0.37,0,0,0,0,6,229,45,45,0,0,184,1,177,6,83,29,48,6,0,45,1.03,0
1,,5094,Ar Rabie,Ar Rabie district_10000296,Resid.,Closed,,25-Dec,"December 5, 24","December 5, 24",0.34,0.21,0,0,0,0,6,157,22,4,13,5,135,1,132,2,57,19,25,13,0,4,1.03,YES
1,,2593,Al Malaz,Al Malaz district_10000516,Com,Off-Plan,fabdelrahman,25-Apr,"January 22, 25","April 10, 25",0.41,0.25,0,0,0,0,5,102,63,5,29,29,39,2,34,3,75,4,25,46,0,5,1.03,YES
1,,3452,Al Sulaimaniyah,Al Sulaimaniyah district_10000317,Com,Closed,surveyor13,25-Feb,"February 3, 25","May 12, 25",0.65,0.43,0,0,0,0,6,102,23,1,19,3,79,3,65,11,117,50,39,28,0,1,1.01,YES
1,,3446,Al Sulaimaniyah,Al Sulaimaniyah district_10000314,Com,Closed,,25-Jan,"January 29, 25","February 11, 25",1.25,0.79,0,0,0,0,6,79,29,9,18,2,50,0,49,1,187,122,44,21,0,9,1.01,YES
1,,4945,Al Nuzha,Al Nuzha district_89,Resid.,Off-Plan,ashuban,25-Apr,"March 6, 25","April 17, 25",0.61,0.28,0,1,0,0,5,159,85,28,38,19,74,1,69,4,100,1,67,32,0,28,1,0
1,,4179,Hiteen,Boulevard World,Mixed.,Closed,fabdelrahman,,"February 8, 25","February 8, 25",0.8,0.53,2,1,0,0,5,73,1,0,0,1,72,2,59,11,125,102,12,11,0,-112,0.99,0
1,,4115,Al Nakheel,Al-Nakheel_10000115,Resid.,Closed,surveyor11,25-Jan,"January 21, 25","January 21, 25",0.16,0.09,0,5,0,0,3,47,10,3,7,0,37,1,32,4,31,8,12,11,0,3,0.99,YES
1,,4608,Al Hada,RUH_VIA Riyadh mall,Com,Open,,,,,0.64,0.38,1,6,0,0,1,108,28,11,17,0,80,2,77,1,87,38,41,8,0,-51,0.98,YES
1,,3864,Al Yasmeen,Al Yasmeen district_10000215,Com,Closed,faljulajil,25-Dec,"November11, 24","March 18, 25",0.58,0.27,0,0,0,0,5,199,92,25,47,20,107,0,106,1,75,0,56,19,0,25,0.98,YES
1,,3583,Al Woroud,Al Woroud district_10000011,Com,Off-Plan,fabdelrahman,25-May,"February 5, 25","May 28, 25",0.11,0.06,0,0,0,0,5,38,8,3,3,2,30,0,29,1,19,2,10,7,0,2,0.98,0
1,,6342,Al Khalidiyah,Al Khalideyeh district_10000473,Resid.,Open,,,,,0.79,0.52,0,0,0,0,6,51,0,0,0,0,51,2,31,18,132,87,9,36,0,-110,0.93,0
1,,3239,Al Rawdah,Al Rawdah district_56,Resid.,Off-Plan,fabdelrahman,25-Jun,"Jun 3, 25","Jun 3, 25",0.4,0.27,0,0,0,0,6,72,21,14,2,5,51,2,43,6,69,41,14,14,0,-56,0.93,YES
1,,3258,Al Rawdah,Al Rawdah district_66,Resid.,In progress,ashuban,25-Jun,"Jun 11, 25",,0.46,0.3,0,0,0,0,6,40,0,0,0,0,40,2,32,6,74,50,12,12,0,-64,0.93,YES
1,,3260,Al Rawdah,Al Rawdah district_67,Resid.,In progress,ashuban,25-Jun,"Jun 11, 25",,0.69,0.46,0,0,0,0,6,64,0,0,0,0,64,2,52,10,106,69,21,16,0,-96,0.93,YES
1,,5418,Al Sharafiyah,city Riyadh Al Sharafiyah district_1255,Mixed.,Off-Plan,fabdelrahman,25-May,"May 31, 25","May 31, 25",0.29,0.2,0,0,0,0,6,76,57,47,10,0,19,0,17,2,45,29,10,6,0,-41,0.93,0
1,,4427,Qurtubah,Qurtubah district_289,Resid.,Open,,,,,0.38,0.25,0,0,0,0,6,56,0,0,0,0,56,0,51,5,65,38,15,12,0,0,0.93,YES
1,,4432,Qurtubah,Qurtubah district_291,Resid.,Open,,,,,0.38,0.25,0,0,0,0,6,30,0,0,0,0,30,0,26,4,73,39,11,23,0,0,0.93,YES
1,,3083,Al Olaya,Al Olaya district_10000250,Com,Off-Plan,fabdelrahman,25-Apr,,,0.16,0.1,1,0,0,0,4,46,0,0,0,0,46,4,34,8,32,10,13,9,0,0,0.92,0
1,,3729,Al Yasmeen,Al Yasmeen district_10000146,Com,Off-Plan,surveyor13,24-Oct,"October 13, 24","April 25, 25",0.34,0.16,0,6,0,0,1,131,26,14,4,8,105,2,97,6,47,7,26,14,0,14,0.91,YES
1,,2764,Al Malqa,Al Malqa district_10000067,Mixed.,Closed,surveyor11,,"January 13, 25","January 24, 25",0.44,0.29,0,2,0,0,5,86,2,0,2,0,84,8,72,4,76,33,30,13,0,0,0.9,0
1,,3209,Al Rawdah,Al Rawdah district_41,Resid.,Off-Plan,fabdelrahman,25-Jun,"June 3, 25","June 3, 25",0.1,0.07,0,0,0,0,5,45,3,2,0,1,42,1,38,3,19,6,7,6,0,-14,0.9,0
1,,4426,Al Olaya,Olaya area ter_5,Mixed.,Off-Plan,ashuban,25-Apr,"April 7, 25","April 7, 25",0.41,0.18,0,0,0,0,5,89,53,19,10,24,36,4,30,2,68,4,34,30,0,19,0.9,YES
1,,3333,Al Sahafah,Al Sahafah district_10000246,Mixed.,Off-Plan,fabdelrahman,25-Mar,"November19, 24","March 18, 25",0.93,0.38,0,0,0,0,5,367,176,51,89,36,191,0,191,0,126,3,88,35,0,51,0.9,YES
1,,4529,Qurtubah,Qurtubah district_343,Resid.,Off-Plan,fabdelrahman,25-May,"May 1, 25","May 1, 25",0.94,0.36,0,0,0,0,5,163,87,57,30,0,76,1,71,4,148,34,97,17,0,57,0.9,YES
1,,4934,Al Nuzha,Al Nuzha district_78,Resid.,Off-Plan,,,"May 6, 25","May 6, 25",0.5,0.33,0,0,0,0,5,91,54,18,36,0,37,1,33,3,98,29,57,12,0,18,0.9,YES
1,,5032,Al Taawun,Al Taawon district_48,Resid.,Off-Plan,,,"May 8, 25","May 11, 25",0.36,0.24,0,0,0,0,5,81,30,8,22,0,51,0,48,3,69,21,34,14,0,8,0.9,YES
1,,3176,Al Olaya,Al Olaya district_10000296,Mixed.,Closed,aalngedan,,"January 6, 25","January 6, 25",0.38,0.25,0,0,0,0,6,51,2,0,1,1,49,5,43,1,59,37,17,5,0,0,0.88,YES
1,,3180,Al Olaya,Al Olaya district_10000299,Resid.,Closed,aalngedan,,"January 6, 25","April 19, 25",0.79,0.53,0,0,0,0,6,76,4,0,3,1,72,4,43,25,145,91,21,33,0,0,0.88,0
1,,2596,Al Malaz,Al Malaz district_10000517,Mixed.,Closed,ashuban,25-Jan,"January 27, 25","January 27, 25",0.47,0.29,0,0,0,0,6,58,21,6,8,7,37,0,32,5,75,36,20,19,0,6,0.88,YES
1,,2622,Al Malaz,Al Malaz district_10000532,Mixed.,Closed,fabdelrahman,25-Jan,"January 22, 25","January 28, 25",1.32,0.82,0,0,0,0,6,194,54,13,33,8,140,1,128,11,220,101,69,50,0,13,0.88,YES
1,,3820,Al Yasmeen,Al Yasmeen district_10000193,Mixed.,Closed,,25-Dec,"October 13, 24","October 20, 24",0.56,0.24,0,2,0,0,4,130,37,29,1,7,93,0,86,7,63,19,31,13,0,29,0.87,0
1,,4914,Al Nafel,Al Nafel district_10000359,Resid.,Closed,aalosaimi,25-Dec,"December 12, 24","March 23, 25",0.46,0.22,0,0,0,0,5,223,98,17,52,29,125,0,123,2,76,0,39,37,0,17,0.85,YES
1,,4489,Qurtubah,Qurtubah district_321,Resid.,Closed,aalosaimi,25-Mar,"January 10, 25","March 11, 25",0.22,0.14,0,0,0,0,5,63,15,2,13,0,48,0,47,1,34,12,18,4,0,2,0.85,0
1,,4371,King Fahd,King Fahd district_10000086,Mixed.,Closed,abinsaedan,25-Feb,"February 20, 25","February 26, 25",0.97,0.42,0,0,0,0,5,228,147,47,30,70,81,1,78,2,176,1,86,89,0,47,0.85,YES
1,,4733,Al Ghadir,Al Ghadeer district_10000330,Resid.,Closed,ashuban,25-Feb,"January 16, 25","May 7, 25",0.24,0.16,0,0,0,0,5,52,16,0,4,12,36,0,32,4,45,8,11,26,0,0,0.85,0
1,,3922,Al Aqeeq,Al-Aqeek_10000024,Mixed.,Closed,ashuban,25-Jan,"January 5, 25","January 16, 25",1.38,0.7,0,0,0,0,5,318,103,45,41,17,215,0,202,13,193,46,99,48,0,45,0.85,0
1,,3508,Al Sulaimaniyah,Al Sulaimaniyah district_10000344,Resid.,Closed,fabdelrahman,25-Jan,"January 30, 25","January 30, 25",0.36,0.23,0,0,0,0,5,58,27,3,17,7,31,0,29,2,65,18,29,18,0,3,0.85,YES
1,,3510,Al Sulaimaniyah,Al Sulaimaniyah district_10000345,Mixed.,Closed,fabdelrahman,25-Jan,"January 30, 25","February 2, 25",0.59,0.32,0,0,0,0,5,71,41,16,17,8,30,0,28,2,94,27,40,27,0,16,0.85,YES
1,,3898,Al Aqeeq,Al-Aqeek_10000012,Resid.,Closed,fabdelrahman,25-Jan,"December 29, 24","January 16, 25",0.39,0.2,0,0,0,0,5,149,37,12,19,6,112,1,99,12,61,13,24,24,0,12,0.85,YES
1,,5522,Ghirnatah,Ghornata district_167,Resid.,Closed,fabdelrahman,25-Feb,"February 5, 25","February 6, 25",0.51,0.28,0,0,0,0,5,77,45,14,19,12,32,1,29,2,80,16,42,22,0,14,0.85,YES
1,,4501,Qurtubah,Qurtubah district_328,Resid.,Closed,fabdelrahman,25-Feb,"February 27, 25","February 27, 25",0.31,0.16,0,0,0,0,5,99,36,9,16,11,63,1,60,2,59,2,33,24,0,9,0.85,YES
1,,6802,Al Narjis,Al Narjas district_81,Resid.,Closed,surveyor1,25-Jan,"December 22, 24","January 15, 25",0.19,0.11,0,0,0,0,5,61,18,3,15,0,43,0,43,0,23,3,20,0,0,3,0.85,YES
1,,2648,Al Malaz,Al Malaz district_10000545,Mixed.,Closed,surveyor11,25-Jan,"January 22, 25","January 22, 25",0.34,0.19,0,0,0,0,5,58,20,7,13,0,38,1,32,5,47,12,27,8,0,7,0.85,YES
1,,3465,Al Sulaimaniyah,Al Sulaimaniyah district_10000324,Resid.,Closed,surveyor2,25-Feb,"February 2, 25","February 3, 25",0.51,0.26,0,0,0,0,5,118,67,18,29,20,51,0,50,1,90,2,52,36,0,18,0.85,YES
1,,4369,King Fahd,King Fahd district_10000085,Mixed.,Closed,surveyor4,25-Feb,"February 19, 25","February 25, 25",0.96,0.39,0,0,0,0,5,175,110,52,23,35,65,0,62,3,139,1,81,57,0,52,0.85,YES
1,,3399,Al Sahafah,Al Sahafah district_10000278,Mixed.,Closed,surveyor5,"  v-24","November24, 24","May 4, 25",0.26,0.15,0,0,0,0,5,83,35,4,17,14,48,0,48,0,51,12,21,18,0,4,0.85,YES
1,,3373,Al Sahafah,Al Sahafah district_10000265,Mixed.,Closed,,"  v-24","November14, 24","January 14, 25",0.36,0.18,0,0,0,0,5,95,37,12,17,8,58,0,55,3,53,9,29,15,0,12,0.85,YES
1,,2591,Al Malaz,Al Malaz district_10000514,Com,Off-Plan,fabdelrahman,25-Apr,"January 23, 25","April 10, 25",0.28,0.17,0,0,0,0,4,80,50,4,27,19,30,0,29,1,58,2,19,37,0,4,0.85,YES
1,,3279,Al Sahafah,Al Sahafah district_10000006,Com,Off-Plan,fabdelrahman,25-Mar,"November24, 24","March 18, 25",0.24,0.11,0,0,0,0,4,105,55,10,34,11,50,0,50,0,35,0,25,10,0,10,0.85,YES
1,,3014,Al Olaya,Al Olaya district_10000024,Com,Closed,aalngedan,,"December 25, 24","December 25, 24",0.29,0.19,0,0,0,0,5,23,1,0,1,0,22,2,19,1,45,34,7,4,0,0,0.83,0
1,,2607,Al Malaz,Al Malaz district_10000524,Com,Closed,Auditedor1,25-Jan,"January 28, 25","February 12, 25",1.84,0.98,0,0,0,0,5,175,96,51,37,8,79,0,72,7,233,102,97,34,0,51,0.83,YES
1,,2972,Al Murabba,Al Murabba district_10000412,Mixed.,Off-Plan,ashuban,25-May,"January 6, 25","May 29, 25",0.71,0.48,1,0,0,0,5,108,46,12,33,1,62,2,55,5,115,80,18,17,0,-98,0.82,0
1,,2995,Al Murabba,Al Murabba district_10000424,Mixed.,Open,,,,,0.41,0.27,1,0,0,0,5,38,0,0,0,0,38,1,29,8,72,45,10,17,0,-57,0.82,0
1,,4716,Al Ghadir,Al Ghadeer district_10000313,Mixed.,Off-Plan,surveyor3,25-Apr,"January 6, 25","May 4, 25",0.66,0.34,0,1,0,0,4,174,117,21,53,43,57,0,55,2,103,4,42,57,0,21,0.82,0
1,,3648,Al Yasmeen,Al Yasmeen district_10000013,Com,Closed,aalngedan,,"November10, 24","November10, 24",0.47,0.2,0,0,0,0,4,153,56,23,16,17,97,0,96,1,60,3,40,17,0,23,0.8,YES
1,,3589,Al Woroud,Al Woroud district_10000150,Com,Off-Plan,fabdelrahman,25-May,"February 9, 25","May 29, 25",0.44,0.27,0,0,0,0,4,88,58,10,24,24,30,0,27,3,99,22,31,46,0,5,0.8,YES
1,,2937,Al Muhammadiyah,Al Muhammadiyah district_10000066,Com,Closed,surveyor10,25-Jan,"October 10, 24","May 6, 25",0.63,0.38,0,5,0,0,2,90,17,8,9,0,73,1,64,8,95,53,26,16,0,8,0.79,YES
1,,3526,Al Sulaimaniyah,Al Sulaimaniyah district_10000353,Com,Closed,surveyor11,25-Feb,"February 4, 25","February 4, 25",0.54,0.35,2,0,0,0,4,70,2,2,0,0,68,1,55,12,94,56,18,20,0,2,0.79,0
1,,4097,Al Nakheel,Al-Nakheel_10000106,Resid.,Closed,surveyor10,25-Jan,"January 20, 25","January 21, 25",0.24,0.14,0,1,0,0,4,88,35,3,19,13,53,0,53,0,61,2,28,31,0,3,0.77,YES
1,,3870,Al Yasmeen,Al Yasmeen district_10000218,Resid.,Closed,,25-Dec,"October 23, 24","October 24, 24",0.54,0.23,0,1,0,0,4,161,31,28,2,1,130,2,120,8,50,9,35,6,0,28,0.77,0
1,,4734,Al Ghadir,Al Ghadeer district_10000331,Mixed.,Off-Plan,surveyor3,25-Apr,"February 5, 25","April 8, 25",0.81,0.46,0,4,0,0,2,203,136,17,67,52,67,1,60,6,126,4,49,73,0,17,0.76,YES
1,,3143,Al Olaya,Al Olaya district_10000278,Com,Closed,aalngedan,,,,0.24,0.16,0,1,0,0,4,14,0,0,0,0,14,0,14,0,38,25,8,5,0,0,0.75,0
1,,3481,Al Sulaimaniyah,Al Sulaimaniyah district_10000331,Com,Closed,Auditedor1,25-Feb,"February 2, 25","February 2, 25",0.5,0.3,0,1,0,0,4,50,13,6,7,0,37,0,35,2,71,42,20,9,0,6,0.75,YES
1,,4706,Al Falah,Al Falah district_29,Resid.,Off-Plan,aalosaimi,25-May,"May 26, 25","May 26, 25",0.34,0.22,0,0,0,0,5,64,30,13,17,0,34,1,30,3,64,39,8,17,0,-47,0.75,YES
1,,6318,Al Khalidiyah,Al Khalideyeh district_10000449,Resid.,Open,,,,,0.18,0.12,0,0,0,0,5,29,0,0,0,0,29,3,21,5,35,14,9,12,0,-25,0.75,0
1,,2966,Al Murabba,Al Murabba district_10000408,Mixed.,Off-Plan,ashuban,25-May,"May 29, 25","May 29, 25",1.08,0.72,0,0,0,0,5,120,83,32,51,0,37,1,32,4,175,132,16,27,0,-151,0.75,0
1,,2981,Al Murabba,Al Murabba district_10000417,Resid.,Open,,,,,0.68,0.45,0,0,0,0,5,35,0,0,0,0,35,1,25,9,112,80,8,24,0,-95,0.75,0
1,,2983,Al Murabba,Al Murabba district_10000418,Resid.,Open,,,,,0.6,0.4,0,0,0,0,5,27,0,0,0,0,27,0,25,2,91,73,10,8,0,-84,0.75,0
1,,3229,Al Rawdah,Al Rawdah district_51,Resid.,Off-Plan,fabdelrahman,25-Jun,"June 3, 25","June 3, 25",0.27,0.18,0,0,0,0,5,53,31,26,1,4,22,0,21,1,44,29,9,6,0,-38,0.75,0
1,,3546,Al Wizarat,Al Wizarat district_10000587,Resid.,Off-Plan,fabdelrahman,25-Jun,"June 1, 25","June 1, 25",0.56,0.37,0,0,0,0,5,84,59,51,8,0,25,0,16,9,102,65,6,31,0,-78,0.75,YES
1,,3211,Al Rawdah,Al Rawdah district_42,Resid.,Off-Plan,fabdelrahman,25-Jun,"June 4, 25","June 4, 25",0.27,0.18,0,0,0,0,5,36,33,26,4,3,36,2,29,5,43,26,10,7,0,0,0.75,0
1,,3266,Al Rawdah,Al Rawdah district_70,Resid.,In progress,ashuban,25-Jun,"Jun 4, 25",,0.46,0.31,0,0,0,0,5,35,0,0,0,0,35,2,29,4,74,47,16,11,0,0,0.75,YES
1,,4912,Al Nafel,Al Nafel district_10000357,Mixed.,Closed,,24-Dec,"December 21, 24","December 21, 24",0.11,0.07,1,0,0,0,4,95,37,1,15,21,58,1,52,5,40,0,15,25,0,1,0.74,0
1,,2735,Al Malqa,Al Malqa district_10000054,Resid.,Off-Plan,aalosaimi,25-Mar,"January 2, 25","March 27, 25",0.48,0.25,0,2,0,0,3,133,65,14,33,18,68,14,50,4,76,4,45,27,0,14,0.74,YES
1,,3475,Al Sulaimaniyah,Al Sulaimaniyah district_10000328,Mixed.,Closed,Auditedor1,25-Jan,"January 29, 25","May 14, 25",0.79,0.43,0,2,0,0,4,94,36,20,14,2,58,0,52,6,106,46,40,20,0,20,0.72,0
1,,2762,Al Malqa,Al Malqa district_10000065,Resid.,Closed,surveyor11,,"December 2, 24","January 5, 25",0.41,0.27,0,2,0,0,4,65,2,0,1,1,63,2,55,6,73,39,16,18,0,0,0.72,YES
1,,3636,Al Woroud,Al Woroud district_10000173,Com,Off-Plan,fabdelrahman,25-Feb,"February 9, 25","May 29, 25",0.36,0.19,0,1,0,0,3,117,60,14,14,32,57,0,52,5,102,1,36,65,0,11,0.72,YES
1,,4702,Al Falah,Al Falah district_25,Resid.,Off-Plan,ashuban,25-May,"May 1, 25","May 1, 25",0.44,0.23,0,0,0,0,4,72,42,13,29,0,30,1,28,1,75,19,43,13,0,13,0.72,YES
1,,4827,Al Mursalat,Al Mursalat district_10000126,Mixed.,Off-Plan,ashuban,25-Apr,"April 24, 25","April 26, 25",0.59,0.28,0,0,0,0,4,91,48,25,23,0,43,0,40,3,94,37,44,13,0,25,0.72,0
1,,3084,Al Olaya,Al Olaya district_10000251,Mixed.,Off-Plan,ashuban,25-Apr,"January 1, 25","April 14, 25",1.65,0.7,0,0,0,0,4,317,205,83,57,65,112,3,106,3,264,32,135,97,0,83,0.72,YES
1,,5027,Al Taawun,Al Taawon district_43,Mixed.,Off-Plan,ashuban,25-Apr,"April 22, 25","April 23, 25",0.99,0.44,0,0,0,0,4,127,76,47,29,0,51,1,46,4,153,53,82,18,0,47,0.72,YES
1,,4467,Qurtubah,Qurtubah district_308,Resid.,Off-Plan,fabdelrahman,25-May,"May 3, 25","May 4, 25",0.78,0.3,0,0,0,0,4,151,73,45,28,0,78,0,73,5,121,30,79,11,1,45,0.72,0
1,,4719,Al Ghadir,Al Ghadeer district_10000316,Mixed.,Off-Plan,surveyor3,25-Apr,"January 6, 25","May 6, 25",0.55,0.3,0,0,0,0,4,144,73,15,24,34,71,1,65,5,90,6,37,47,0,15,0.72,YES
1,,4399,King Fahd,King Fahd district_10000100,Resid.,Closed,fabdelrahman,25-Feb,"February 19, 25","February 24, 25",0.13,0.09,0,0,0,0,5,25,9,0,2,7,16,0,16,0,29,10,8,11,0,0,0.71,0
1,,3022,Al Olaya,Al Olaya district_10000221,Mixed.,Closed,aalngedan,,,,0.44,0.29,0,0,0,0,5,33,0,0,0,0,33,2,28,3,72,49,9,14,0,0,0.7,0
1,,3068,Al Olaya,Al Olaya district_10000243,Mixed.,Closed,aalngedan,,,,0.69,0.46,0,0,0,0,5,58,0,0,0,0,58,2,46,10,118,72,19,27,0,0,0.7,0
1,,3138,Al Olaya,Al Olaya district_10000276,Resid.,Closed,aalngedan,,,,0.28,0.19,0,0,0,0,5,31,0,0,0,0,31,0,23,8,46,25,7,14,0,0,0.7,YES
1,,4930,Al Nuzha,Al Nuzha district_74,Mixed.,Open,,,,,0.53,0.35,0,1,0,0,4,36,0,0,0,0,36,0,36,0,90,64,10,16,0,-74,0.67,YES
1,,5666,Salahuddin,Salahuddin district_10000142,Resid.,Open,,,,,0.26,0.18,0,1,0,0,4,28,0,0,0,0,28,0,24,4,53,24,11,18,0,-37,0.67,0
1,,3794,Al Yasmeen,Al Yasmeen district_10000180,Resid.,Closed,aalngedan,25-Dec,"November6, 24","November10, 24",0.46,0.2,0,0,0,0,4,147,39,21,18,0,108,1,103,4,48,1,42,5,0,21,0.67,YES
1,,3439,Al Sulaimaniyah,Al Sulaimaniyah district_10000311,Resid.,Closed,abinsaedan,25-Jan,"January 29, 25","January 29, 25",0.34,0.22,0,0,0,0,4,53,16,2,12,2,37,0,31,6,60,22,22,16,0,2,0.67,YES
1,,3492,Al Sulaimaniyah,Al Sulaimaniyah district_10000336,Mixed.,Closed,ashuban,25-Mar,"January 23, 25","March 26, 25",1.08,0.52,0,0,0,0,4,196,104,42,43,19,92,9,78,5,174,36,94,44,0,42,0.67,YES
1,,3905,Al Aqeeq,Al-Aqeek_10000016,Resid.,Closed,ashuban,25-Jan,"January 15, 25","January 16, 25",0.12,0.08,0,0,0,0,4,75,24,1,11,12,51,0,47,4,38,2,14,22,0,1,0.67,0
1,,5519,Ghirnatah,Ghornata district_164,Mixed.,Closed,ashuban,25-Feb,"February 6, 25","February 6, 25",0.66,0.34,0,0,0,0,4,61,35,21,14,0,26,2,21,3,85,28,43,14,0,21,0.67,YES
1,,3512,Al Sulaimaniyah,Al Sulaimaniyah district_10000346,Resid.,Closed,fabdelrahman,25-Feb,"February 2, 25","February 3, 25",0.78,0.41,0,0,0,0,4,99,62,22,23,17,37,3,29,5,127,32,54,41,0,22,0.67,YES
1,,3890,Al Aqeeq,Al-Aqeek_10000008,Resid.,Closed,fabdelrahman,25-Jan,"December 29, 24","January 13, 25",0.39,0.22,0,0,0,0,4,107,38,9,17,12,69,2,62,5,68,18,28,22,0,9,0.67,0
1,,3934,Al Aqeeq,Al-Aqeek_10000030,Resid.,Closed,fabdelrahman,25-Jan,"January 8, 25","January 16, 25",0.52,0.27,0,0,0,0,4,167,53,16,28,9,114,0,104,10,81,18,37,26,0,16,0.67,0
1,,4393,King Fahd,King Fahd district_10000097,Mixed.,Closed,fabdelrahman,25-Feb,"February 19, 25","February 25, 25",0.65,0.31,0,0,0,0,4,118,83,25,28,30,35,0,31,4,120,1,63,56,0,25,0.67,YES
1,,3927,Al Aqeeq,Al-Aqeek_10000027,Mixed.,Closed,surveyor10,25-Jan,"January 20, 25","January 20, 25",0.3,0.15,0,0,0,0,4,117,45,10,12,23,72,0,71,1,63,2,30,31,0,10,0.67,0
1,,5509,Ghirnatah,Ghornata district_154,Resid.,Closed,surveyor13,25-Feb,"February 5, 25","February 9, 25",0.66,0.39,0,0,0,0,4,105,71,11,34,26,34,0,27,7,118,23,53,42,0,11,0.67,YES
1,,4373,King Fahd,King Fahd district_10000087,Mixed.,Closed,surveyor3,25-Feb,"February 19, 25","February 25, 25",0.81,0.4,0,0,0,0,4,185,136,30,41,65,49,0,47,2,163,3,79,81,0,30,0.67,YES
1,,4368,King Fahd,King Fahd district_10000084,Mixed.,Closed,surveyor4,25-Feb,"January 8, 25","February 25, 25",0.71,0.31,0,0,0,0,4,137,93,34,20,39,44,0,36,8,131,2,61,68,0,34,0.67,YES
1,,3456,Al Sulaimaniyah,Al Sulaimaniyah district_10000319,Resid.,Closed,surveyor5,25-Feb,"February 4, 25","February 4, 25",0.43,0.21,0,0,0,0,4,96,61,16,20,25,35,0,34,1,86,0,43,43,0,16,0.67,YES
1,,5080,Ar Rabie,Ar Rabie district_10000282,Mixed.,Closed,,25-Dec,"December 3, 24","December 4, 24",0.22,0.12,0,0,0,0,4,101,31,5,19,7,70,0,69,1,39,3,23,13,0,5,0.67,YES
1,,3846,Al Yasmeen,Al Yasmeen district_10000207,Com,Off-Plan,aalosaimi,25-Mar,"October 13, 24","March 18, 25",0.74,0.32,0,0,0,0,3,261,128,36,51,41,133,0,128,5,100,15,45,40,0,36,0.67,YES
1,,5118,Ar Rahmaniyah,Ar Rahmaniyah district_10000183,Com,Off-Plan,fabdelrahman,25-Apr,"April 28, 25","April 29, 25",0.59,0.31,0,0,0,0,3,93,35,18,17,0,58,0,51,7,95,38,43,14,0,18,0.67,0
1,,5658,Salahuddin,Salahuddin district_10000134,Com,Off-Plan,surveyor3,25-Mar,"March 26, 25","May 1, 25",0.3,0.18,0,0,0,0,3,65,41,5,17,19,24,1,23,0,48,2,20,26,0,5,0.67,YES
1,,3102,Al Olaya,Al Olaya district_10000258,Mixed.,Closed,aalngedan,,"December 31, 24","December 31, 24",3.43,2.29,2,0,0,0,4,150,8,0,6,2,142,22,102,18,528,414,64,50,0,0,0.66,YES
1,,2589,Al Malaz,Al Malaz district_10000513,Com,Closed,surveyor1,25-Jan,"January 22, 25","January 22, 25",0.36,0.24,0,0,0,0,4,49,20,1,11,8,29,0,23,6,78,29,20,29,0,1,0.65,YES
1,,2602,Al Malaz,Al Malaz district_10000521,Com,Closed,surveyor2,25-Jan,"January 22, 25","January 26, 25",1.54,0.89,0,0,0,0,4,114,56,29,22,5,58,0,46,12,218,125,55,38,0,29,0.65,YES
1,,4704,Al Falah,Al Falah district_27,Resid.,Off-Plan,aalosaimi,25-May,"May 27, 25","May 28, 25",0.64,0.43,1,0,0,0,4,68,40,13,27,0,28,1,25,2,110,82,9,19,0,-90,0.64,YES
1,,4185,Al Hada,city Riyadh Al Hada district_1121,Resid.,Open,,,,,0.38,0.25,1,0,0,0,4,39,0,0,0,0,39,0,36,3,68,39,12,17,0,-53,0.64,0
1,,4336,Imam Muhammad Bin Saud Islamic University,Imam Muhammed Bin Saud Islamic University district_14,Indust.,Open,,,,,0.77,0.51,1,0,0,0,4,42,0,0,0,0,42,0,41,1,113,96,12,5,0,-108,0.64,0
1,,2714,Al Malqa,Al Malqa district_10000044,Mixed.,Off-Plan,surveyor3,25-Mar,"March 27, 25","March 27, 25",0.24,0.11,0,1,0,0,3,76,32,10,13,9,44,5,39,0,34,1,23,10,0,10,0.64,YES
1,,3384,Al Sahafah,Al Sahafah district_10000271,Resid.,Closed,surveyor5,"  v-24","November24, 24","January 5, 25",0.44,0.23,2,0,0,0,3,139,50,13,27,10,89,1,84,4,71,5,42,24,0,13,0.63,YES
1,,2783,Al Malqa,Al Malqa district_10000077,Mixed.,Closed,aalngedan,,,,0.4,0.27,0,1,0,0,4,66,0,0,0,0,66,5,61,0,58,35,21,2,0,0,0.62,YES
1,,3689,Al Yasmeen,Al Yasmeen district_10000126,Com,Closed,aalbwardi,"  v-24","November5, 24","November12, 24",0.31,0.16,0,0,0,0,3,92,28,10,14,4,64,0,64,0,38,7,26,5,0,10,0.62,YES
1,,4111,Al Nakheel,Al-Nakheel_10000113,Resid.,Closed,ashuban,25-Jan,"January 21, 25","January 21, 25",0.08,0.05,0,3,0,0,2,42,10,1,4,5,32,0,30,2,23,1,10,12,0,1,0.61,0
1,,3569,Al Wizarat,Al Wizarat district_10000599,Mixed.,Off-Plan,fabdelrahman,25-Apr,"April 8, 25","April 8, 25",0.72,0.35,1,0,0,0,3,113,83,28,35,20,30,0,27,3,108,16,60,32,0,28,0.61,0
1,,4514,Qurtubah,Qurtubah district_335,Com,Open,,,,,0.89,0.59,1,0,0,0,3,55,2,1,1,0,53,1,50,2,134,105,21,8,0,-122,0.59,YES
1,,4092,Al Nakheel,Al-Nakheel_10000103,Resid.,Closed,salsiqami,25-Jan,"January 27, 25","May 7, 25",0.16,0.1,0,1,0,0,3,42,8,1,7,0,34,2,28,4,30,7,15,8,0,1,0.59,YES
1,,4014,Al Nakheel,Al-Nakheel_10000063,Mixed.,Closed,surveyor1,25-Jan,"January 21, 25","January 22, 25",0.34,0.22,0,1,0,0,3,64,24,1,18,5,40,0,37,3,61,17,29,15,0,1,0.59,YES
1,,4021,Al Nakheel,Al-Nakheel_10000067,Resid.,Closed,surveyor3,25-Jan,"October 16, 24","February 19, 25",0.36,0.24,0,1,0,0,3,63,32,1,24,7,31,2,27,2,75,24,26,25,0,1,0.59,YES
1,,4254,Hiteen,city Riyadh Hiteen district_1508,Resid.,Closed,surveyor4,25-Jan,"January 5, 25","January 14, 25",0.56,0.37,0,6,0,0,1,56,20,1,15,4,36,1,30,5,97,54,23,20,0,1,0.58,YES
1,,2539,Al Malaz,Al Malaz district_10000037,Mixed.,Off-Plan,fabdelrahman,25-Apr,"January 23, 25","April 9, 25",0.16,0.1,0,0,0,0,4,33,9,1,3,5,24,2,17,5,25,9,7,9,0,1,0.58,0
1,,4450,Qurtubah,Qurtubah district_300,Resid.,Open,,,,,0.49,0.33,0,0,0,0,4,54,11,0,11,0,43,0,41,2,77,47,20,10,0,-58,0.57,YES
1,,6338,Al Khalidiyah,Al Khalideyeh district_10000469,Resid.,Open,,,,,0.13,0.09,0,0,0,0,4,13,0,0,0,0,13,0,12,1,30,13,4,13,0,-18,0.57,0
1,,2985,Al Murabba,Al Murabba district_10000419,Mixed.,Open,,,,,0.59,0.4,0,0,0,0,4,23,0,0,0,0,23,0,17,6,94,71,6,17,0,-83,0.57,0
1,,2986,Al Murabba,Al Murabba district_10000420,Resid.,Open,,,,,0.24,0.16,0,0,0,0,4,14,0,0,0,0,14,0,11,3,44,26,5,13,0,-34,0.57,0
1,,2991,Al Murabba,Al Murabba district_10000422,Mixed.,Open,,,,,0.21,0.14,0,0,0,0,4,19,0,0,0,0,19,0,17,2,35,24,5,6,0,-30,0.57,0
1,,4941,Al Nuzha,Al Nuzha district_85,Resid.,Open,,,,,0.55,0.37,0,0,0,0,4,33,0,0,0,0,33,1,31,1,99,67,10,22,0,-77,0.57,YES
1,,3213,Al Rawdah,Al Rawdah district_43,Resid.,Off-Plan,fabdelrahman,25-Jun,"June 4, 25","June 4, 25",0.41,0.27,0,0,0,0,4,36,44,39,1,4,36,1,29,6,69,37,15,17,0,-57,0.57,0
1,,3216,Al Rawdah,Al Rawdah district_45,Resid.,In progress,fabdelrahman,25-Jun,"Jun 11, 25",,0.22,0.15,0,0,0,0,4,17,0,0,0,0,17,1,15,1,37,25,6,6,0,-31,0.57,0
1,,3235,Al Rawdah,Al Rawdah district_54,Resid.,In progress,fabdelrahman,25-Jun,"Jun 11, 25",,0.22,0.15,0,0,0,0,4,17,0,0,0,0,17,4,10,3,39,25,8,6,0,-31,0.57,0
1,,3241,Al Rawdah,Al Rawdah district_57,Resid.,In progress,fabdelrahman,25-Jun,"June 3, 25","June 3, 25",0.29,0.19,0,0,0,0,4,67,18,9,1,8,49,1,44,4,49,29,10,10,0,-40,0.57,YES
1,,3243,Al Rawdah,Al Rawdah district_58,Resid.,Planned,fabdelrahman,25-Jun,,,0.24,0.16,0,0,0,0,4,26,0,0,0,0,26,1,23,2,41,24,9,8,0,-33,0.57,0
1,,3560,Al Wizarat,Al Wizarat district_10000594,Resid.,Off-Plan,fabdelrahman,25-Jun,"June 1, 25","June 1, 25",0.55,0.37,0,0,0,0,4,21,0,0,0,0,21,1,16,4,91,68,7,16,0,-77,0.57,YES
1,,5667,Salahuddin,Salahuddin district_10000144,Mixed.,Open,,,,,0.42,0.28,0,0,0,0,4,56,0,0,0,0,56,1,50,5,69,48,9,12,0,-59,0.57,0
1,,4338,Imam Muhammad Bin Saud Islamic University,Imam Muhammed Bin Saud Islamic University district_15,Indust.,Off-Plan,fabdelrahman,25-May,"May 1, 25","May 1, 25",0.18,0.12,0,0,0,0,4,29,2,0,2,0,27,3,20,4,36,16,11,9,0,0,0.57,0
1,,4438,Qurtubah,Qurtubah district_294,Resid.,Open,,,,,0.39,0.26,0,0,0,0,4,32,0,0,0,0,32,3,26,3,67,42,15,10,0,0,0.57,0
1,,4598,Hiteen,RUH_mall,,Closed,surveyor4,25-Jan,,,0.06,0.04,0,6,0,0,0,12,0,0,0,0,12,2,10,0,9,3,6,0,0,0,0.55,0
1,,2699,Al Malqa,Al Malqa district_10000037,Resid.,Closed,aalsahafi,,,,0.29,0.2,0,2,0,0,3,36,0,0,0,0,36,6,28,2,46,26,15,5,0,0,0.54,YES
1,,4517,Qurtubah,Qurtubah district_336,Resid.,Open,,,,,0.05,0.03,0,0,0,0,3,15,0,0,0,0,15,1,14,0,8,4,4,0,0,-7,0.54,0
1,,4821,Al Mursalat,Al Mursalat district_10000120,Mixed.,Off-Plan,ashuban,25-Apr,"April 26, 25","April 26, 25",0.44,0.27,0,0,0,0,3,65,30,4,26,0,35,0,33,2,67,26,34,7,0,4,0.54,YES
1,,2587,Al Malaz,Al Malaz district_10000512,Resid.,Off-Plan,fabdelrahman,25-Apr,"January 27, 25","April 10, 25",0.24,0.13,0,0,0,0,3,68,46,6,20,20,22,1,21,0,45,0,19,26,0,6,0.54,YES
1,,2592,Al Malaz,Al Malaz district_10000515,Mixed.,Off-Plan,fabdelrahman,25-Apr,"January 27, 25","April 10, 25",0.15,0.1,0,0,0,0,3,54,28,0,12,16,26,1,19,6,36,1,10,25,0,0,0.54,0
1,,4937,Al Nuzha,Al Nuzha district_81,Resid.,Off-Plan,,,"May 6, 25","May 7, 25",0.6,0.4,0,0,0,0,3,115,84,38,46,0,31,2,23,6,135,35,86,14,0,36,0.54,YES
1,,4333,Imam Muhammad Bin Saud Islamic University,Imam Muhammed Bin Saud Islamic University district_13,Indust.,Off-Plan,fabdelrahman,25-May,"January 16, 25","May 4, 25",0.74,0.49,2,0,0,0,3,34,8,1,7,0,26,6,17,3,113,90,18,5,0,0,0.53,0
1,,4081,Al Nakheel,Al-Nakheel_10000097,Resid.,Off-Plan,fabdelrahman,25-May,"January 20, 25","May 25, 25",0.4,0.23,0,0,0,0,4,59,16,2,14,0,43,1,33,9,62,23,21,18,0,8,0.53,YES
1,,2903,Al Muhammadiyah,Al Muhammadiyah district_10000050,Resid.,Closed,surveyor11,25-Jan,"January 2, 25","January 20, 25",0.49,0.25,0,4,0,0,1,119,34,16,18,0,85,0,82,3,63,10,40,13,0,16,0.53,YES
1,,2779,Al Malqa,Al Malqa district_10000075,Resid.,Closed,aalbwardi,,,,0.11,0.08,0,0,0,0,4,27,0,0,0,0,27,1,24,2,24,10,7,7,0,0,0.52,0
1,,2687,Al Malqa,Al Malqa district_10000030,Mixed.,Closed,aalngedan,,,,0.42,0.28,0,0,0,0,4,51,0,0,0,0,51,12,36,3,75,39,25,11,0,0,0.52,YES
1,,3093,Al Olaya,Al Olaya district_10000255,Resid.,Closed,aalngedan,,"January 1, 25","January 1, 25",0.42,0.28,0,0,0,0,4,33,2,0,2,0,31,0,26,5,70,47,8,15,0,0,0.52,YES
1,,3954,Al Aqeeq,Al-Aqeek_10000040,Mixed.,Closed,aalosaimi,25-Jan,"January 15, 25","January 15, 25",0.38,0.25,0,0,0,0,4,34,1,0,0,1,33,2,24,7,73,43,9,21,0,0,0.52,0
1,,2597,Al Malaz,Al Malaz district_10000518,Mixed.,Closed,ashuban,25-Jan,"January 26, 25","January 27, 25",0.49,0.29,0,0,0,0,4,84,48,8,12,28,36,0,32,4,100,33,25,42,0,8,0.52,YES
1,,2618,Al Malaz,Al Malaz district_10000530,Mixed.,Closed,fabdelrahman,25-Jan,"January 27, 25","January 27, 25",0.45,0.3,0,0,0,0,4,56,13,1,8,4,43,1,32,10,79,37,20,22,0,1,0.52,YES
1,,2624,Al Malaz,Al Malaz district_10000533,Mixed.,Closed,fabdelrahman,25-Jan,"January 23, 25","January 23, 25",0.57,0.35,0,0,0,0,4,72,33,7,16,10,39,0,36,3,95,42,31,22,0,7,0.52,YES
1,,4064,Al Nakheel,Al-Nakheel_10000088,Mixed.,Closed,surveyor11,25-Jan,"January 6, 25","February 18, 25",0.69,0.36,0,2,0,0,2,133,59,20,31,8,74,1,61,12,99,25,45,29,0,20,0.51,YES
1,,4933,Al Nuzha,Al Nuzha district_77,Resid.,Open,,,,,0.61,0.37,0,1,0,0,3,61,18,9,9,0,43,1,35,7,93,47,27,19,0,-59,0.49,YES
1,,5109,Ar Rabie,Ar Rabie district_10000311,Resid.,Closed,aalngedan,25-Jan,"January 6, 25","January 6, 25",0.21,0.14,0,1,0,0,3,40,1,0,0,1,39,0,31,8,41,19,6,16,0,-29,0.49,0
1,,3745,Al Yasmeen,Al Yasmeen district_10000154,Resid.,Closed,aabdulrahim,"  v-24","October 17, 24","January 23, 25",0.19,0.09,0,0,0,0,3,65,16,9,6,1,49,1,44,4,25,3,16,6,0,9,0.49,YES
1,,6755,Al Narjis,Al Narjas district_35,Mixed.,Closed,aalbwardi,25-Dec,"December 18, 24","January 16, 25",0.66,0.32,0,0,0,0,3,180,70,24,23,23,110,0,109,1,95,13,54,28,0,24,0.49,YES
1,,6758,Al Narjis,Al Narjas district_38,Resid.,Closed,aalbwardi,25-Dec,"December 17, 24","December 17, 24",0.13,0.06,0,0,0,0,3,58,16,5,7,4,42,0,42,0,20,0,13,7,0,5,0.49,YES
1,,3707,Al Yasmeen,Al Yasmeen district_10000135,Resid.,Closed,aalbwardi,"  v-24","October 24, 24","October 27, 24",0.26,0.11,0,0,0,0,3,104,38,13,17,8,66,0,60,6,38,2,22,14,0,13,0.49,0
1,,5079,Ar Rabie,Ar Rabie district_10000001,Resid.,Closed,aalbwardi,25-Dec,"October 11, 24","May 6, 25",0.3,0.16,0,0,0,0,3,133,57,8,32,17,76,3,68,5,59,5,33,21,0,8,0.49,YES
1,,2663,Al Malqa,Al Malqa district_10000019,Resid.,Closed,aalngedan,,,,0.13,0.09,0,0,0,0,3,29,0,0,0,0,29,7,22,0,20,7,12,1,0,0,0.49,YES
1,,3860,Al Yasmeen,Al Yasmeen district_10000213,Resid.,Closed,aalngedan,25-Dec,"October 24, 24","November11, 24",0.22,0.12,0,0,0,0,3,84,31,6,17,8,53,0,53,0,30,2,23,5,0,6,0.49,YES
1,,4269,Hiteen,city Riyadh Hiteen district_1529,Resid.,Closed,aalosaimi,25-Jan,"January 13, 25","January 16, 25",0.21,0.11,0,0,0,0,3,98,36,5,16,15,62,0,58,4,55,2,21,32,0,5,0.49,0
1,,2727,Al Malqa,Al Malqa district_10000050,Resid.,Closed,aalsahafi,,,,0.4,0.27,0,0,0,0,3,59,0,0,0,0,59,21,36,2,67,28,28,11,0,0,0.49,YES
1,,3818,Al Yasmeen,Al Yasmeen district_10000192,Mixed.,Closed,aalsahafi,25-Dec,"October 22, 24","October 22, 24",0.13,0.08,0,0,0,0,3,46,10,2,4,4,36,1,34,1,22,7,10,5,0,2,0.49,0
1,,2610,Al Malaz,Al Malaz district_10000526,Mixed.,Closed,ashuban,25-Jan,"January 22, 25","January 22, 25",0.44,0.25,0,0,0,0,3,53,38,8,15,15,15,0,13,2,70,24,27,19,0,8,0.49,YES
1,,3908,Al Aqeeq,Al-Aqeek_10000017,Resid.,Closed,ashuban,25-Jan,"January 8, 25","January 19, 25",0.41,0.25,0,0,0,0,3,167,57,4,22,31,110,1,102,7,96,6,47,43,0,4,0.49,0
1,,3918,Al Aqeeq,Al-Aqeek_10000022,Resid.,Closed,ashuban,25-Jan,"January 8, 25","January 13, 25",0.32,0.16,0,0,0,0,3,100,40,11,22,7,60,0,57,3,52,1,32,19,0,11,0.49,0
1,,4357,King Fahd,King Fahd district_10000076,Mixed.,Closed,ashuban,25-Feb,"January 6, 25","February 25, 25",0.76,0.38,0,0,0,0,3,147,110,28,39,43,37,0,33,4,145,8,70,67,0,28,0.49,YES
1,,3866,Al Yasmeen,Al Yasmeen district_10000216,Resid.,Closed,malngedan,25-Dec,"October 23, 24","October 23, 24",0.19,0.1,0,0,0,0,3,61,13,7,5,1,48,0,48,0,22,7,13,2,0,7,0.49,0
1,,6711,Al Narjis,Al Narjas district_137,Resid.,Closed,surveyor1,25-Jan,"January 12, 25","January 12, 25",0.08,0.05,0,0,0,0,3,24,4,0,3,1,20,1,18,1,14,3,9,2,0,0,0.49,0
1,,6783,Al Narjis,Al Narjas district_63,Resid.,Closed,surveyor1,25-Jan,"January 14, 25","January 14, 25",0.08,0.05,0,0,0,0,3,37,5,1,2,2,32,0,32,0,12,0,10,2,0,1,0.49,0
1,,3935,Al Aqeeq,Al-Aqeek_10000031,Resid.,Closed,surveyor10,25-Jan,"January 8, 25","January 28, 25",0.22,0.11,0,0,0,0,3,108,32,7,13,12,76,0,68,8,53,0,24,29,0,7,0.49,0
1,,3942,Al Aqeeq,Al-Aqeek_10000034,Resid.,Closed,surveyor10,25-Jan,"January 14, 25","May 11, 25",0.22,0.1,0,0,0,0,3,70,29,9,10,10,41,0,40,1,36,4,18,14,0,9,0.49,0
1,,3944,Al Aqeeq,Al-Aqeek_10000035,Resid.,Closed,surveyor10,25-Jan,"January 15, 25","January 16, 25",0.49,0.22,0,0,0,0,3,126,47,22,13,12,79,0,76,3,65,8,39,18,0,22,0.49,0
1,,5021,Al Sulaimaniyah,Al Sulaimaniyah district_10000358,Resid.,Closed,surveyor11,25-Jan,"January 30, 25","January 30, 25",0.19,0.13,0,0,0,0,3,28,7,0,7,0,21,0,20,1,34,13,14,7,0,0,0.49,0
1,,3974,Al Aqeeq,Al-Aqeek_10000050,Resid.,Closed,surveyor11,25-Jan,"December 29, 24","January 14, 25",0.22,0.11,0,0,0,0,3,82,25,7,16,2,57,0,52,5,35,4,18,13,0,7,0.49,0
1,,5514,Ghirnatah,Ghornata district_159,Resid.,Closed,surveyor13,25-Feb,"February 6, 25","February 9, 25",0.45,0.21,0,0,0,0,3,82,52,18,17,17,30,0,30,0,69,9,36,24,0,18,0.49,YES
1,,6774,Al Narjis,Al Narjas district_54,Resid.,Closed,surveyor2,25-Jan,"January 14, 25","January 14, 25",0.14,0.09,0,0,0,0,3,44,12,2,5,5,32,3,29,0,24,0,19,5,0,2,0.49,0
1,,2541,Al Malaz,Al Malaz district_10000479,Resid.,Closed,surveyor3,25-Jan,"January 25, 25","January 26, 25",0.29,0.2,0,0,0,0,3,47,20,0,15,5,27,2,22,3,59,19,22,18,0,0,0.49,YES
1,,2544,Al Malaz,Al Malaz district_10000482,Resid.,Closed,surveyor3,25-Jan,"January 25, 25","January 26, 25",0.24,0.16,0,0,0,0,3,39,17,0,15,2,22,0,22,0,45,11,23,11,0,0,0.49,0
1,,2545,Al Malaz,Al Malaz district_10000483,Mixed.,Closed,surveyor3,25-Jan,"January 27, 25","January 27, 25",0.33,0.22,0,0,0,0,3,49,28,0,19,9,21,0,20,1,58,21,24,13,0,0,0.49,YES
1,,5227,Al Raed,city Riyadh Al Raed district_1333,Resid.,Closed,surveyor3,25-Jan,"January 29, 25","January 29, 25",0.14,0.09,0,0,0,0,3,38,8,1,3,4,30,0,29,1,36,4,14,18,0,1,0.49,0
1,,6763,Al Narjis,Al Narjas district_43,Resid.,Closed,surveyor5,25-Jan,"January 8, 25","January 9, 25",0.37,0.16,0,0,0,0,3,89,33,18,12,3,56,0,56,0,38,1,33,4,0,18,0.49,0
1,,6770,Al Narjis,Al Narjas district_50,Resid.,Closed,surveyor5,25-Jan,"January 9, 25","January 13, 25",0.79,0.33,0,0,0,0,3,121,60,41,14,5,61,0,60,1,79,13,57,9,0,41,0.49,YES
1,,3659,Al Yasmeen,Al Yasmeen district_10000111,Resid.,Closed,surveyor7,"  v-24","January 5, 25","January 5, 25",0.12,0.08,0,0,0,0,3,41,2,0,2,0,39,2,36,1,19,5,11,3,0,0,0.49,0
1,,3331,Al Sahafah,Al Sahafah district_10000245,Resid.,Closed,,"  v-24","November13, 24","November17, 24",1.02,0.38,0,0,0,0,3,279,117,64,19,34,162,0,161,1,112,0,83,29,0,64,0.49,YES
1,,3395,Al Sahafah,Al Sahafah district_10000276,Resid.,Closed,,"  v-24","November20, 24","May 11, 25",0.97,0.5,0,0,0,0,3,254,87,32,46,9,167,0,166,1,119,22,82,15,0,32,0.49,YES
1,,3598,Al Woroud,Al Woroud district_10000153,Resid.,Off-Plan,fabdelrahman,25-May,"February 6, 25","May 29, 25",0.59,0.3,0,0,0,0,3,161,98,26,35,37,63,0,55,8,127,2,60,65,0,19,0.49,0
1,,4544,Hiteen,RUH_10,Mixed.,Closed,,25-Feb,"January 6, 25","January 16, 25",0.31,0.17,0,0,0,0,3,76,28,8,11,9,48,1,44,3,51,12,22,17,0,8,0.49,YES
1,,5122,Ar Rahmaniyah,Ar Rahmaniyah district_10000187,Com,Off-Plan,fabdelrahman,25-Apr,"April 28, 25","April 28, 25",0.44,0.22,0,0,0,0,2,98,48,16,32,0,50,0,45,5,66,11,47,8,0,16,0.49,0
1,,4058,Al Nakheel,Al-Nakheel_10000085,Indust.,Closed,fabdelrahman,25-Jan,"December 30, 24","January 21, 25",0.29,0.2,2,0,0,0,3,67,11,0,11,0,56,1,51,4,50,22,18,10,0,0,0.48,YES
1,,5120,Ar Rahmaniyah,Ar Rahmaniyah district_10000185,Com,Closed,aalosaimi,25-Apr,"December 30, 24","May 4, 25",0.41,0.26,0,0,0,0,3,61,3,2,1,0,58,0,55,3,77,35,18,24,0,2,0.47,0
1,,5022,Al Taawun,Al Taawon district_38,Resid.,Open,,,,,0.55,0.37,1,0,0,0,3,37,0,0,0,0,37,0,36,1,93,63,14,16,0,-77,0.46,0
1,,4499,Qurtubah,Qurtubah district_327,Resid.,Open,,,,,0.19,0.12,1,0,0,0,3,18,0,0,0,0,18,0,17,1,37,21,5,11,0,-26,0.46,YES
1,,4613,Hiteen,RUH_Zaynah,Resid.,Closed,abinsaedan,25-Jan,"January 5, 25","January 6, 25",0.37,0.25,0,3,0,0,2,26,3,0,3,0,23,0,22,1,62,41,11,10,0,0,0.46,YES
1,,3152,Al Olaya,Al Olaya district_10000282,Resid.,Closed,aalngedan,,,,0.2,0.13,0,1,0,0,3,21,0,0,0,0,21,0,20,1,41,24,4,13,0,0,0.44,YES
1,,4075,Al Nakheel,Al-Nakheel_10000094,Mixed.,Closed,surveyor11,25-Jan,"January 7, 25","May 7, 25",0.34,0.19,0,1,0,0,3,57,32,8,20,4,25,0,25,0,53,22,18,13,0,8,0.44,YES
1,,4538,Hiteen,Ruben Plaza mall,Indust.,Off-Plan,fabdelrahman,25-May,"May 26, 25","May 26, 25",0.15,0.1,0,1,0,0,3,27,11,3,8,0,16,0,16,0,29,15,6,8,0,0,0.44,0
1,,3448,Al Sulaimaniyah,Al Sulaimaniyah district_10000315,Com,Closed,surveyor13,25-Feb,"February 2, 25","February 11, 25",0.36,0.19,0,0,0,0,2,64,44,11,14,19,20,0,20,0,66,10,29,27,0,11,0.44,YES
1,,5097,Ar Rabie,Ar Rabie district_10000299,Resid.,Closed,,25-Dec,,,0.09,0.06,0,0,0,0,3,19,0,0,0,0,19,0,18,1,13,6,5,2,0,0,0.42,0
1,,4305,King Saud University,city Riyadh King Saud University district_1354,Mixed.,Closed,surveyor13,25-Feb,"January 30, 25","February 17, 25",0.39,0.26,1,0,0,0,3,58,16,1,3,12,42,0,27,15,88,45,9,34,0,1,0.41,0
1,,3650,Al Yasmeen,Al Yasmeen district_10000106,Indust.,Closed,aalngedan,"  v-24","November11, 24","January 26, 25",0.17,0.08,0,1,0,0,2,53,17,8,7,2,36,3,32,1,21,1,17,3,0,8,0.41,YES
1,,4812,Al Mursalat,Al Mursalat district_10000111,Mixed.,Closed,salsiqami,25-Mar,"March 5, 25","March 5, 25",0.46,0.25,0,1,0,0,2,86,36,12,15,9,50,0,47,3,75,22,31,22,0,12,0.41,0
1,,3929,Al Aqeeq,Al-Aqeek_10000028,Resid.,Closed,surveyor10,25-Jan,"January 8, 25","January 12, 25",0.14,0.07,0,1,0,0,2,43,18,5,6,7,25,0,24,1,28,4,11,13,0,5,0.41,0
1,,3653,Al Yasmeen,Al Yasmeen district_10000108,Mixed.,Closed,surveyor7,"  v-24","October 13, 24","January 5, 25",0.6,0.31,0,1,0,0,2,236,59,19,31,9,177,3,166,8,79,12,52,15,0,19,0.41,YES
1,,4906,Al Nafel,Al Nafel district_10000351,Resid.,Closed,,25-Dec,"December 15, 24","December 17, 24",0.32,0.18,0,1,0,0,2,109,37,8,17,12,72,0,68,4,55,8,27,20,0,8,0.41,YES
1,,4496,Qurtubah,Qurtubah district_325,Mixed.,Open,,,,,0.11,0.08,0,0,0,0,3,29,0,0,0,0,29,0,26,3,21,8,6,7,0,-16,0.4,0
1,,4615,Hiteen,RUH_Zaynah 2,Com,Closed,abinsaedan,25-Jan,"January 6, 25","January 6, 25",0.21,0.14,0,1,0,0,2,27,2,0,1,1,25,0,25,0,42,22,7,13,0,0,0.39,YES
1,,4454,Qurtubah,Qurtubah district_302,Resid.,Open,,,,,0.27,0.18,0,0,0,0,3,15,0,0,0,0,15,0,12,3,44,34,4,6,0,-38,0.39,0
1,,6332,Al Khalidiyah,Al Khalideyeh district_10000463,Resid.,Open,,,,,0.21,0.14,0,0,0,0,3,15,0,0,0,0,15,0,12,3,42,25,3,14,0,-30,0.39,0
1,,2989,Al Murabba,Al Murabba district_10000421,Resid.,Open,,,,,0.39,0.26,0,0,0,0,3,18,0,0,0,0,18,0,16,2,65,48,6,11,0,-54,0.39,0
1,,4807,Al Mursalat,Al Mursalat district_10000013,Mixed.,Open,,,,,0.16,0.1,0,0,0,0,3,29,0,0,0,0,29,2,23,4,31,13,9,9,0,-22,0.39,0
1,,3187,Al Rawdah,Al Rawdah district_31,Resid.,Off-Plan,ashuban,25-Jun,"Jun 3, 25","Jun 3, 25",0.19,0.13,0,0,0,0,3,45,22,18,0,4,23,1,20,2,31,18,10,3,0,-27,0.39,0
1,,3206,Al Rawdah,Al Rawdah district_40,Resid.,Off-Plan,ashuban,25-Jun,"Jun 4, 25","Jun 4, 25",0.24,0.16,0,0,0,0,3,19,0,19,0,4,19,0,18,1,41,27,7,7,0,-34,0.39,YES
1,,3251,Al Rawdah,Al Rawdah district_62,Resid.,Planned,fabdelrahman,25-Jun,,,0.31,0.21,0,0,0,0,3,24,0,0,0,0,24,2,19,3,51,31,13,7,0,-44,0.39,YES
1,,3270,Al Rawdah,Al Rawdah district_72,Resid.,Off-Plan,ashuban,25-Jun,"Jun 3, 25","Jun 3, 25",0.21,0.14,0,0,0,0,3,43,17,15,0,2,26,1,21,4,34,23,6,5,0,-30,0.39,0
1,,3539,Al Wizarat,Al Wizarat district_10000584,Resid.,Open,,,,,0.36,0.24,0,0,0,0,3,10,0,0,0,0,10,1,5,4,65,45,4,16,0,-50,0.39,YES
1,,3552,Al Wizarat,Al Wizarat district_10000590,Resid.,Open,,,,,0.36,0.24,0,0,0,0,3,21,0,0,0,0,21,1,14,6,76,44,4,28,0,-50,0.39,YES
1,,4471,Qurtubah,Qurtubah district_310,Resid.,Open,,,,,0.14,0.1,0,0,0,0,3,23,0,0,0,0,23,1,20,2,24,15,6,3,0,-20,0.39,0
1,,4479,Qurtubah,Qurtubah district_314,Resid.,Open,,,,,0.39,0.26,0,0,0,0,3,34,0,0,0,0,34,2,29,3,62,42,13,7,0,-55,0.39,0
1,,4834,Salahuddin,Al Mursalat district_10000143,Mixed.,Off-Plan,abinsaedan,25-Apr,"January 23, 25","April 20, 25",0.32,0.21,0,0,0,0,3,53,18,1,4,13,35,2,27,6,55,22,11,22,0,1,0.39,0
1,,3575,Al Wizarat,Al Wizarat district_10000603,Mixed.,Off-Plan,fabdelrahman,25-Apr,,,0.24,0.16,0,0,0,0,3,16,0,0,0,0,16,3,12,1,43,27,9,7,0,0,0.39,YES
1,,3264,Al Rawdah,Al Rawdah district_69,Resid.,In progress,ashuban,25-Jun,"Jun 11, 25","Jun 4, 25",0.53,0.35,0,0,0,0,3,14,0,54,0,12,14,0,14,0,84,65,9,10,0,0,0.39,YES
1,,4442,Qurtubah,Qurtubah district_296,Resid.,Open,,,,,0.12,0.08,0,0,0,0,3,13,0,0,0,0,13,0,13,0,20,12,5,3,0,0,0.39,0
1,,2711,Al Malqa,Al Malqa district_10000042,Resid.,Closed,aalsahafi,,,,0.14,0.1,0,4,0,0,1,29,0,0,0,0,29,4,21,4,24,13,6,5,0,0,0.38,YES
1,,4416,King Fahd,Momrah main office ter,Mixed.,Closed,fabdelrahman,25-Feb,,,0.05,0.03,1,0,0,0,2,9,0,0,0,0,9,0,7,2,13,3,4,6,0,0,0.38,0
1,,4296,King Saud University,city Riyadh King Saud University district_1350,Resid.,Closed,surveyor13,25-Feb,"January 18, 25","February 18, 25",0.06,0.04,1,0,0,0,2,16,8,0,3,5,8,0,7,1,21,4,5,12,0,0,0.38,0
1,,4942,Al Nuzha,Al Nuzha district_86,Resid.,Off-Plan,ashuban,25-Apr,"April 24, 25","April 24, 25",0.16,0.11,0,2,0,0,1,31,10,0,10,0,21,4,11,6,35,9,15,11,0,0,0.38,YES
1,,3088,Al Olaya,Al Olaya district_10000253,Com,Off-Plan,ashuban,25-Apr,"January 1, 25","April 16, 25",2.14,0.51,1,0,0,0,1,380,278,192,43,43,102,3,94,5,313,25,223,65,0,192,0.38,YES
1,,3450,Al Sulaimaniyah,Al Sulaimaniyah district_10000316,Com,Closed,surveyor13,25-Feb,"February 4, 25","February 4, 25",0.16,0.1,1,0,0,0,2,27,10,1,4,5,17,0,15,2,34,13,9,12,0,1,0.36,YES
1,,3007,Al Mutamarat,Al Mutamarat district_10000364,Com,Closed,surveyor5,25-Jan,"January 22, 25","January 22, 25",0.73,0.43,1,0,0,0,2,42,27,12,15,0,15,0,15,0,97,57,33,7,0,12,0.36,0
1,,4833,Al Mursalat,Al Mursalat district_10000132,Resid.,Open,,,,,0.08,0.05,0,0,0,0,2,21,0,0,0,0,21,2,12,7,20,4,7,9,0,-11,0.36,0
1,,3961,Al Aqeeq,Al-Aqeek_10000044,Resid.,Closed,surveyor11,25-Jan,"January 12, 25","January 13, 25",0.3,0.16,0,0,0,0,2,88,30,8,16,6,58,0,55,3,47,11,23,13,0,8,0.36,0
1,,4709,Al Falah,Al Falah district_32,Resid.,Off-Plan,ashuban,25-May,"May 1, 25","May 1, 25",0.32,0.17,0,0,0,0,2,51,31,10,21,0,20,0,16,4,58,13,31,14,0,10,0.36,YES
1,,4826,Al Mursalat,Al Mursalat district_10000125,Mixed.,Off-Plan,ashuban,25-Apr,"April 26, 25","April 26, 25",0.72,0.34,0,0,0,0,2,122,64,30,33,1,58,2,55,1,106,37,63,6,0,30,0.36,YES
1,,5025,Al Taawun,Al Taawon district_41,Resid.,Off-Plan,ashuban,25-May,"May 6, 25","May 6, 25",0.3,0.18,0,0,0,0,2,42,27,5,22,0,15,1,12,2,52,13,28,11,0,5,0.36,YES
1,,5028,Al Taawun,Al Taawon district_44,Resid.,Off-Plan,ashuban,25-Apr,"April 23, 25","April 23, 25",0.31,0.18,0,0,0,0,2,70,30,6,24,0,40,2,34,4,63,12,32,19,0,6,0.36,YES
1,,3529,Al Wizarat,Al Wizarat district_10000579,Mixed.,Off-Plan,fabdelrahman,25-Apr,,,0.04,0.02,0,0,0,0,2,12,0,0,0,0,12,2,10,0,7,2,5,0,0,0,0.36,0
1,,3571,Al Wizarat,Al Wizarat district_10000600,Indust.,Off-Plan,fabdelrahman,25-Apr,"April 8, 25","April 8, 25",0.16,0.09,0,0,0,0,2,28,13,4,6,3,15,2,10,3,25,4,15,6,0,4,0.36,0
1,,3705,Al Yasmeen,Al Yasmeen district_10000134,Resid.,Off-Plan,fabdelrahman,25-Mar,"October 27, 24","March 19, 25",0.41,0.19,0,0,0,0,2,136,65,18,42,5,71,0,70,1,47,3,36,8,0,18,0.36,YES
1,,5115,Ar Rahmaniyah,Ar Rahmaniyah district_10000180,Resid.,Off-Plan,fabdelrahman,25-Apr,"October 10, 24","April 23, 25",0.42,0.22,0,0,0,0,2,68,31,12,19,0,37,0,33,4,63,23,33,7,0,12,0.36,0
1,,5121,Ar Rahmaniyah,Ar Rahmaniyah district_10000186,Mixed.,Off-Plan,fabdelrahman,25-Apr,"February 19, 25","April 27, 25",0.51,0.24,0,0,0,0,2,126,50,23,26,1,76,0,74,2,82,20,49,13,0,21,0.36,0
1,,5128,Ar Rahmaniyah,Ar Rahmaniyah district_10000193,Resid.,Off-Plan,fabdelrahman,25-Apr,"December 31, 24","April 28, 25",0.32,0.18,0,0,0,0,2,61,21,11,10,0,40,0,37,3,56,22,22,12,0,7,0.36,0
1,,3739,Al Yasmeen,Al Yasmeen district_10000151,Resid.,Off-Plan,surveyor13,"  v-24","October 13, 24","March 27, 25",0.42,0.2,0,0,0,0,2,127,49,17,19,13,78,0,74,4,51,11,22,18,0,17,0.36,YES
1,,2946,Al Muhammadiyah,Al Muhammadiyah district_10000069,Resid.,Closed,surveyor2,25-Jan,"January 19, 25","January 20, 25",0.12,0.08,0,1,0,0,2,19,7,0,5,2,12,0,12,0,27,9,8,10,0,0,0.34,0
1,,6124,Al Faisaliyah,Al Faisaliyah district_174,Com,Open,,,,,0.85,0.57,0,0,0,0,2,47,0,0,0,0,47,3,39,5,151,98,21,32,0,-119,0.34,0
1,,6132,Al Faisaliyah,Al Faisaliyah district_68,Com,Open,,,,,0.39,0.26,0,0,0,0,2,21,0,0,0,0,21,0,20,1,56,49,5,2,0,-55,0.34,0
1,,2672,Al Malqa,Al Malqa district_10000023,Resid.,Closed,aalngedan,,,,0.19,0.12,0,0,0,0,3,25,0,0,0,0,25,6,17,2,36,17,9,10,0,0,0.34,0
1,,3031,Al Olaya,Al Olaya district_10000226,Resid.,Closed,aalngedan,,,,0.44,0.29,0,0,0,0,3,16,0,0,0,0,16,2,12,2,82,53,7,22,0,0,0.34,YES
1,,3048,Al Olaya,Al Olaya district_10000234,Resid.,Closed,aalngedan,,,,0.29,0.19,0,0,0,0,3,37,0,0,0,0,37,2,26,9,50,30,7,13,0,0,0.34,0
1,,3136,Al Olaya,Al Olaya district_10000275,Resid.,Closed,aalngedan,,"January 2, 25","January 2, 25",0.39,0.26,0,0,0,0,3,30,1,0,1,0,29,1,23,5,71,39,14,18,0,0,0.34,YES
1,,3185,Al Olaya,Al Olaya district_10000300,Resid.,Closed,aalngedan,,,,0.44,0.29,0,0,0,0,3,32,0,0,0,0,32,9,20,3,74,45,16,13,0,0,0.34,YES
1,,2609,Al Malaz,Al Malaz district_10000525,Mixed.,Closed,ashuban,25-Jan,"January 22, 25","January 23, 25",0.31,0.2,0,0,0,0,3,37,28,1,13,14,9,0,5,4,66,23,16,27,0,1,0.34,YES
1,,4307,King Saud University,city Riyadh King Saud University district_1357,Mixed.,Closed,ashuban,25-Feb,"February 18, 25","February 18, 25",0.13,0.08,0,0,0,0,3,25,11,2,0,9,14,0,14,0,32,12,4,16,0,2,0.34,YES
1,,4329,King Saud University,city Riyadh King Saud University district_9,Resid.,Closed,ashuban,25-Feb,"February 18, 25","February 18, 25",0.21,0.13,0,0,0,0,3,31,7,2,4,1,24,1,22,1,38,17,11,10,0,2,0.34,0
1,,3882,Al Aqeeq,Al-Aqeek_10000004,Resid.,Closed,fabdelrahman,25-Jan,"January 7, 25","January 8, 25",0.46,0.23,0,0,0,0,3,89,16,15,1,0,73,0,67,6,62,30,17,15,0,15,0.34,0
1,,4811,Al Mursalat,Al Mursalat district_10000110,Mixed.,Closed,salsiqami,25-Mar,,,0.11,0.07,0,0,0,0,3,17,0,0,0,0,17,0,16,1,20,10,5,5,0,0,0.34,0
1,,2579,Al Malaz,Al Malaz district_10000508,Resid.,Closed,surveyor1,25-Jan,"January 28, 25","January 28, 25",0.71,0.44,0,0,0,0,3,66,27,6,15,6,39,1,32,6,116,66,25,25,0,6,0.34,YES
1,,3477,Al Sulaimaniyah,Al Sulaimaniyah district_10000329,Resid.,Closed,surveyor10,25-Jan,"January 30, 25","May 11, 25",0.74,0.46,0,0,0,0,3,113,19,8,11,0,94,4,81,9,119,58,38,23,0,8,0.34,0
1,,2944,Al Muhammadiyah,Al Muhammadiyah district_10000068,Resid.,Closed,surveyor5,25-Jan,"November25, 24","January 20, 25",0.42,0.25,0,0,0,0,3,42,22,7,13,2,20,0,17,3,65,31,21,13,0,7,0.34,YES
1,,2558,Al Malaz,Al Malaz district_10000496,Mixed.,Closed,,25-Jan,"February 12, 25","February 12, 25",0.14,0.09,0,0,0,0,3,19,6,1,5,0,13,0,13,0,20,12,7,1,0,1,0.34,0
1,,3013,Al Olaya,Al Olaya district_10000023,Mixed.,Closed,,,"December 25, 24","January 6, 25",0.65,0.43,0,0,0,0,3,29,4,0,3,1,25,3,21,1,102,77,14,11,0,0,0.34,YES
1,,3899,Al Aqeeq,Al-Aqeek_10000013,Resid.,Closed,ashuban,25-Jan,"January 14, 25","January 16, 25",0.21,0.1,0,2,0,0,1,58,17,9,3,5,41,0,38,3,32,3,16,13,0,9,0.33,0
1,,3393,Al Sahafah,Al Sahafah district_10000275,Resid.,Closed,,"  v-24","November25, 24","May 11, 25",0.29,0.16,0,2,0,0,1,66,27,6,11,10,39,1,37,1,50,16,18,16,0,6,0.33,0
1,,4715,Al Ghadir,Al Ghadeer district_10000002,Mixed.,Off-Plan,surveyor3,25-Apr,"February 5, 25","April 9, 25",0.12,0.08,2,0,0,0,1,67,36,0,0,36,31,0,26,5,41,0,1,40,0,0,0.32,0
1,,2766,Al Malqa,Al Malqa district_10000068,Resid.,Closed,aalbwardi,,,,0.12,0.08,0,0,0,0,2,26,0,0,0,0,26,6,18,2,23,8,10,5,0,0,0.31,YES
1,,5112,Ar Rabie,Ar Rabie district_10000434,Resid.,Closed,aalbwardi,25-Dec,"December 3, 24","December 4, 24",0.49,0.25,0,0,0,0,2,153,44,17,23,4,109,1,106,2,63,11,40,12,0,17,0.31,YES
1,,2688,Al Malqa,Al Malqa district_10000031,Resid.,Closed,aalngedan,,,,0.41,0.27,0,0,0,0,2,66,0,0,0,0,66,20,39,7,69,30,30,9,0,0,0.31,YES
1,,3840,Al Yasmeen,Al Yasmeen district_10000203,Resid.,Closed,aalngedan,25-Dec,"November6, 24","May 4, 25",0.42,0.21,0,0,0,0,2,130,46,16,22,8,84,1,81,2,54,8,37,9,0,15,0.31,YES
1,,3851,Al Yasmeen,Al Yasmeen district_10000209,Resid.,Closed,aalngedan,25-Dec,"November11, 24","November11, 24",0.11,0.05,0,0,0,0,2,48,21,4,8,9,27,0,27,0,21,0,11,10,0,4,0.31,YES
1,,3996,Al Aqeeq,Al-Aqeek_10000061,Resid.,Closed,aalosaimi,25-Jan,"December 29, 24","January 15, 25",0.21,0.11,0,0,0,0,2,60,20,7,9,4,40,1,33,6,31,6,16,9,0,7,0.31,0
1,,4911,Al Nafel,Al Nafel district_10000356,Resid.,Closed,abinsaedan,25-Dec,"December 15, 24","December 15, 24",0.03,0.02,0,0,0,0,2,24,7,0,2,5,17,1,15,1,14,1,4,9,0,0,0.31,0
1,,3468,Al Sulaimaniyah,Al Sulaimaniyah district_10000325,Resid.,Closed,abinsaedan,25-Feb,"February 3, 25","February 4, 25",0.42,0.21,0,0,0,0,2,93,49,15,20,14,44,0,43,1,68,4,40,24,0,15,0.31,YES
1,,3588,Al Woroud,Al Woroud district_10000149,Resid.,Off-Plan,fabdelrahman,25-May,"February 10, 25","May 29, 25",0.3,0.17,0,0,0,0,2,71,51,10,22,19,20,0,19,1,62,3,32,27,0,6,0.31,0
1,,2555,Al Malaz,Al Malaz district_10000493,Resid.,Closed,ashuban,25-Jan,"January 28, 25","January 29, 25",1.01,0.57,0,0,0,0,2,116,64,22,40,2,52,0,49,3,127,50,67,10,0,22,0.31,YES
1,,3493,Al Sulaimaniyah,Al Sulaimaniyah district_10000337,Resid.,Closed,ashuban,25-Jan,"January 30, 25","January 30, 25",0.43,0.26,0,0,0,0,2,63,36,6,26,4,27,0,23,4,73,15,35,23,0,6,0.31,0
1,,3497,Al Sulaimaniyah,Al Sulaimaniyah district_10000339,Resid.,Closed,ashuban,25-Feb,"February 3, 25","February 3, 25",0.41,0.23,0,0,0,0,2,53,26,8,17,1,27,0,27,0,65,17,32,16,0,8,0.31,YES
1,,3502,Al Sulaimaniyah,Al Sulaimaniyah district_10000341,Resid.,Closed,ashuban,25-Feb,"February 4, 25","February 4, 25",0.42,0.22,0,0,0,0,2,52,27,12,13,2,25,1,22,2,59,16,30,13,0,12,0.31,YES
1,,3612,Al Woroud,Al Woroud district_10000160,Mixed.,Off-Plan,fabdelrahman,25-May,"February 9, 25","May 28, 25",0.53,0.27,0,0,0,0,2,57,34,18,16,0,23,0,21,2,67,15,39,13,0,18,0.31,YES
1,,3632,Al Woroud,Al Woroud district_10000171,Mixed.,Closed,ashuban,25-Feb,"January 6, 25","April 16, 25",0.2,0.13,0,0,0,0,2,40,8,1,2,5,32,13,13,6,55,15,21,19,0,1,0.31,0
1,,4316,King Saud University,city Riyadh King Saud University district_1361,Mixed.,Closed,ashuban,25-Feb,"February 18, 25","February 18, 25",0.09,0.06,0,0,0,0,2,12,1,0,1,0,11,2,8,1,15,6,8,1,0,0,0.31,YES
1,,4377,King Fahd,King Fahd district_10000089,Resid.,Closed,ashuban,25-Feb,"February 25, 25","February 25, 25",0.12,0.07,0,0,0,0,2,18,9,2,4,3,9,0,9,0,22,7,8,7,0,2,0.31,0
1,,4729,Al Ghadir,Al Ghadeer district_10000326,Resid.,Closed,fabdelrahman,25-Feb,"January 17, 25","February 4, 25",0.1,0.07,0,0,0,0,2,25,9,0,7,2,16,0,15,1,17,2,11,4,0,0,0.31,YES
1,,2900,Al Muhammadiyah,Al Muhammadiyah district_10000048,Resid.,Closed,fabdelrahman,25-Jan,"January 19, 25","May 5, 25",0.34,0.18,0,0,0,0,2,109,38,9,21,8,71,0,69,2,55,7,30,18,0,9,0.31,YES
1,,3893,Al Aqeeq,Al-Aqeek_10000010,Resid.,Closed,fabdelrahman,25-Jan,"December 29, 24","January 14, 25",0.66,0.25,0,0,0,0,2,159,56,40,8,8,103,0,93,10,67,5,41,21,0,40,0.31,0
1,,5516,Ghirnatah,Ghornata district_161,Resid.,Closed,fabdelrahman,25-Feb,,,0.04,0.02,0,0,0,0,2,5,0,0,0,0,5,0,3,2,7,1,2,4,0,0,0.31,0
1,,3845,Al Yasmeen,Al Yasmeen district_10000206,Resid.,Closed,malngedan,25-Dec,"November4, 24","November5, 24",0.08,0.05,0,0,0,0,2,36,14,1,7,6,22,0,22,0,15,2,8,5,0,1,0.31,YES
1,,2553,Al Malaz,Al Malaz district_10000491,Mixed.,Closed,salsiqami,25-Feb,"February 9, 25","February 11, 25",0.47,0.22,0,0,0,0,2,68,52,20,24,8,16,0,16,0,55,2,44,9,0,20,0.31,YES
1,,4902,Al Nafel,Al Nafel district_10000347,Resid.,Closed,salsiqami,25-Dec,"December 16, 24","December 17, 24",0.09,0.06,0,0,0,0,2,24,13,1,7,5,11,0,11,0,22,3,9,10,0,1,0.31,YES
1,,6817,Al Narjis,Al Narjas district_96,Resid.,Closed,salsiqami,25-Dec,"December 22, 24","December 22, 24",0.11,0.06,0,0,0,0,2,20,6,4,0,2,14,1,13,0,16,6,7,3,0,4,0.31,0
1,,6772,Al Narjis,Al Narjas district_52,Resid.,Closed,surveyor1,25-Jan,"January 14, 25","April 22, 25",0.24,0.14,0,0,0,0,2,73,31,5,14,12,42,2,38,2,46,2,28,16,0,5,0.31,YES
1,,6779,Al Narjis,Al Narjas district_59,Resid.,Closed,surveyor1,25-Jan,"January 12, 25","January 13, 25",0.1,0.07,0,0,0,0,2,30,17,0,11,6,13,1,11,1,25,2,13,10,0,0,0.31,0
1,,6784,Al Narjis,Al Narjas district_64,Resid.,Closed,surveyor1,25-Jan,"January 13, 25","January 16, 25",0.36,0.23,0,0,0,0,2,100,13,2,2,9,87,16,70,1,64,13,36,15,0,2,0.31,YES
1,,6794,Al Narjis,Al Narjas district_73,Resid.,Closed,surveyor1,25-Jan,"May 5, 25","May 8, 25",0.09,0.06,0,0,0,0,2,34,8,0,8,0,26,7,17,2,20,2,16,2,0,0,0.31,0
1,,6797,Al Narjis,Al Narjas district_76,Resid.,Closed,surveyor1,25-Jan,"December 21, 24","December 21, 24",0.08,0.03,0,0,0,0,2,38,9,4,3,2,29,0,29,0,9,0,7,2,0,4,0.31,YES
1,,6808,Al Narjis,Al Narjas district_87,Resid.,Closed,surveyor1,25-Jan,"January 16, 25","January 16, 25",0.12,0.07,0,0,0,0,2,19,10,3,5,2,9,1,8,0,17,5,9,3,0,3,0.31,0
1,,6818,Al Narjis,Al Narjas district_97,Resid.,Closed,surveyor1,25-Jan,"December 18, 24","January 14, 25",0.3,0.11,0,0,0,0,2,88,25,19,4,2,63,0,59,4,28,0,21,7,0,19,0.31,0
1,,3479,Al Sulaimaniyah,Al Sulaimaniyah district_10000330,Resid.,Closed,surveyor10,25-Feb,"February 2, 25","February 2, 25",0.28,0.16,0,0,0,0,2,33,14,6,8,0,19,1,16,2,42,15,18,9,0,6,0.31,YES
1,,3925,Al Aqeeq,Al-Aqeek_10000026,Mixed.,Closed,surveyor10,25-Jan,"January 8, 25","January 19, 25",0.59,0.28,0,0,0,0,2,121,45,24,16,5,76,0,76,0,68,15,43,10,0,24,0.31,0
1,,3940,Al Aqeeq,Al-Aqeek_10000033,Resid.,Closed,surveyor10,25-Jan,"January 14, 25","January 14, 25",0.25,0.12,0,0,0,0,2,68,29,9,7,13,39,0,36,3,48,6,18,24,0,9,0.31,0
1,,3948,Al Aqeeq,Al-Aqeek_10000037,Resid.,Closed,surveyor10,25-Jan,"January 12, 25","May 11, 25",0.24,0.13,0,0,0,0,2,50,21,6,7,8,29,0,27,2,41,11,16,14,0,6,0.31,0
1,,2559,Al Malaz,Al Malaz district_10000497,Mixed.,Closed,surveyor11,25-Jan,"January 28, 25","January 29, 25",0.41,0.22,0,0,0,0,2,55,25,10,15,0,30,0,25,5,57,18,26,13,0,10,0.31,YES
1,,2639,Al Malaz,Al Malaz district_10000541,Resid.,Closed,surveyor11,25-Jan,"January 26, 25","January 27, 25",0.61,0.3,0,0,0,0,2,78,45,22,18,5,33,0,30,3,77,20,43,14,0,22,0.31,0
1,,3957,Al Aqeeq,Al-Aqeek_10000042,Resid.,Closed,surveyor11,25-Jan,"January 12, 25","January 16, 25",0.22,0.12,0,0,0,0,2,45,13,5,7,1,32,0,29,3,31,13,13,5,0,5,0.31,0
1,,5510,Ghirnatah,Ghornata district_155,Resid.,Closed,surveyor13,25-Feb,"February 5, 25","February 6, 25",0.4,0.2,0,0,0,0,2,75,66,14,22,30,9,0,6,3,85,4,38,43,0,14,0.31,YES
1,,4077,Al Nakheel,Al-Nakheel_10000095,Mixed.,Off-Plan,fabdelrahman,25-May,"January 21, 25","May 25, 25",0.26,0.15,0,0,0,0,2,35,12,0,12,0,23,0,21,2,36,15,16,5,0,5,0.31,0
1,,5511,Ghirnatah,Ghornata district_156,Resid.,Closed,surveyor2,25-Feb,"February 5, 25","February 6, 25",0.3,0.15,0,0,0,0,2,74,36,11,12,13,38,1,36,1,52,2,28,22,0,11,0.31,0
1,,3849,Al Yasmeen,Al Yasmeen district_10000208,Resid.,Closed,surveyor3,25-Dec,"October 27, 24","March 18, 25",0.08,0.05,0,0,0,0,2,44,12,0,9,3,32,0,30,2,18,1,9,8,0,0,0.31,YES
1,,5470,Eastern Umm Hamam,city Riyadh Umm Hamam eastern district_1450,Mixed.,Closed,surveyor3,25-Feb,"February 16, 25","February 18, 25",1.14,0.46,0,0,0,0,2,156,123,63,26,34,33,0,30,3,146,1,95,50,0,63,0.31,YES
1,,2548,Al Malaz,Al Malaz district_10000486,Resid.,Closed,surveyor5,25-Jan,"January 26, 25","January 27, 25",0.83,0.4,0,0,0,0,2,89,62,32,26,4,27,1,22,4,97,20,64,13,0,32,0.31,YES
1,,3354,Al Sahafah,Al Sahafah district_10000256,Resid.,Closed,surveyor5,"  v-24","November18, 24","January 5, 25",0.14,0.07,0,0,0,0,2,43,20,6,8,6,23,0,22,1,22,1,13,8,0,6,0.31,YES
1,,4033,Al Nakheel,Al-Nakheel_10000073,Resid.,Closed,surveyor5,25-Jan,"January 21, 25","January 21, 25",0.03,0.02,0,0,0,0,2,10,2,0,1,1,8,0,8,0,7,1,3,3,0,0,0.31,YES
1,,3719,Al Yasmeen,Al Yasmeen district_10000141,Resid.,Closed,surveyor7,"  v-24","October 16, 24","October 24, 24",0.61,0.26,0,0,0,0,2,160,38,32,5,1,122,1,105,16,71,13,39,19,0,32,0.31,YES
1,,4897,Al Nafel,Al Nafel district_10000342,Mixed.,Closed,,25-Dec,"December 12, 24","December 16, 24",0.69,0.32,0,0,0,0,2,175,64,28,14,22,111,1,108,2,104,23,46,35,0,28,0.31,YES
1,,3325,Al Sahafah,Al Sahafah district_10000242,Resid.,Closed,,"  v-24","November18, 24","November18, 24",0.38,0.15,0,0,0,0,2,113,35,22,8,5,78,0,78,0,37,1,30,6,0,22,0.31,YES
1,,3362,Al Sahafah,Al Sahafah district_10000260,Resid.,Closed,,"  v-24","November26, 24","November26, 24",0.02,0.01,0,0,0,0,2,10,3,0,3,0,7,0,7,0,3,0,3,0,0,0,0.31,YES
1,,3366,Al Sahafah,Al Sahafah district_10000262,Resid.,Closed,,"  v-24","December 1, 24","December 1, 24",0.19,0.12,0,0,0,0,2,58,17,2,12,3,41,0,41,0,29,10,15,4,0,2,0.31,YES
1,,3603,Al Woroud,Al Woroud district_10000156,Resid.,Off-Plan,fabdelrahman,25-Feb,"February 10, 25","May 28, 25",0.61,0.3,0,0,0,0,2,67,43,23,20,0,24,0,20,4,76,17,43,16,0,23,0.31,0
1,,3787,Al Yasmeen,Al Yasmeen district_10000177,Resid.,Closed,,25-Dec,"October 22, 24","October 23, 24",0.21,0.09,0,0,0,0,2,56,12,10,2,0,44,0,43,1,20,5,13,2,0,10,0.31,0
1,,5087,Ar Rabie,Ar Rabie district_10000289,Resid.,Closed,,25-Dec,"December 5, 24","December 9, 24",0.11,0.04,0,0,0,0,2,40,12,6,2,4,28,0,28,0,13,1,8,4,0,6,0.31,YES
1,,2653,Al Malqa,Al Malqa district_10000011,Com,Off-Plan,aalosaimi,25-Apr,"January 2, 25","May 5, 25",0.14,0.08,0,0,0,0,1,50,23,3,15,5,27,4,22,1,24,0,15,9,0,3,0.31,0
1,,4424,Al Olaya,Olaya area ter_4,Com,Closed,aalngedan,,,,1.41,0.94,0,0,0,0,2,54,0,0,0,0,54,20,26,8,215,180,22,13,0,0,0.29,0
1,,2557,Al Malaz,Al Malaz district_10000495,Com,Closed,surveyor1,25-Jan,"January 23, 25","January 23, 25",0.32,0.19,0,0,0,0,2,43,27,5,11,11,16,1,11,4,73,21,18,34,0,5,0.29,YES
1,,4195,Al Hada,city Riyadh Al Hada district_1126,Indust.,Open,,,,,0.01,0.01,0,0,0,0,1,3,0,0,0,0,3,0,3,0,2,0,2,0,0,-2,0.28,0
1,,4235,Al Hada,city Riyadh Al Hada district_1146,Indust.,Open,,,,,0.01,0,0,0,0,0,1,1,0,0,0,0,1,0,1,0,1,0,1,0,0,-1,0.28,0
1,,4242,Al Hada,city Riyadh Al Hada district_1149,,Open,,,,,0.01,0.01,0,0,0,0,1,1,0,0,0,0,1,0,1,0,2,1,1,0,0,-2,0.28,0
1,,4521,Qurtubah,Qurtubah district_338,Resid.,Open,,,,,0.01,0,0,0,0,0,1,1,0,0,0,0,1,0,1,0,1,0,1,0,0,-1,0.28,0
1,,2777,Al Malqa,Al Malqa district_10000074,Resid.,Closed,aalngedan,,,,0.23,0.15,0,1,0,0,2,28,0,0,0,0,28,7,21,0,44,23,13,8,0,0,0.26,YES
1,,4015,Al Nakheel,Al-Nakheel_10000064,Resid.,Closed,salsiqami,25-Jan,"January 2, 25","January 22, 25",0.44,0.29,0,1,0,0,2,46,14,1,13,0,32,0,29,3,73,40,18,15,0,1,0.26,YES
1,,2956,Al Muhammadiyah,Al Muhammadiyah district_10000073,Resid.,Closed,surveyor2,25-Jan,"January 19, 25","January 20, 25",0.76,0.46,0,1,0,0,2,62,27,10,17,0,35,0,31,4,109,63,31,15,0,10,0.26,YES
1,,3000,Al Mutamarat,Al Mutamarat district_10000359,Com,Closed,surveyor3,25-Jan,"January 22, 25","January 23, 25",0.26,0.17,1,0,0,0,1,39,10,0,9,1,29,0,17,12,42,13,12,17,0,0,0.26,0
1,,5645,Al Nafel,RUH_La Valle mall,Com,Closed,aalosaimi,25-Dec,"December 18, 24","December 18, 24",0.16,0.08,0,0,0,0,1,44,21,7,6,8,23,0,23,0,26,2,14,10,0,7,0.26,YES
1,,2913,Al Muhammadiyah,Al Muhammadiyah district_10000055,Com,Closed,ashuban,25-Jan,"January 20, 25","January 20, 25",0.04,0.03,0,0,0,0,1,15,9,0,2,7,6,0,6,0,14,3,3,8,0,0,0.26,0
1,,5017,Al Sulaimaniyah,Al Sulaimaniyah district_10000354,Com,Closed,surveyor11,25-Jan,,,0.08,0.05,0,0,0,0,1,13,0,0,0,0,13,1,9,3,13,5,5,3,0,0,0.26,0
1,,5471,Eastern Umm Hamam,city Riyadh Umm Hamam eastern district_1621,Com,Closed,surveyor4,25-Feb,"February 11, 25","February 17, 25",1.09,0.52,0,0,0,0,1,147,104,43,37,24,43,0,40,3,178,35,74,69,0,43,0.26,0
1,,5116,Ar Rahmaniyah,Ar Rahmaniyah district_10000181,Resid.,Off-Plan,fabdelrahman,25-Apr,"April 28, 25","April 28, 25",0.36,0.18,1,0,0,0,1,65,27,12,15,0,38,3,30,5,56,18,31,7,0,12,0.25,0
1,,2540,Al Malaz,Al Malaz district_10000038,Mixed.,Closed,surveyor3,25-Jan,"January 22, 25","January 27, 25",0.19,0.12,1,0,0,0,2,30,3,0,3,0,27,1,14,12,35,11,9,15,0,0,0.24,0
1,,2543,Al Malaz,Al Malaz district_10000481,Resid.,Closed,surveyor3,25-Jan,"January 25, 25","January 26, 25",0.25,0.17,0,0,0,0,2,31,16,0,15,1,15,0,13,2,45,18,17,10,0,0,0.24,0
1,,3043,Al Olaya,Al Olaya district_10000232,Mixed.,Closed,aalngedan,,,,0.26,0.17,1,0,0,0,2,15,0,0,0,0,15,0,14,1,38,31,5,2,0,0,0.23,0
1,,5240,Al Raed,city Riyadh Al Raed district_1598,Mixed.,Closed,surveyor11,25-Jan,"October 9, 24","May 14, 25",0.62,0.18,1,0,0,0,2,141,73,50,15,8,68,13,43,12,64,25,13,25,1,49,0.23,0
1,,4321,King Saud University,city Riyadh King Saud University district_1600,Mixed.,Closed,surveyor13,25-Feb,"February 18, 25","February 18, 25",0.53,0.35,1,0,0,0,2,33,3,0,0,3,30,0,22,8,106,66,8,32,0,0,0.23,0
1,,2668,Al Malqa,Al Malqa district_10000021,Resid.,Closed,aalngedan,,,,0.1,0.07,0,1,0,0,1,18,0,0,0,0,18,4,10,4,17,6,7,4,0,0,0.23,0
1,,3992,Al Aqeeq,Al-Aqeek_10000059,Resid.,Closed,aalosaimi,25-Jan,"January 8, 25","January 8, 25",0.01,0.01,0,1,0,0,1,12,3,0,0,3,9,0,9,0,6,0,2,4,0,0,0.23,0
1,,3895,Al Aqeeq,Al-Aqeek_10000011,Resid.,Closed,fabdelrahman,25-Jan,"December 29, 24","January 14, 25",0.19,0.1,0,1,0,0,1,53,14,7,3,4,39,0,34,5,28,7,11,10,0,7,0.23,0
1,,2909,Al Muhammadiyah,Al Muhammadiyah district_10000053,Resid.,Closed,surveyor1,25-Jan,"January 19, 25","January 19, 25",0.03,0.02,0,1,0,0,1,14,1,0,1,0,13,1,11,1,4,1,2,1,0,0,0.23,0
1,,6315,Al Khalidiyah,Al Khalideyeh district_10000446,Resid.,Open,,,,,0.19,0.12,0,0,0,0,2,22,0,0,0,0,22,2,15,5,33,21,4,8,0,-26,0.21,0
1,,6153,Al Faisaliyah,Al Faisaliyah district_89,Indust.,Open,,,,,0.82,0.55,0,0,0,0,2,25,0,0,0,0,25,0,25,0,127,105,10,12,0,-115,0.21,0
1,,4712,Al Falah,Al Falah district_35,Resid.,Open,,,,,0.19,0.12,0,0,0,0,2,20,0,0,0,0,20,2,13,5,37,21,5,11,0,-26,0.21,0
1,,6320,Al Khalidiyah,Al Khalideyeh district_10000451,Resid.,Open,,,,,0.11,0.08,0,0,0,0,2,14,0,0,0,0,14,1,12,1,21,13,3,5,0,-16,0.21,0
1,,6330,Al Khalidiyah,Al Khalideyeh district_10000461,Resid.,Open,,,,,0.21,0.14,0,0,0,0,2,15,0,0,0,0,15,2,11,2,41,25,5,11,0,-30,0.21,0
1,,2971,Al Murabba,Al Murabba district_10000411,Resid.,Off-Plan,ashuban,25-May,"May 29, 25","May 29, 25",0.94,0.62,0,0,0,0,2,103,82,25,57,0,21,0,14,7,148,121,6,21,0,-131,0.21,0
1,,4813,Al Mursalat,Al Mursalat district_10000112,Mixed.,Open,,,,,0.13,0.09,0,0,0,0,2,18,0,0,0,0,18,0,14,4,20,10,7,3,0,-18,0.21,0
1,,4825,Al Mursalat,Al Mursalat district_10000124,Resid.,Open,,,,,0.41,0.28,0,0,0,0,2,28,0,0,0,0,28,0,27,1,64,48,10,6,0,-58,0.21,YES
1,,4829,Al Mursalat,Al Mursalat district_10000128,Resid.,Open,,,,,0.47,0.31,0,0,0,0,2,41,0,0,0,0,41,0,37,4,86,52,12,22,0,-66,0.21,YES
1,,4931,Al Nuzha,Al Nuzha district_75,Resid.,Open,,,,,0.39,0.26,0,0,0,0,2,29,0,0,0,0,29,2,20,7,66,43,9,14,0,-54,0.21,YES
1,,4932,Al Nuzha,Al Nuzha district_76,Resid.,Open,,,,,0.23,0.15,0,0,0,0,2,7,0,0,0,0,7,1,4,2,41,27,4,10,0,-32,0.21,YES
1,,4939,Al Nuzha,Al Nuzha district_83,Mixed.,Open,,,,,0.56,0.38,0,0,0,0,2,26,0,0,0,0,26,1,20,5,102,69,10,23,0,-79,0.21,YES
1,,3195,Al Rawdah,Al Rawdah district_34,Resid.,Off-Plan,ashuban,25-Jun,"Jun 4, 25","Jun 4, 25",0.34,0.23,0,0,0,0,2,25,0,4,0,0,25,4,15,6,59,38,8,13,0,-48,0.21,YES
1,,3221,Al Rawdah,Al Rawdah district_47,Resid.,In progress,fabdelrahman,25-Jun,"Jun 11, 25",,0.14,0.09,0,0,0,0,2,14,0,0,0,0,14,1,11,2,22,11,7,4,0,-19,0.21,0
1,,3252,Al Rawdah,Al Rawdah district_63,Resid.,Planned,fabdelrahman,25-Jun,,,0.19,0.12,0,0,0,0,2,7,0,0,0,0,7,1,5,1,31,22,4,5,0,-26,0.21,YES
1,,3262,Al Rawdah,Al Rawdah district_68,Resid.,In progress,ashuban,25-Jun,"Jun 4, 25",,0.39,0.26,0,0,0,0,2,15,0,0,0,0,15,1,8,6,60,44,6,10,0,-54,0.21,0
1,,3532,Al Wizarat,Al Wizarat district_10000580,Resid.,Off-Plan,ashuban,25-Jun,"Jun 2, 25","Jun 2, 25",0.3,0.2,0,0,0,0,2,65,49,39,10,0,16,0,14,2,48,38,2,8,0,-42,0.21,0
1,,3568,Al Wizarat,Al Wizarat district_10000598,Resid.,Off-Plan,fabdelrahman,25-Jun,"Jun 2, 25","Jun 2, 25",0.21,0.14,0,0,0,0,2,17,10,6,4,0,7,0,3,4,38,25,3,10,0,-30,0.21,0
1,,7012,Al Nafal,Alnafal_00122,Mixed.,Open,,,,,0.34,0.23,0,0,0,0,2,14,0,0,0,0,14,0,13,1,54,44,4,6,0,-48,0.21,0
1,,5407,Al Sharafiyah,city Riyadh Al Sharafiyah district_1244,Resid.,Off-Plan,fabdelrahman,25-May,"May 31, 25","May 31, 25",0.09,0.06,0,0,0,0,2,19,6,4,2,0,13,1,11,1,16,9,4,3,0,-13,0.21,0
1,,5409,Al Sharafiyah,city Riyadh Al Sharafiyah district_1246,Mixed.,Off-Plan,fabdelrahman,25-May,"May 31, 25","May 31, 25",0.18,0.12,0,0,0,0,2,42,27,20,7,0,15,0,12,3,29,20,4,5,0,-25,0.21,0
1,,5412,Al Sharafiyah,city Riyadh Al Sharafiyah district_1249,Resid.,Off-Plan,fabdelrahman,25-May,"May 31, 25","May 31, 25",0.2,0.13,0,0,0,0,2,40,22,16,6,0,18,0,13,5,32,20,5,7,0,-28,0.21,0
1,,5417,Al Sharafiyah,city Riyadh Al Sharafiyah district_1254,Resid.,Off-Plan,fabdelrahman,25-May,"May 31, 25","May 31, 25",0.11,0.07,0,0,0,0,2,30,10,6,4,0,20,1,10,9,25,10,4,11,0,-15,0.21,0
1,,4446,Qurtubah,Qurtubah district_298,Resid.,Open,,,,,0.12,0.08,0,0,0,0,2,12,0,0,0,0,12,0,11,1,21,12,5,4,0,-17,0.21,YES
1,,4456,Qurtubah,Qurtubah district_303,Resid.,Open,,,,,0.16,0.11,0,0,0,0,2,6,0,0,0,0,6,1,5,0,27,20,4,3,0,-23,0.21,YES
1,,4481,Qurtubah,Qurtubah district_315,Resid.,Open,,,,,0.06,0.04,0,0,0,0,2,10,0,0,0,0,10,0,10,0,10,6,3,1,0,-9,0.21,0
1,,4485,Qurtubah,Qurtubah district_319,Resid.,Open,,,,,0.15,0.1,0,0,0,0,2,15,0,0,0,0,15,1,13,1,24,13,8,3,0,-21,0.21,YES
1,,4527,Qurtubah,Qurtubah district_342,Resid.,Open,,,,,0.12,0.08,0,0,0,0,2,16,0,0,0,0,16,1,15,0,18,12,6,0,0,-17,0.21,0
1,,5668,Salahuddin,Salahuddin district_10000145,Mixed.,Open,,,,,0.43,0.29,0,0,0,0,2,21,0,0,0,0,21,1,18,2,78,56,4,18,0,-60,0.21,0
1,,2975,Al Murabba,Al Murabba district_10000414,Mixed.,Off-Plan,fabdelrahman,25-Apr,"April 9, 25","April 9, 25",0.18,0.1,0,0,0,0,2,19,14,3,2,9,5,0,5,0,25,9,5,11,0,3,0.21,0
1,,3566,Al Wizarat,Al Wizarat district_10000597,Mixed.,Off-Plan,fabdelrahman,25-Apr,,,0.16,0.1,0,0,0,0,2,24,0,0,0,0,24,4,16,4,29,13,9,7,0,0,0.21,0
1,,3219,Al Rawdah,Al Rawdah district_46,Resid.,In progress,fabdelrahman,25-Jun,"Jun 11, 25",,0.24,0.16,0,0,0,0,2,11,0,0,0,0,11,1,8,2,40,28,5,7,0,0,0.21,YES
1,,3223,Al Rawdah,Al Rawdah district_48,Resid.,Planned,fabdelrahman,25-Jun,,,0.26,0.17,0,0,0,0,2,18,0,0,0,0,18,2,13,3,41,28,7,6,0,0,0.21,YES
1,,5036,Al Taawun,Al Taawon district_52,Resid.,Off-Plan,,,"May 8, 25","May 8, 25",0.54,0.36,0,0,0,0,2,61,37,15,22,0,24,1,17,6,104,48,43,13,0,15,0.21,YES
1,,2838,Al Malqa,Al Malqa district_10000103,Resid.,Closed,aalngedan,,"January 2, 25","January 2, 25",0.04,0.02,1,0,0,0,1,12,1,0,0,1,11,1,6,4,10,2,3,5,0,0,0.2,0
1,,6791,Al Narjis,Al Narjas district_70,Resid.,Closed,surveyor2,25-Jan,"January 16, 25","January 19, 25",0.21,0.09,1,0,0,0,1,35,12,10,2,0,23,0,21,2,20,4,14,2,0,10,0.2,0
1,,3352,Al Sahafah,Al Sahafah district_10000255,Resid.,Closed,,"  v-24","November18, 24","December 2, 24",0.57,0.25,1,0,0,0,1,168,64,27,23,14,104,1,101,2,66,2,51,13,0,27,0.2,YES
1,,5113,Ar Rahmaniyah,Ar Rahmaniyah district_10000015,Indust.,Closed,,25-Dec,,,0.06,0.04,1,0,0,0,1,10,0,0,0,0,10,0,9,1,10,3,5,2,0,0,0.2,0
1,,2770,Al Malqa,Al Malqa district_10000070,Com,Closed,aalbwardi,,,,0.16,0.11,0,0,0,0,1,18,0,0,0,0,18,2,16,0,23,12,11,0,0,0,0.19,0
1,,6145,Al Faisaliyah,Al Faisaliyah district_81,Mixed.,Open,,,,,0.03,0.02,0,0,0,0,1,3,0,0,0,0,3,0,3,0,4,1,3,0,0,-4,0.18,0
1,,4707,Al Falah,Al Falah district_30,Resid.,Open,,,,,0.08,0.05,0,0,0,0,1,18,0,0,0,0,18,2,13,3,15,5,6,4,0,-11,0.18,0
1,,4232,Al Hada,city Riyadh Al Hada district_1144,Mixed.,Open,,,,,0.02,0.01,0,0,0,0,1,2,0,0,0,0,2,0,2,0,3,1,2,0,0,-3,0.18,0
1,,5406,Al Sharafiyah,city Riyadh Al Sharafiyah district_11,Mixed.,Off-Plan,fabdelrahman,25-May,"May 31, 25","May 31, 25",0.03,0.02,0,0,0,0,1,6,0,0,0,0,6,1,4,1,5,0,4,1,0,-4,0.18,0
1,,5421,Al Sharafiyah,city Riyadh Al Sharafiyah district_1258,Resid.,Off-Plan,ashuban,25-May,"May 31, 25","May 31, 25",0.02,0.01,0,0,0,0,1,4,1,0,1,0,3,0,2,1,4,1,2,1,0,-3,0.18,0
1,,4510,Qurtubah,Qurtubah district_333,Resid.,Open,,,,,0.06,0.04,0,0,0,0,1,8,0,0,0,0,8,0,4,4,9,2,2,5,0,-8,0.18,0
1,,3862,Al Yasmeen,Al Yasmeen district_10000214,Resid.,Off-Plan,aalosaimi,25-Mar,"November11, 24","March 18, 25",0.04,0.02,0,0,0,0,1,18,14,1,8,5,4,0,4,0,10,0,5,5,0,1,0.18,YES
1,,3872,Al Yasmeen,Al Yasmeen district_10000219,Resid.,Off-Plan,aalosaimi,25-Mar,"November11, 24","March 19, 25",0.09,0.04,0,0,0,0,1,27,13,3,8,2,14,0,14,0,11,4,5,2,0,3,0.18,YES
1,,4029,Al Nakheel,Al-Nakheel_10000071,Resid.,Off-Plan,abinsaedan,25-Jan,"January 21, 25","April 30, 25",0.14,0.09,0,0,0,0,1,25,13,1,11,1,12,1,10,1,24,8,12,4,0,1,0.18,YES
1,,5030,Al Taawun,Al Taawon district_46,Resid.,Off-Plan,ashuban,25-May,"May 6, 25","May 6, 25",0.25,0.12,0,0,0,0,1,39,24,10,14,0,15,1,11,3,44,9,25,10,0,10,0.18,0
1,,3341,Al Sahafah,Al Sahafah district_10000250,Resid.,Off-Plan,fabdelrahman,25-Mar,"November24, 24","March 19, 25",0.06,0.02,0,0,0,0,1,22,13,3,9,1,9,0,9,0,7,0,7,0,0,3,0.18,YES
1,,3693,Al Yasmeen,Al Yasmeen district_10000128,Resid.,Off-Plan,fabdelrahman,25-Mar,"November4, 24","March 18, 25",0.05,0.03,0,0,0,0,1,21,9,1,7,1,12,0,12,0,9,0,7,2,0,1,0.18,0
1,,3695,Al Yasmeen,Al Yasmeen district_10000129,Resid.,Off-Plan,fabdelrahman,25-Mar,"November4, 24","March 18, 25",0.06,0.03,0,0,0,0,1,32,10,2,5,3,22,1,19,2,11,1,5,5,0,2,0.18,YES
1,,4469,Qurtubah,Qurtubah district_309,Resid.,Off-Plan,fabdelrahman,25-May,"May 4, 25","May 4, 25",0.24,0.1,0,0,0,0,1,24,17,13,4,0,7,0,7,0,35,16,17,2,0,13,0.18,0
1,,2849,Al Malqa,Al Malqa district_10000430,Resid.,Off-Plan,surveyor3,25-Mar,"March 27, 25","March 27, 25",0.04,0.02,0,0,0,0,1,10,5,1,0,4,5,0,5,0,5,0,1,4,0,1,0.18,0
1,,2856,Al Malqa,Al Malqa district_10000433,Resid.,Off-Plan,surveyor3,25-Mar,"March 27, 25","March 27, 25",0.04,0.02,0,0,0,0,1,10,5,0,3,2,5,0,4,1,7,0,3,4,0,0,0.18,0
1,,3703,Al Yasmeen,Al Yasmeen district_10000133,Resid.,Off-Plan,surveyor3,25-Mar,"November4, 24","March 18, 25",0.05,0.03,0,0,0,0,1,23,14,0,9,5,9,0,9,0,11,1,5,5,0,0,0.18,YES
1,,4248,Al Hada,city Riyadh Al Hada district_1263,Indust.,Open,,,,,0.1,0.07,2,0,0,0,1,29,0,0,0,0,29,1,26,2,19,9,5,5,0,-14,0.17,0
1,,4211,Al Hada,city Riyadh Al Hada district_1134,Mixed.,Open,,,,,0.01,0.01,1,0,0,0,0,4,0,0,0,0,4,0,4,0,3,1,1,1,0,-2,0.17,0
1,,6125,Al Faisaliyah,Al Faisaliyah district_61,Com,Open,,,,,0.14,0.09,0,0,0,0,1,7,0,0,0,0,7,0,6,1,23,13,6,4,0,-19,0.16,0
1,,6129,Al Faisaliyah,Al Faisaliyah district_65,Com,Open,,,,,0.4,0.27,0,0,0,0,1,21,0,0,0,0,21,1,18,2,58,50,6,2,0,-56,0.16,0
1,,6134,Al Faisaliyah,Al Faisaliyah district_70,Com,Open,,,,,0.24,0.16,0,0,0,0,1,13,0,0,0,0,13,0,12,1,36,27,6,3,0,-33,0.16,0
1,,6140,Al Faisaliyah,Al Faisaliyah district_76,Com,Open,,,,,0.44,0.29,0,0,0,0,1,22,0,0,0,0,22,0,21,1,63,52,9,2,0,-61,0.16,0
1,,6144,Al Faisaliyah,Al Faisaliyah district_80,Com,Open,,,,,0.38,0.25,0,0,0,0,1,22,0,0,0,0,22,1,17,4,59,46,5,8,0,-53,0.16,0
1,,2758,Al Malqa,Al Malqa district_10000063,Resid.,Closed,aalbwardi,,,,0.22,0.15,0,0,0,0,2,37,0,0,0,0,37,5,30,2,46,19,13,14,0,0,0.16,0
1,,2768,Al Malqa,Al Malqa district_10000069,Resid.,Closed,aalbwardi,,,,0.35,0.23,0,0,0,0,2,49,0,0,0,0,49,9,37,3,67,38,19,10,0,0,0.16,YES
1,,4606,Al Yasmeen,RUH_Roof mall,Indust.,Closed,aalbwardi,"  v-24","November7, 24","November7, 24",0.09,0.05,0,0,0,0,2,16,2,1,0,1,14,1,13,0,15,7,4,4,0,1,0.16,0
1,,3032,Al Olaya,Al Olaya district_10000227,Resid.,Closed,aalngedan,,,,0.21,0.14,0,0,0,0,2,7,0,0,0,0,7,1,5,1,35,27,3,5,0,0,0.16,0
1,,3090,Al Olaya,Al Olaya district_10000254,Resid.,Closed,aalngedan,,"January 1, 25","January 1, 25",0.39,0.26,0,0,0,0,2,20,1,0,1,0,19,0,15,4,68,46,7,15,0,0,0.16,YES
1,,3170,Al Olaya,Al Olaya district_10000292,Resid.,Closed,aalngedan,,,,0.19,0.12,0,0,0,0,2,18,0,0,0,0,18,1,9,8,33,18,3,12,0,0,0.16,YES
1,,2723,Al Malqa,Al Malqa district_10000048,Resid.,Closed,aalsahafi,,,,0.14,0.1,0,0,0,0,2,12,0,0,0,0,12,0,10,2,26,17,4,5,0,0,0.16,YES
1,,3517,Al Sulaimaniyah,Al Sulaimaniyah district_10000349,Mixed.,Closed,abinsaedan,25-Feb,,,0.06,0.04,0,0,0,0,2,10,0,0,0,0,10,1,7,2,13,7,3,3,0,0,0.16,0
1,,3573,Al Wizarat,Al Wizarat district_10000601,Resid.,Closed,abinsaedan,,,,0.24,0.16,0,0,0,0,2,17,0,0,0,0,17,1,12,4,41,25,6,10,0,0,0.16,YES
1,,3495,Al Sulaimaniyah,Al Sulaimaniyah district_10000338,Resid.,Closed,ashuban,25-Feb,"February 3, 25","February 3, 25",0.2,0.13,0,0,0,0,2,50,2,1,1,0,48,1,40,7,39,14,11,14,0,1,0.16,0
1,,3506,Al Sulaimaniyah,Al Sulaimaniyah district_10000343,Resid.,Closed,fabdelrahman,25-Jan,"January 29, 25","January 29, 25",0.46,0.3,0,0,0,0,2,49,22,2,12,8,27,0,26,1,83,39,23,21,0,2,0.16,0
1,,4006,Al Aqeeq,Al-Aqeek_10000134,Mixed.,Closed,fabdelrahman,25-Jan,"December 23, 24","January 22, 25",0.62,0.4,0,0,0,0,2,53,5,3,2,0,48,5,31,12,108,76,13,19,0,3,0.16,0
1,,5019,Al Sulaimaniyah,Al Sulaimaniyah district_10000356,Resid.,Closed,surveyor11,25-Jan,"January 29, 25","January 29, 25",0.36,0.24,0,0,0,0,2,30,13,1,12,0,17,0,17,0,57,31,19,7,0,1,0.16,0
1,,5228,Al Raed,city Riyadh Al Raed district_1334,Mixed.,Closed,surveyor3,25-Jan,"January 29, 25","January 29, 25",0.31,0.2,0,0,0,0,2,44,15,1,10,4,29,0,24,5,54,26,14,14,0,1,0.16,0
1,,3304,Al Sahafah,Al Sahafah district_10000232,Mixed.,Closed,surveyor5,"  v-24","November27, 24","January 5, 25",0.18,0.12,0,0,0,0,2,39,12,0,9,3,27,1,25,1,34,14,11,9,0,0,0.16,YES
1,,3828,Al Yasmeen,Al Yasmeen district_10000197,Resid.,Closed,,25-Dec,"October 13, 24","October 20, 24",0.29,0.13,0,0,0,0,2,67,19,12,5,2,48,0,42,6,38,17,10,11,0,12,0.16,0
1,,5119,Ar Rahmaniyah,Ar Rahmaniyah district_10000184,Mixed.,Closed,,25-Dec,"December 30, 24","December 30, 24",0.34,0.21,0,0,0,0,2,29,9,3,6,0,20,1,17,2,52,32,11,9,0,3,0.16,0
1,,5133,Ar Rahmaniyah,Ar Rahmaniyah district_10000198,Resid.,Closed,,25-Dec,"December 30, 24","January 28, 25",0.19,0.12,0,0,0,0,2,52,12,2,9,1,40,0,40,0,27,14,11,2,0,2,0.16,0
1,,2958,Al Murabba,Al Murabba district_10000043,Com,Off-Plan,fabdelrahman,25-Apr,,,0.06,0.04,0,0,0,0,1,3,0,0,0,0,3,1,2,0,11,7,3,1,0,0,0.16,0
1,,5233,Al Raed,city Riyadh Al Raed district_1339,Resid.,Closed,fabdelrahman,25-Jan,"January 29, 25","January 29, 25",0.09,0.05,0,2,0,0,0,30,10,2,4,4,20,0,20,0,16,2,8,6,0,2,0.15,YES
1,,5106,Ar Rabie,Ar Rabie district_10000308,Resid.,Closed,,25-Dec,,,0.02,0.01,0,0,0,0,1,12,0,0,0,0,12,0,7,5,7,2,0,5,0,0,0.13,0
1,,6127,Al Faisaliyah,Al Faisaliyah district_63,Com,Open,,,,,0.16,0.1,0,0,0,0,0,0,0,0,0,0,0,0,0,0,22,22,0,0,0,-22,0.13,0
1,,6136,Al Faisaliyah,Al Faisaliyah district_72,Com,Open,,,,,0.1,0.07,0,0,0,0,0,0,0,0,0,0,0,0,0,0,14,14,0,0,0,-14,0.13,0
1,,3731,Al Yasmeen,Al Yasmeen district_10000147,Resid.,Closed,aabdulrahim,"  v-24","October 16, 24","October 17, 24",0.19,0.08,0,0,0,0,1,43,11,10,1,0,32,0,30,2,19,6,11,2,0,10,0.13,YES
1,,3757,Al Yasmeen,Al Yasmeen district_10000160,Resid.,Closed,aabdulrahim,"  v-24","October 20, 24","October 20, 24",0.02,0.01,0,0,0,0,1,9,1,1,0,0,8,0,8,0,2,1,1,0,0,1,0.13,0
1,,3759,Al Yasmeen,Al Yasmeen district_10000161,Resid.,Closed,aabdulrahim,"  v-24","October 20, 24","October 20, 24",0.06,0.02,0,0,0,0,1,21,5,3,1,1,16,0,16,0,7,1,4,2,0,3,0.13,0
1,,3789,Al Yasmeen,Al Yasmeen district_10000178,Resid.,Closed,aabdulrahim,25-Dec,"October 23, 24","October 28, 24",0.51,0.22,0,0,0,0,1,117,29,24,5,0,88,0,87,1,49,15,31,3,0,24,0.13,0
1,,2787,Al Malqa,Al Malqa district_10000079,Resid.,Closed,aalbwardi,,,,0.03,0.02,0,0,0,0,1,4,0,0,0,0,4,0,3,1,5,1,3,1,0,0,0.13,0
1,,2791,Al Malqa,Al Malqa district_10000081,Resid.,Closed,aalbwardi,,,,0.03,0.02,0,0,0,0,1,5,0,0,0,0,5,0,5,0,4,2,2,0,0,0,0.13,0
1,,6746,Al Narjis,Al Narjas district_172,Resid.,Closed,aalbwardi,25-Dec,,,0,0,0,0,0,0,1,3,0,0,0,0,3,1,2,0,1,0,1,0,0,0,0.13,0
1,,3665,Al Yasmeen,Al Yasmeen district_10000114,Resid.,Closed,aalbwardi,"  v-24","November5, 24","November5, 24",0.15,0.08,0,0,0,0,1,57,15,4,10,1,42,1,38,3,20,3,14,3,0,4,0.13,0
1,,3687,Al Yasmeen,Al Yasmeen district_10000125,Resid.,Closed,aalbwardi,"  v-24","November5, 24","November5, 24",0.05,0.02,0,0,0,0,1,13,4,2,1,1,9,0,9,0,7,1,4,2,0,2,0.13,0
1,,5091,Ar Rabie,Ar Rabie district_10000293,Resid.,Closed,aalbwardi,25-Dec,"December 4, 24","December 4, 24",0.27,0.12,0,0,0,0,1,103,30,13,13,4,73,0,73,0,34,1,24,9,0,13,0.13,YES
1,,2678,Al Malqa,Al Malqa district_10000025,Resid.,Closed,aalngedan,,,,0.09,0.06,0,0,0,0,1,19,0,0,0,0,19,3,15,1,16,5,8,3,0,0,0.13,0
1,,2684,Al Malqa,Al Malqa district_10000028,Resid.,Closed,aalngedan,,,,0.02,0.01,0,0,0,0,1,8,0,0,0,0,8,0,8,0,4,1,2,1,0,0,0.13,0
1,,3119,Al Olaya,Al Olaya district_10000265,Resid.,Closed,aalngedan,,,,0.04,0.02,0,0,0,0,1,9,0,0,0,0,9,1,6,2,8,2,3,3,0,0,0.13,0
1,,3671,Al Yasmeen,Al Yasmeen district_10000117,Resid.,Closed,aalngedan,"  v-24","November12, 24","November12, 24",0.1,0.06,0,0,0,0,1,48,12,1,7,4,36,1,34,1,19,3,10,6,0,1,0.13,YES
1,,2831,Al Malqa,Al Malqa district_10000100,Resid.,Closed,aalsahafi,,,,0.14,0.09,0,0,0,0,1,38,0,0,0,0,38,1,34,3,25,9,10,6,0,0,0.13,0
1,,2853,Al Malqa,Al Malqa district_10000432,Resid.,Closed,aalsahafi,,,,0.04,0.03,0,0,0,0,1,3,0,0,0,0,3,0,3,0,6,3,3,0,0,0,0.13,0
1,,3470,Al Sulaimaniyah,Al Sulaimaniyah district_10000326,Resid.,Closed,abinsaedan,25-Feb,"February 4, 25","February 5, 25",0.54,0.27,0,0,0,0,1,105,59,18,18,23,46,1,41,4,93,15,42,36,0,18,0.13,YES
1,,2927,Al Muhammadiyah,Al Muhammadiyah district_10000062,Resid.,Closed,ashuban,25-Jan,"January 20, 25","January 20, 25",0.03,0.01,0,0,0,0,1,8,4,1,1,2,4,0,4,0,6,0,3,3,0,1,0.13,0
1,,3003,Al Mutamarat,Al Mutamarat district_10000361,Resid.,Closed,ashuban,25-Jan,"January 22, 25","January 22, 25",0.01,0.01,0,0,0,0,1,3,2,0,0,2,1,0,1,0,7,1,1,5,0,0,0.13,0
1,,4049,Al Nakheel,Al-Nakheel_10000081,Resid.,Closed,ashuban,25-Jan,,,0.01,0.01,0,0,0,0,1,1,0,0,0,0,1,0,1,0,2,1,1,0,0,0,0.13,0
1,,4051,Al Nakheel,Al-Nakheel_10000082,Resid.,Closed,ashuban,25-Jan,"January 21, 25","January 21, 25",0.03,0.02,0,0,0,0,1,3,1,0,0,1,2,0,2,0,5,2,2,1,0,0,0.13,0
1,,4101,Al Nakheel,Al-Nakheel_10000108,Resid.,Closed,ashuban,25-Jan,"January 21, 25","January 21, 25",0.15,0.1,0,0,0,0,1,48,24,1,11,12,24,1,16,7,39,6,12,21,0,1,0.13,YES
1,,4292,King Saud University,city Riyadh King Saud University district_1348,Resid.,Closed,ashuban,25-Feb,"February 18, 25","February 18, 25",0.1,0.07,0,0,0,0,1,22,9,0,1,8,13,3,9,1,36,7,9,20,0,0,0.13,0
1,,3457,Al Sulaimaniyah,Al Sulaimaniyah district_10000320,Resid.,Closed,Auditedor1,25-Feb,"February 3, 25","February 3, 25",0.38,0.18,0,0,0,0,1,84,58,16,14,28,26,0,26,0,75,1,36,38,0,16,0.13,YES
1,,3513,Al Sulaimaniyah,Al Sulaimaniyah district_10000347,Resid.,Closed,fabdelrahman,25-Feb,"February 3, 25","February 4, 25",0.34,0.17,0,0,0,0,1,53,34,12,10,12,19,1,12,6,58,10,24,24,0,12,0.13,0
1,,3881,Al Aqeeq,Al-Aqeek_10000003,Resid.,Closed,fabdelrahman,25-Jan,"January 12, 25","January 16, 25",0.32,0.17,0,0,0,0,1,61,15,10,5,0,46,2,40,4,43,13,22,8,0,10,0.13,0
1,,4053,Al Nakheel,Al-Nakheel_10000083,Resid.,Closed,fabdelrahman,25-Jan,"December 30, 24","January 22, 25",0.11,0.06,0,0,0,0,1,27,7,2,4,1,20,0,17,3,16,6,6,4,0,2,0.13,0
1,,4084,Al Nakheel,Al-Nakheel_10000099,Resid.,Closed,fabdelrahman,25-Jan,"January 7, 25","January 21, 25",0.23,0.1,0,0,0,0,1,58,27,11,8,8,31,0,27,4,31,2,16,13,0,11,0.13,0
1,,5523,Ghirnatah,Ghornata district_168,Resid.,Closed,fabdelrahman,25-Feb,,,0.01,0.01,0,0,0,0,1,1,0,0,0,0,1,0,1,0,2,1,1,0,0,0,0.13,0
1,,4359,King Fahd,King Fahd district_10000077,Mixed.,Closed,fabdelrahman,25-Feb,"February 20, 25","February 20, 25",0.86,0.45,0,0,0,0,1,91,55,25,17,13,36,2,30,4,136,44,49,43,0,25,0.13,0
1,,3807,Al Yasmeen,Al Yasmeen district_10000187,Resid.,Closed,malngedan,25-Dec,"November5, 24","November6, 24",0.12,0.05,0,0,0,0,1,40,15,6,5,4,25,0,25,0,13,0,11,2,0,6,0.13,0
1,,3868,Al Yasmeen,Al Yasmeen district_10000217,Resid.,Closed,malngedan,25-Dec,"October 23, 24","October 24, 24",0.09,0.06,0,0,0,0,1,34,6,1,5,0,28,1,24,3,16,5,7,4,0,1,0.13,0
1,,6801,Al Narjis,Al Narjas district_80,Resid.,Closed,salosaimi,25-Dec,"December 22, 24","December 22, 24",0.21,0.08,0,0,0,0,1,62,18,12,3,3,44,0,44,0,19,1,16,2,0,12,0.13,0
1,,6809,Al Narjis,Al Narjas district_88,Mixed.,Closed,salsiqami,25-Jan,"December 17, 24","December 17, 24",0.17,0.06,0,0,0,0,1,54,14,11,2,1,40,0,40,0,14,0,13,1,0,11,0.13,0
1,,6810,Al Narjis,Al Narjas district_89,Resid.,Closed,salsiqami,25-Jan,"December 17, 24","December 18, 24",0.19,0.07,0,0,0,0,1,52,14,12,2,0,38,0,38,0,14,0,14,0,0,12,0.13,0
1,,6820,Al Narjis,Al Narjas district_99,Resid.,Closed,salsiqami,25-Jan,"December 18, 24","December 18, 24",0.11,0.04,0,0,0,0,1,33,10,7,2,1,23,0,23,0,10,0,9,1,0,7,0.13,YES
1,,4267,Hiteen,city Riyadh Hiteen district_1528,Resid.,Closed,salsiqami,25-Jan,"January 2, 25","January 19, 25",0.71,0.38,0,0,0,0,1,132,52,20,19,13,80,0,79,1,109,36,43,30,0,20,0.13,YES
1,,2625,Al Malaz,Al Malaz district_10000534,Mixed.,Closed,surveyor1,25-Jan,"January 23, 25","January 26, 25",0.48,0.3,0,0,0,0,1,59,35,5,22,8,24,0,16,8,92,27,30,35,0,5,0.13,YES
1,,6704,Al Narjis,Al Narjas district_130,Resid.,Closed,surveyor1,25-Jan,"January 12, 25","January 12, 25",0.06,0.04,0,0,0,0,1,16,7,0,6,1,9,1,8,0,11,1,9,1,0,0,0.13,0
1,,6712,Al Narjis,Al Narjas district_138,Resid.,Closed,surveyor1,25-Jan,,,0.01,0,0,0,0,0,1,6,0,0,0,0,6,0,6,0,1,0,1,0,0,0,0.13,0
1,,6762,Al Narjis,Al Narjas district_42,Resid.,Closed,surveyor1,25-Jan,"January 15, 25","January 15, 25",0.11,0.07,0,0,0,0,1,32,21,0,9,12,11,0,9,2,30,2,12,16,0,0,0.13,0
1,,6778,Al Narjis,Al Narjas district_58,Resid.,Closed,surveyor1,25-Jan,"January 13, 25","January 13, 25",0.06,0.04,0,0,0,0,1,16,6,0,4,2,10,0,9,1,12,1,7,4,0,0,0.13,0
1,,6788,Al Narjis,Al Narjas district_68,Resid.,Closed,surveyor1,25-Jan,"January 8, 25","January 8, 25",0.1,0.04,0,0,0,0,1,33,8,5,3,0,25,0,23,2,11,0,9,2,0,5,0.13,0
1,,6798,Al Narjis,Al Narjas district_77,Resid.,Closed,surveyor1,25-Jan,"December 21, 24","December 21, 24",0.07,0.03,0,0,0,0,1,28,9,3,3,3,19,0,19,0,13,1,6,6,0,3,0.13,0
1,,6804,Al Narjis,Al Narjas district_83,Resid.,Closed,surveyor1,25-Jan,"December 22, 24","December 22, 24",0.19,0.07,0,0,0,0,1,56,18,13,1,4,38,0,38,0,17,0,14,3,0,13,0.13,0
1,,6811,Al Narjis,Al Narjas district_90,Resid.,Closed,surveyor1,25-Jan,"January 15, 25","January 15, 25",0.01,0.01,0,0,0,0,1,6,4,0,2,2,2,1,1,0,5,0,3,2,0,0,0.13,0
1,,6816,Al Narjis,Al Narjas district_95,Resid.,Closed,surveyor1,25-Jan,"January 16, 25","January 16, 25",0.41,0.2,0,0,0,0,1,55,41,17,16,8,14,1,13,0,52,8,34,10,0,17,0.13,YES
1,,3488,Al Sulaimaniyah,Al Sulaimaniyah district_10000334,Resid.,Closed,surveyor10,25-Feb,,,0.04,0.03,0,0,0,0,1,17,0,0,0,0,17,0,16,1,8,3,3,2,0,0,0.13,0
1,,2635,Al Malaz,Al Malaz district_10000539,Resid.,Closed,surveyor11,25-Jan,"January 23, 25","January 28, 25",0.64,0.33,0,0,0,0,1,101,49,21,23,5,52,1,49,2,83,21,47,15,0,21,0.13,0
1,,2641,Al Malaz,Al Malaz district_10000542,Resid.,Closed,surveyor11,25-Jan,"January 26, 25","January 26, 25",0.12,0.08,0,0,0,0,1,32,18,0,9,9,14,0,12,2,35,4,14,17,0,0,0.13,0
1,,2646,Al Malaz,Al Malaz district_10000544,Resid.,Closed,surveyor11,25-Jan,"January 22, 25","January 23, 25",0.45,0.21,0,0,0,0,1,80,31,19,12,0,49,1,46,2,51,10,33,8,0,19,0.13,0
1,,2901,Al Muhammadiyah,Al Muhammadiyah district_10000049,Resid.,Closed,surveyor11,25-Jan,,,0.04,0.03,0,0,0,0,1,6,0,0,0,0,6,1,4,1,9,3,3,3,0,0,0.13,0
1,,3625,Al Woroud,Al Woroud district_10000167,Mixed.,Closed,surveyor11,25-Feb,"January 2, 25","February 10, 25",0.6,0.35,0,0,0,0,1,66,34,10,23,1,32,3,24,5,94,27,46,21,0,10,0.13,YES
1,,3966,Al Aqeeq,Al-Aqeek_10000046,Mixed.,Closed,surveyor11,25-Jan,"January 8, 25","January 12, 25",0.41,0.24,0,0,0,0,1,120,53,7,25,21,67,0,66,1,86,13,38,35,0,7,0.13,0
1,,5230,Al Raed,city Riyadh Al Raed district_1336,Mixed.,Closed,surveyor11,25-Jan,"January 29, 25","January 29, 25",0.04,0.03,0,0,0,0,1,10,2,0,1,1,8,1,3,4,13,2,4,7,0,0,0.13,0
1,,5517,Ghirnatah,Ghornata district_162,Resid.,Closed,surveyor11,25-Feb,"February 6, 25","February 19, 25",0.15,0.07,0,0,0,0,1,32,19,7,3,9,13,1,9,3,26,2,13,11,0,7,0.13,0
1,,4311,King Saud University,city Riyadh King Saud University district_1359,Mixed.,Closed,surveyor13,25-Feb,"February 18, 25","February 18, 25",0.08,0.05,0,0,0,0,1,18,11,0,2,9,7,0,7,0,21,4,7,10,0,0,0.13,0
1,,4569,Al Woroud,RUH_Abaya mall,Mixed.,Off-Plan,fabdelrahman,25-May,"February 10, 25","May 28, 25",0.26,0.11,0,0,0,0,1,57,52,50,2,0,5,0,4,1,23,6,16,1,0,13,0.13,YES
1,,2552,Al Malaz,Al Malaz district_10000490,Resid.,Closed,surveyor3,25-Jan,"January 28, 25","February 11, 25",0.14,0.08,0,0,0,0,1,20,11,2,6,3,9,0,9,0,21,8,9,4,0,2,0.13,0
1,,2560,Al Malaz,Al Malaz district_10000498,Mixed.,Closed,surveyor3,25-Jan,"January 28, 25","January 28, 25",0.08,0.05,0,0,0,0,1,11,9,0,6,3,2,0,1,1,17,3,7,7,0,0,0.13,0
1,,6786,Al Narjis,Al Narjas district_66,Resid.,Closed,surveyor3,25-Jan,"January 14, 25","January 14, 25",0.09,0.06,0,0,0,0,1,31,2,0,0,2,29,8,16,5,18,2,11,5,0,0,0.13,0
1,,5469,Eastern Umm Hamam,city Riyadh Umm Hamam eastern district_1449,Resid.,Closed,surveyor3,25-Feb,"February 16, 25","February 18, 25",0.23,0.1,0,0,0,0,1,53,35,12,7,16,18,0,18,0,48,0,20,28,0,12,0.13,0
1,,4381,King Fahd,King Fahd district_10000091,Resid.,Closed,surveyor3,25-Feb,"February 25, 25","February 26, 25",0.09,0.05,0,0,0,0,1,22,12,2,5,5,10,0,10,0,20,1,9,10,0,2,0.13,0
1,,4508,Qurtubah,Qurtubah district_332,Resid.,Closed,surveyor3,25-Mar,"March 9, 25","March 9, 25",0.09,0.04,0,0,0,0,1,29,16,3,7,6,13,1,9,3,28,0,11,17,0,3,0.13,YES
1,,4279,Hiteen,city Riyadh Hiteen district_1534,Resid.,Closed,surveyor4,25-Jan,"January 8, 25","January 9, 25",0.16,0.1,0,0,0,0,1,45,20,2,10,8,25,2,16,7,43,5,14,24,0,2,0.13,0
1,,2549,Al Malaz,Al Malaz district_10000487,Resid.,Closed,surveyor5,25-Jan,"January 22, 25","January 26, 25",0.89,0.44,0,0,0,0,1,64,57,32,25,0,7,0,5,2,98,35,58,5,0,32,0.13,YES
1,,2551,Al Malaz,Al Malaz district_10000489,Mixed.,Closed,surveyor5,25-Jan,"January 29, 25","January 29, 25",0.39,0.2,0,0,0,0,1,49,31,11,15,5,18,1,16,1,50,15,28,7,0,11,0.13,YES
1,,6761,Al Narjis,Al Narjas district_41,Resid.,Closed,surveyor5,25-Jan,"January 14, 25","January 15, 25",0.48,0.2,0,0,0,0,1,76,40,24,8,8,36,1,34,1,54,6,37,11,0,24,0.13,YES
1,,6764,Al Narjis,Al Narjas district_44,Mixed.,Closed,surveyor5,25-Jan,"January 13, 25","January 13, 25",0.09,0.05,0,0,0,0,1,18,8,2,4,2,10,0,9,1,15,3,8,4,0,2,0.13,0
1,,6771,Al Narjis,Al Narjas district_51,Resid.,Closed,surveyor5,25-Jan,"January 16, 25","January 16, 25",0.21,0.1,0,0,0,0,1,40,27,7,10,10,13,0,13,0,36,3,19,14,0,7,0.13,YES
1,,6787,Al Narjis,Al Narjas district_67,Resid.,Closed,surveyor5,25-Jan,"January 8, 25","January 8, 25",0.11,0.06,0,0,0,0,1,27,15,4,7,4,12,0,12,0,19,0,12,7,0,4,0.13,0
1,,6819,Al Narjis,Al Narjas district_98,Resid.,Closed,surveyor5,25-Jan,"December 19, 24","January 16, 25",0.26,0.1,0,0,0,0,1,47,18,16,2,0,29,0,28,1,21,2,18,1,0,16,0.13,YES
1,,3311,Al Sahafah,Al Sahafah district_10000235,Mixed.,Closed,surveyor5,"  v-24","November26, 24","January 5, 25",1.01,0.47,0,0,0,0,1,248,72,43,21,8,176,1,171,4,111,32,66,13,0,43,0.13,YES
1,,3383,Al Sahafah,Al Sahafah district_10000270,Mixed.,Closed,surveyor5,"  v-24","November20, 24","January 5, 25",0.19,0.11,0,0,0,0,1,80,48,3,11,34,32,1,29,2,55,5,17,33,0,3,0.13,YES
1,,4045,Al Nakheel,Al-Nakheel_10000079,Resid.,Closed,surveyor5,25-Jan,"January 6, 25","January 21, 25",0.2,0.11,0,0,0,0,1,33,13,4,9,0,20,0,19,1,32,10,14,8,0,4,0.13,YES
1,,4913,Al Nafel,Al Nafel district_10000358,Resid.,Closed,,25-Dec,"December 10, 24","December 12, 24",0.46,0.23,0,0,0,0,1,169,63,17,28,18,106,1,101,4,77,2,46,29,0,17,0.13,YES
1,,3298,Al Sahafah,Al Sahafah district_10000229,Resid.,Closed,,"  v-24","November18, 24","November18, 24",0.1,0.05,0,0,0,0,1,43,14,3,8,3,29,0,29,0,15,0,11,4,0,3,0.13,YES
1,,3302,Al Sahafah,Al Sahafah district_10000231,Resid.,Closed,,"  v-24","November17, 24","November18, 24",0.34,0.14,0,0,0,0,1,108,45,17,13,15,63,0,61,2,46,0,30,16,0,17,0.13,YES
1,,3306,Al Sahafah,Al Sahafah district_10000233,Mixed.,Closed,,"  v-24","November25, 24","November26, 24",0.3,0.15,0,0,0,0,1,83,36,10,17,9,47,1,45,1,43,3,29,11,0,10,0.13,YES
1,,3308,Al Sahafah,Al Sahafah district_10000234,Indust.,Closed,,"  v-24","November27, 24","November27, 24",0.07,0.05,0,0,0,0,1,30,8,0,4,4,22,1,19,2,15,4,5,6,0,0,0.13,YES
1,,3319,Al Sahafah,Al Sahafah district_10000239,Resid.,Closed,,25-Jan,"November17, 24","November19, 24",0.14,0.07,0,0,0,0,1,45,19,5,12,2,26,0,26,0,15,0,14,1,0,5,0.13,YES
1,,3321,Al Sahafah,Al Sahafah district_10000240,Resid.,Closed,,"  v-24","November19, 24","November19, 24",0.02,0.01,0,0,0,0,1,13,3,1,1,1,10,0,10,0,3,0,2,1,0,1,0.13,YES
1,,3346,Al Sahafah,Al Sahafah district_10000252,Resid.,Closed,,"  v-24","November13, 24","November13, 24",0.1,0.05,0,0,0,0,1,39,12,4,6,2,27,0,27,0,12,0,10,2,0,4,0.13,YES
1,,3356,Al Sahafah,Al Sahafah district_10000257,Resid.,Closed,,"  v-24","November13, 24","November18, 24",0.64,0.28,0,0,0,0,1,179,69,32,25,12,110,0,110,0,75,3,55,17,0,32,0.13,YES
1,,3378,Al Sahafah,Al Sahafah district_10000268,Mixed.,Closed,,"  v-24","November20, 24","November20, 24",0.27,0.13,0,0,0,0,1,66,26,10,14,2,40,0,40,0,31,4,24,3,0,10,0.13,YES
1,,3390,Al Sahafah,Al Sahafah district_10000274,Resid.,Closed,,"  v-24","November25, 24","November26, 24",0.09,0.04,0,0,0,0,1,33,17,3,5,9,16,0,15,1,18,0,9,9,0,3,0.13,YES
1,,3397,Al Sahafah,Al Sahafah district_10000277,Mixed.,Closed,,"  v-24","November25, 24","November25, 24",0.16,0.1,0,0,0,0,1,47,18,2,14,2,29,0,28,1,26,3,18,5,0,2,0.13,YES
1,,3616,Al Woroud,Al Woroud district_10000162,Resid.,Off-Plan,fabdelrahman,25-Feb,"February 12, 25","February 13, 25",0.47,0.25,0,0,0,0,1,78,55,13,21,21,23,1,22,0,91,13,41,37,0,13,0.13,YES
1,,3618,Al Woroud,Al Woroud district_10000163,Mixed.,Off-Plan,fabdelrahman,25-May,"February 10, 25","May 27, 25",0.79,0.38,0,0,0,0,1,90,71,33,25,13,19,0,19,0,119,18,61,40,0,31,0.13,YES
1,,5085,Ar Rabie,Ar Rabie district_10000287,Resid.,Closed,,25-Dec,"December 3, 24","December 4, 24",0.07,0.04,0,0,0,0,1,28,9,1,6,2,19,0,18,1,14,1,7,6,0,1,0.13,YES
1,,2616,Al Malaz,Al Malaz district_10000529,Mixed.,Closed,fabdelrahman,25-Jan,,,0.46,0.31,2,0,0,0,1,37,0,0,0,0,37,2,17,18,87,58,7,22,0,0,0.12,YES
1,,4201,Al Hada,city Riyadh Al Hada district_1129,Mixed.,Open,,,,,0.11,0.07,1,0,0,0,1,10,0,0,0,0,10,0,7,3,15,7,5,3,0,-15,0.11,0
1,,4340,Imam Muhammad Bin Saud Islamic University,Imam Muhammed Bin Saud Islamic University district_16,Resid.,Open,,,,,0.02,0.01,0,0,0,0,1,2,0,0,0,0,2,0,1,1,5,2,1,2,0,-3,0.11,0
1,,3247,Al Rawdah,Al Rawdah district_60,Resid.,Planned,fabdelrahman,25-Jun,,,0.04,0.02,0,0,0,0,1,3,0,0,0,0,3,0,3,0,5,3,2,0,0,-5,0.11,0
1,,4519,Qurtubah,Qurtubah district_337,Resid.,Open,,,,,0.04,0.02,0,0,0,0,1,3,0,0,0,0,3,0,3,0,6,3,2,1,0,-5,0.11,0
1,,5661,Salahuddin,Salahuddin district_10000137,Resid.,Open,,,,,0.05,0.03,0,0,0,0,1,9,1,0,1,0,8,0,7,1,10,4,3,3,0,-6,0.11,0
1,,3016,Al Olaya,Al Olaya district_10000025,Com,Closed,aalngedan,,,,0.11,0.08,0,0,0,0,1,5,0,0,0,0,5,0,5,0,18,12,4,2,0,0,0.11,0
1,,3164,Al Olaya,Al Olaya district_10000289,Com,Closed,aalngedan,,,,0.3,0.2,0,0,0,0,1,8,0,0,0,0,8,0,8,0,46,39,3,4,0,0,0.11,0
1,,3167,Al Olaya,Al Olaya district_10000290,Com,Closed,aalngedan,,"December 25, 24","January 6, 25",0.42,0.28,0,0,0,0,1,21,5,0,5,0,16,0,14,2,62,52,7,3,0,0,0.11,YES
1,,4708,Al Falah,Al Falah district_31,Resid.,Off-Plan,aalosaimi,25-Jun,"Jun 2, 25","Jun 2, 25",0.09,0.06,1,0,0,0,1,15,7,0,7,0,8,0,8,0,22,9,4,9,0,-13,0.1,0
1,,4818,Al Mursalat,Al Mursalat district_10000117,Mixed.,Open,,,,,0.09,0.06,1,0,0,0,1,9,0,0,0,0,9,0,9,0,12,10,2,0,0,-12,0.1,YES
1,,4806,Al Mursalat,Al Mursalat district_10000012,Mixed.,Off-Plan,ashuban,25-Mar,"March 25, 25","March 25, 25",0.68,0.42,1,0,0,0,1,51,10,7,3,0,41,0,38,3,101,72,23,6,0,7,0.1,YES
1,,6150,Al Faisaliyah,Al Faisaliyah district_86,Resid.,Open,,,,,0.01,0.01,0,0,0,0,0,0,0,0,0,0,0,0,0,0,2,2,0,0,0,-2,0.1,0
1,,4187,Al Hada,city Riyadh Al Hada district_1122,Resid.,Open,,,,,0.01,0.01,0,0,0,0,0,0,0,0,0,0,0,0,0,0,3,2,0,1,0,-2,0.1,0
1,,4189,Al Hada,city Riyadh Al Hada district_1123,Resid.,Open,,,,,0.01,0,0,0,0,0,0,1,0,0,0,0,1,0,0,1,2,1,0,1,0,-1,0.1,0
1,,4203,Al Hada,city Riyadh Al Hada district_1130,Mixed.,Open,,,,,0.01,0,0,0,0,0,0,1,0,0,0,0,1,0,0,1,2,1,0,1,0,-1,0.1,0
1,,4218,Al Hada,city Riyadh Al Hada district_1137,Mixed.,Open,,,,,0.01,0,0,0,0,0,0,0,0,0,0,0,0,0,0,0,1,1,0,0,0,-1,0.1,0
1,,4222,Al Hada,city Riyadh Al Hada district_1139,Indust.,Open,,,,,0.01,0.01,0,0,0,0,0,0,0,0,0,0,0,0,0,0,2,2,0,0,0,-2,0.1,0
1,,4228,Al Hada,city Riyadh Al Hada district_1142,Mixed.,Open,,,,,0.01,0.01,0,0,0,0,0,0,0,0,0,0,0,0,0,0,2,2,0,0,0,-2,0.1,0
1,,4239,Al Hada,city Riyadh Al Hada district_1148,Mixed.,Open,,,,,0.01,0.01,0,0,0,0,0,1,0,0,0,0,1,0,0,1,3,2,0,1,0,-2,0.1,0
1,,4246,Al Hada,city Riyadh Al Hada district_1262,Mixed.,Open,,,,,0.01,0.01,0,0,0,0,0,0,0,0,0,0,0,0,0,0,2,2,0,0,0,-2,0.1,0
1,,4525,Qurtubah,Qurtubah district_341,Resid.,Open,,,,,0.01,0,0,0,0,0,0,0,0,0,0,0,0,0,0,0,2,1,0,1,0,-1,0.1,0
1,,3977,Al Aqeeq,Al-Aqeek_10000052,Resid.,Off-Plan,abinsaedan,25-Apr,"April 30, 25","April 30, 25",0.12,0.08,0,1,0,0,0,17,5,0,5,0,12,0,10,2,23,8,9,6,0,0,0.1,0
1,,4820,Al Mursalat,Al Mursalat district_10000119,Mixed.,Off-Plan,surveyor3,25-Mar,"March 25, 25","March 25, 25",0.25,0.13,0,1,0,0,0,62,34,7,11,16,28,1,26,1,39,1,19,19,0,7,0.1,YES
1,,4832,Al Mursalat,Al Mursalat district_10000131,Resid.,Open,,,,,0,0,0,0,0,0,0,0,0,0,0,0,0,0,0,0,2,0,0,2,0,0,0.1,0
1,,4205,Al Hada,city Riyadh Al Hada district_1131,Mixed.,Open,,,,,0.01,0.01,0,0,0,0,0,3,0,0,0,0,3,1,1,1,4,1,1,2,0,-2,0.1,0
1,,4207,Al Hada,city Riyadh Al Hada district_1132,Mixed.,Open,,,,,0.01,0,0,0,0,0,0,3,0,0,0,0,3,1,1,1,2,0,1,1,0,-1,0.1,0
1,,4209,Al Hada,city Riyadh Al Hada district_1133,Mixed.,Open,,,,,0,0,0,0,0,0,0,0,0,0,0,0,0,0,0,0,1,0,0,1,0,0,0.1,0
1,,4215,Al Hada,city Riyadh Al Hada district_1136,Indust.,Open,,,,,0.01,0.01,0,0,0,0,0,3,0,0,0,0,3,0,3,0,2,1,1,0,0,-2,0.1,0
1,,4220,Al Hada,city Riyadh Al Hada district_1138,Mixed.,Open,,,,,0,0,0,0,0,0,0,0,0,0,0,0,0,0,0,0,0,0,0,0,0,0,0.1,0
1,,4223,Al Hada,city Riyadh Al Hada district_1140,Mixed.,Open,,,,,0.01,0,0,0,0,0,0,3,0,0,0,0,3,1,1,1,3,0,1,2,0,-1,0.1,0
1,,4226,Al Hada,city Riyadh Al Hada district_1141,Mixed.,Open,,,,,0.01,0,0,0,0,0,0,3,0,0,0,0,3,1,1,1,2,0,1,1,0,-1,0.1,0
1,,4234,Al Hada,city Riyadh Al Hada district_1145,Mixed.,Open,,,,,0,0,0,0,0,0,0,0,0,0,0,0,0,0,0,0,0,0,0,0,0,0,0.1,0
1,,4249,Al Hada,city Riyadh Al Hada district_1264,Mixed.,Open,,,,,0,0,0,0,0,0,0,0,0,0,0,0,0,0,0,0,0,0,0,0,0,0,0.1,0
1,,4252,Al Hada,city Riyadh Al Hada district_1265,Mixed.,Open,,,,,0.01,0.01,0,0,0,0,0,5,1,0,1,0,4,1,2,1,3,0,2,1,0,-1,0.1,0
1,,4507,Qurtubah,Qurtubah district_331,Resid.,Open,,,,,0.01,0,0,0,0,0,0,3,0,0,0,0,3,0,2,1,2,0,1,1,0,-1,0.1,0
1,,4534,Qurtubah,Qurtubah district_346,Resid.,Open,,,,,0,0,0,0,0,0,0,0,0,0,0,0,0,0,0,0,0,0,0,0,0,0,0.1,0
1,,4910,Al Nafel,Al Nafel district_10000355,Resid.,Closed,aalbwardi,25-Dec,"December 15, 24","December 15, 24",0.18,0.12,0,1,0,0,1,27,1,0,0,1,26,3,19,4,29,17,7,5,0,0,0.08,0
1,,3035,Al Olaya,Al Olaya district_10000228,Resid.,Closed,aalngedan,,,,0.19,0.12,0,1,0,0,1,5,0,0,0,0,5,1,4,0,33,24,3,6,0,0,0.08,0
1,,4553,Hiteen,RUH_15,Mixed.,Closed,aalosaimi,25-Jan,"January 16, 25","January 16, 25",0.29,0.17,0,1,0,0,1,30,6,4,0,2,24,0,21,3,43,28,7,8,0,4,0.08,YES
1,,4548,Hiteen,RUH_11,Resid.,Closed,abinsaedan,25-Jan,"January 6, 25","January 6, 25",0.12,0.08,0,1,0,0,1,14,1,0,1,0,13,0,13,0,21,14,3,4,0,0,0.08,YES
1,,5108,Ar Rabie,Ar Rabie district_10000310,Resid.,Closed,faljulajil,25-Dec,,,0.09,0.06,0,1,0,0,1,12,0,0,0,0,12,0,10,2,18,9,3,6,0,0,0.08,YES
1,,4561,Hiteen,RUH_19,Resid.,Closed,,25-Jan,,,0.13,0.09,0,1,0,0,1,17,0,0,0,0,17,1,12,4,26,14,4,8,0,0,0.08,YES
1,,3752,Al Yasmeen,Al Yasmeen district_10000158,Com,Closed,aabdulrahim,"  v-24",,,0.01,0,0,0,0,0,0,0,0,0,0,0,0,0,0,0,1,1,0,0,0,0,0.08,0
1,,4555,Hiteen,RUH_16,Com,Closed,aalosaimi,25-Jan,,,0.07,0.05,0,0,0,0,0,0,0,0,0,0,0,0,0,0,13,10,0,3,0,0,0.08,0
1,,4352,King Fahd,King Fahd district_10000006,Com,Closed,fabdelrahman,25-Feb,"February 19, 25","February 19, 25",0.01,0.01,0,0,0,0,0,2,1,0,1,0,1,0,0,1,2,0,1,1,0,0,0.08,0
1,,2567,Al Malaz,Al Malaz district_10000502,Com,Closed,surveyor1,25-Jan,"January 26, 25","January 26, 25",0.14,0.07,0,0,0,0,0,21,17,4,6,7,4,0,3,1,26,3,11,12,0,4,0.08,0
1,,4197,Al Hada,city Riyadh Al Hada district_1127,Mixed.,Open,,,,,0.04,0.02,1,0,0,0,0,6,0,0,0,0,6,0,5,1,6,2,3,1,0,-5,0.07,0
1,,3682,Al Yasmeen,Al Yasmeen district_10000123,Resid.,Closed,aalbwardi,"  v-24",,,0.05,0.03,0,0,0,0,1,11,0,0,0,0,11,1,9,1,8,4,3,1,0,0,0.06,0
1,,3066,Al Olaya,Al Olaya district_10000242,Resid.,Closed,aalngedan,,,,0.05,0.03,0,0,0,0,1,5,0,0,0,0,5,0,5,0,9,4,3,2,0,0,0.06,0
1,,2832,Al Malqa,Al Malqa district_10000101,Resid.,Closed,aalsahafi,,"May 7, 25","May 11, 25",0.04,0.02,0,0,0,0,1,10,3,0,3,0,7,1,6,0,7,4,3,0,0,0,0.06,YES
1,,3004,Al Mutamarat,Al Mutamarat district_10000362,Mixed.,Closed,ashuban,25-Jan,"January 22, 25","January 22, 25",0.06,0.04,0,0,0,0,1,9,4,0,2,2,5,1,3,1,12,5,4,3,0,0,0.06,0
1,,3006,Al Mutamarat,Al Mutamarat district_10000363,Resid.,Closed,ashuban,25-Jan,"January 22, 25","January 22, 25",0.04,0.02,0,0,0,0,1,6,4,0,0,4,2,0,2,0,9,3,2,4,0,0,0.06,0
1,,3888,Al Aqeeq,Al-Aqeek_10000007,Resid.,Closed,fabdelrahman,25-Jan,"January 8, 25","January 12, 25",0.26,0.15,0,0,0,0,1,46,17,5,9,3,29,0,28,1,40,16,15,9,0,5,0.06,0
1,,5239,Al Raed,city Riyadh Al Raed district_1345,Mixed.,Closed,surveyor11,25-Jan,"January 29, 25","January 29, 25",0.11,0.07,0,0,0,0,1,15,2,0,2,0,13,1,11,1,22,8,7,7,0,0,0.06,YES
1,,6765,Al Narjis,Al Narjas district_45,Resid.,Closed,surveyor5,25-Jan,,,0.04,0.02,0,0,0,0,1,3,0,0,0,0,3,0,2,1,6,3,2,1,0,0,0.06,0
1,,2896,Al Muhammadiyah,Al Muhammadiyah district_10000001,Mixed.,Closed,fabdelrahman,25-Jan,"January 1, 25","January 1, 25",0.08,0.05,1,0,0,0,1,6,1,1,0,0,5,0,5,0,10,7,3,0,0,1,0.05,0
1,,2977,Al Murabba,Al Murabba district_10000415,Com,Off-Plan,fabdelrahman,25-Apr,"April 9, 25","April 9, 25",0.09,0.05,1,0,0,0,0,14,5,2,3,0,9,2,6,1,16,9,5,2,0,2,0.05,0
1,,2670,Al Malqa,Al Malqa district_10000022,Resid.,Closed,aalngedan,,,,0.26,0.18,0,1,0,0,0,48,0,0,0,0,48,13,33,2,46,18,21,7,0,0,0.05,0
1,,3999,Al Aqeeq,Al-Aqeek_10000131,Mixed.,Closed,aalosaimi,25-Jan,"December 29, 24","December 29, 24",0.01,0.01,0,1,0,0,0,6,2,0,1,1,4,1,3,0,3,0,2,1,0,0,0.05,0
1,,2843,Al Malqa,Al Malqa district_10000105,Resid.,Closed,aalsahafi,,"May 5, 25","May 5, 25",0.05,0.03,0,1,0,0,0,11,1,0,1,0,10,2,8,0,8,4,4,0,0,0,0.05,YES
1,,6785,Al Narjis,Al Narjas district_65,Resid.,Closed,surveyor2,25-Jan,"January 13, 25","January 16, 25",0.42,0.19,0,1,0,0,0,39,24,19,3,2,15,1,13,1,44,18,22,4,0,19,0.05,YES
1,,6792,Al Narjis,Al Narjas district_71,Resid.,Closed,surveyor2,25-Jan,"January 19, 25","January 19, 25",0.18,0.09,0,1,0,0,0,23,12,7,5,0,11,0,10,1,21,6,12,3,0,7,0.05,YES
1,,4899,Al Nafel,Al Nafel district_10000344,Resid.,Closed,,25-Dec,"December 17, 24","December 17, 24",0.12,0.06,0,1,0,0,0,43,14,4,8,2,29,0,29,0,17,1,12,4,0,4,0.05,YES
1,,5110,Ar Rabie,Ar Rabie district_10000312,Resid.,Closed,,25-Dec,"December 9, 24","May 6, 25",0.17,0.1,0,1,0,0,0,66,21,2,17,2,45,1,44,0,28,5,18,5,0,2,0.05,YES
1,,4522,Qurtubah,Qurtubah district_339,Resid.,Off-Plan,fabdelrahman,25-May,,,0.03,0.02,0,0,0,0,1,3,0,0,0,0,3,0,2,1,5,3,1,1,0,0,0.04,0
1,,4710,Al Falah,Al Falah district_33,Resid.,Off-Plan,aalosaimi,25-Jun,"Jun 2, 25","Jun 2, 25",0.2,0.13,0,0,0,0,1,24,8,1,7,0,16,2,11,3,37,24,5,8,0,-28,0.03,0
1,,4452,Qurtubah,Qurtubah district_301,Resid.,Open,,,,,0.3,0.2,0,0,0,0,1,38,6,0,6,0,32,1,29,2,49,29,14,6,0,-36,0.03,YES
1,,4342,Imam Muhammad Bin Saud Islamic University,Imam Muhammed Bin Saud Islamic University district_17,Mixed.,Open,,,,,0.06,0.04,0,0,0,0,1,6,0,0,0,0,6,0,5,1,11,6,2,3,0,-8,0.03,0
1,,6143,Al Faisaliyah,Al Faisaliyah district_79,Mixed.,Open,,,,,0.23,0.15,0,0,0,0,1,9,0,0,0,0,9,0,9,0,36,28,4,4,0,-32,0.03,0
1,,4703,Al Falah,Al Falah district_26,Resid.,Open,,,,,0.15,0.1,0,0,0,0,1,15,0,0,0,0,15,1,11,3,29,17,4,8,0,-21,0.03,0
1,,4714,Al Falah,Al Falah district_37,Resid.,Open,,,,,0.09,0.06,0,0,0,0,1,15,0,0,0,0,15,0,13,2,15,9,3,3,0,-13,0.03,0
1,,6321,Al Khalidiyah,Al Khalideyeh district_10000452,Resid.,Open,,,,,0.25,0.17,0,0,0,0,1,5,0,0,0,0,5,0,3,2,50,34,1,15,0,-35,0.03,0
1,,6322,Al Khalidiyah,Al Khalideyeh district_10000453,Resid.,Open,,,,,0.16,0.1,0,0,0,0,1,3,0,0,0,0,3,0,2,1,25,19,2,4,0,-22,0.03,0
1,,6326,Al Khalidiyah,Al Khalideyeh district_10000457,Resid.,Open,,,,,0.26,0.17,0,0,0,0,1,15,0,0,0,0,15,0,10,5,40,30,3,7,0,-36,0.03,0
1,,6327,Al Khalidiyah,Al Khalideyeh district_10000458,Resid.,Open,,,,,0.49,0.33,0,0,0,0,1,21,0,0,0,0,21,3,11,7,86,65,4,17,0,-69,0.03,0
1,,6328,Al Khalidiyah,Al Khalideyeh district_10000459,Resid.,Open,,,,,0.41,0.27,0,0,0,0,1,10,0,0,0,0,10,0,7,3,73,52,3,18,0,-57,0.03,0
1,,6329,Al Khalidiyah,Al Khalideyeh district_10000460,Resid.,Open,,,,,0.16,0.11,0,0,0,0,1,11,0,0,0,0,11,1,9,1,27,19,4,4,0,-23,0.03,0
1,,6334,Al Khalidiyah,Al Khalideyeh district_10000465,Resid.,Open,,,,,0.31,0.2,0,0,0,0,1,5,0,0,0,0,5,1,3,1,62,40,3,19,0,-43,0.03,0
1,,6337,Al Khalidiyah,Al Khalideyeh district_10000468,Resid.,Open,,,,,0.29,0.19,0,0,0,0,1,7,0,0,0,0,7,0,2,5,50,33,2,15,0,-40,0.03,0
1,,6339,Al Khalidiyah,Al Khalideyeh district_10000470,Resid.,Open,,,,,0.59,0.4,0,0,0,0,1,1,0,0,0,0,1,0,1,0,117,82,1,34,0,-83,0.03,0
1,,6341,Al Khalidiyah,Al Khalideyeh district_10000472,Resid.,Open,,,,,0.36,0.24,0,0,0,0,1,7,0,0,0,0,7,0,2,5,61,44,1,16,0,-50,0.03,0
1,,6343,Al Khalidiyah,Al Khalideyeh district_10000474,Resid.,Open,,,,,0.29,0.2,0,0,0,0,1,8,0,0,0,0,8,0,1,7,51,33,1,17,0,-41,0.03,0
1,,2970,Al Murabba,Al Murabba district_10000410,Resid.,Off-Plan,ashuban,25-May,"May 29, 25","May 29, 25",0.46,0.3,0,0,0,0,1,30,19,5,14,0,11,1,5,5,69,57,4,8,0,-64,0.03,0
1,,2993,Al Murabba,Al Murabba district_10000423,Indust.,Off-Plan,fabdelrahman,25-Jun,"Jun 2, 25","Jun 2, 25",0.16,0.11,0,0,0,0,1,36,21,10,10,1,15,0,11,4,32,15,6,11,0,-19,0.03,0
1,,2997,Al Murabba,Al Murabba district_10000425,Resid.,Open,,,,,0.24,0.16,0,0,0,0,1,2,0,0,0,0,2,0,1,1,42,31,1,10,0,-33,0.03,0
1,,4817,Al Mursalat,Al Mursalat district_10000116,Resid.,Open,,,,,0.21,0.14,0,0,0,0,1,14,0,0,0,0,14,1,10,3,36,24,5,7,0,-29,0.03,0
1,,4822,Al Mursalat,Al Mursalat district_10000121,Resid.,Open,,,,,0.14,0.09,0,0,0,0,1,14,0,0,0,0,14,2,10,2,26,13,6,7,0,-19,0.03,0
1,,4935,Al Nuzha,Al Nuzha district_79,Resid.,Open,,,,,0.32,0.21,0,0,0,0,1,8,0,0,0,0,8,0,7,1,53,39,5,9,0,-45,0.03,YES
1,,3199,Al Rawdah,Al Rawdah district_36,Resid.,In progress,aalosaimi,25-Jun,"Jun 4, 25",,0.21,0.14,0,0,0,0,1,5,0,0,0,0,5,0,4,1,34,25,4,5,0,-30,0.03,YES
1,,3201,Al Rawdah,Al Rawdah district_37,Resid.,Off-Plan,ashuban,25-Jun,"Jun 4, 25","Jun 4, 25",0.35,0.23,0,0,0,0,1,18,0,17,0,2,18,3,12,3,57,39,9,9,0,-49,0.03,YES
1,,3205,Al Rawdah,Al Rawdah district_39,Resid.,In progress,ashuban,25-Jun,"Jun 11, 25","Jun 4, 25",0.2,0.13,0,0,0,0,1,5,0,17,0,6,5,0,4,1,30,26,1,3,0,-28,0.03,0
1,,3231,Al Rawdah,Al Rawdah district_52,Resid.,In progress,fabdelrahman,25-Jun,"Jun 11, 25",,0.21,0.14,0,0,0,0,1,13,0,0,0,0,13,1,6,6,38,20,6,12,0,-30,0.03,0
1,,3245,Al Rawdah,Al Rawdah district_59,Resid.,Planned,fabdelrahman,25-Jun,,,0.07,0.05,0,0,0,0,1,1,0,0,0,0,1,0,1,0,13,9,1,3,0,-10,0.03,0
1,,3254,Al Rawdah,Al Rawdah district_64,Resid.,Planned,aalosaimi,,,,0.19,0.12,0,0,0,0,1,8,0,0,0,0,8,1,6,1,30,22,4,4,0,-26,0.03,0
1,,5034,Al Taawun,Al Taawon district_50,Resid.,Open,,,,,0.12,0.08,0,0,0,0,1,4,0,0,0,0,4,0,4,0,19,13,4,2,0,-17,0.03,0
1,,5038,Al Taawun,Al Taawon district_54,Resid.,Open,,,,,0.12,0.08,0,0,0,0,1,9,0,0,0,0,9,1,5,3,24,12,4,8,0,-17,0.03,YES
1,,3533,Al Wizarat,Al Wizarat district_10000581,Resid.,Off-Plan,ashuban,25-Jun,"Jun 1, 25","Jun 2, 25",0.48,0.32,0,0,0,0,1,100,93,62,31,0,7,0,3,4,82,61,2,19,0,-67,0.03,YES
1,,3536,Al Wizarat,Al Wizarat district_10000582,Resid.,Off-Plan,ashuban,25-Jun,"Jun 1, 25","Jun 1, 25",0.49,0.32,0,0,0,0,1,77,62,40,22,0,15,1,11,3,91,59,8,24,0,-68,0.03,YES
1,,3542,Al Wizarat,Al Wizarat district_10000585,Resid.,Off-Plan,ashuban,25-Jun,"Jun 1, 25","Jun 1, 25",0.26,0.17,0,0,0,0,1,64,54,46,8,0,10,0,2,8,47,30,1,16,0,-36,0.03,YES
1,,3553,Al Wizarat,Al Wizarat district_10000591,Resid.,Off-Plan,fabdelrahman,25-Jun,"Jun 2, 25","Jun 2, 25",0.31,0.21,0,0,0,0,1,31,27,19,8,0,4,1,2,1,55,42,2,11,0,-44,0.03,0
1,,3564,Al Wizarat,Al Wizarat district_10000596,Mixed.,Off-Plan,fabdelrahman,25-Jun,"Jun 2, 25","Jun 2, 25",0.42,0.28,0,0,0,0,1,71,38,27,11,0,33,1,26,6,78,52,5,21,0,-59,0.03,YES
1,,4183,Al Hada,city Riyadh Al Hada district_1120,Resid.,Open,,,,,0.11,0.07,0,0,0,0,1,2,0,0,0,0,2,0,2,0,19,13,2,4,0,-15,0.03,0
1,,4193,Al Hada,city Riyadh Al Hada district_1125,Mixed.,Open,,,,,0.1,0.07,0,0,0,0,1,4,0,0,0,0,4,0,4,0,15,12,2,1,0,-14,0.03,0
1,,5410,Al Sharafiyah,city Riyadh Al Sharafiyah district_1247,Resid.,Off-Plan,ashuban,25-May,"May 31, 25","May 31, 25",0.1,0.07,0,0,0,0,1,27,25,19,6,0,2,0,1,1,17,12,1,4,0,-14,0.03,0
1,,5415,Al Sharafiyah,city Riyadh Al Sharafiyah district_1252,Resid.,Off-Plan,ashuban,25-May,"May 31, 25","May 31, 25",0.13,0.09,0,0,0,0,1,34,29,22,7,0,5,0,2,3,21,14,2,5,0,-18,0.03,0
1,,5416,Al Sharafiyah,city Riyadh Al Sharafiyah district_1253,Resid.,Off-Plan,ashuban,25-May,"May 31, 25","May 31, 25",0.19,0.12,0,0,0,0,1,48,43,28,15,0,5,1,3,1,30,23,3,4,0,-26,0.03,0
1,,5420,Al Sharafiyah,city Riyadh Al Sharafiyah district_1257,Resid.,Off-Plan,ashuban,25-May,"May 31, 25","May 31, 25",0.11,0.08,0,0,0,0,1,25,20,15,5,0,5,0,3,2,22,13,2,7,0,-16,0.03,0
1,,4434,Qurtubah,Qurtubah district_292,Resid.,Open,,,,,0.14,0.1,0,0,0,0,1,4,0,0,0,0,4,0,3,1,24,17,2,5,0,-20,0.03,YES
1,,4436,Qurtubah,Qurtubah district_293,Resid.,Open,,,,,0.11,0.08,0,0,0,0,1,7,0,0,0,0,7,1,4,2,22,12,4,6,0,-16,0.03,0
1,,4483,Qurtubah,Qurtubah district_318,Resid.,Open,,,,,0.19,0.12,0,0,0,0,1,13,0,0,0,0,13,0,11,2,32,18,8,6,0,-26,0.03,0
1,,4505,Qurtubah,Qurtubah district_330,Resid.,Open,,,,,0.16,0.1,0,0,0,0,1,18,1,0,1,0,17,1,14,2,28,13,8,6,1,-22,0.03,0
1,,5662,Salahuddin,Salahuddin district_10000138,Resid.,Open,,,,,0.06,0.04,0,0,0,0,1,8,0,0,0,0,8,0,6,2,15,6,1,8,0,-8,0.03,0
1,,5670,Salahuddin,Salahuddin district_10000147,Indust.,Open,,,,,0.23,0.15,0,0,0,0,1,18,1,0,1,0,17,6,9,2,43,29,7,7,0,-31,0.03,0
1,,5117,Ar Rahmaniyah,Ar Rahmaniyah district_10000182,Mixed.,Off-Plan,fabdelrahman,25-Apr,"April 28, 25","April 28, 25",0.09,0.05,0,0,0,0,1,9,2,1,1,0,7,1,6,0,14,10,2,2,0,1,0.03,0
1,,3225,Al Rawdah,Al Rawdah district_49,Resid.,Planned,fabdelrahman,25-Jun,,,0.16,0.11,0,0,0,0,1,8,0,0,0,0,8,2,3,3,28,21,3,4,0,0,0.03,0
1,,3417,Al Sulaimaniyah,Al Sulaimaniyah district_10000019,Indust.,Closed,abinsaedan,25-Jan,"January 30, 25","January 30, 25",0.01,0.01,1,0,0,0,0,5,2,0,1,1,3,0,3,0,3,1,1,1,0,0,0.02,0
1,,2955,Al Muhammadiyah,Al Muhammadiyah district_10000072,Resid.,Closed,surveyor1,25-Jan,"January 19, 25","January 20, 25",0.16,0.1,1,0,0,0,0,29,14,1,11,2,15,0,9,6,34,10,11,13,0,1,0.02,YES
1,,3931,Al Aqeeq,Al-Aqeek_10000029,Resid.,Closed,surveyor11,25-Jan,"January 15, 25","January 19, 25",0.26,0.1,1,0,0,0,0,63,23,14,5,4,40,0,36,4,33,3,19,11,0,14,0.02,0
1,,3364,Al Sahafah,Al Sahafah district_10000261,Resid.,Closed,,"  v-24","November26, 24","April 29, 25",0.09,0.05,1,0,0,0,0,21,9,2,7,0,12,0,11,1,14,2,8,4,0,2,0.02,YES
1,,2577,Al Malaz,Al Malaz district_10000507,Com,Closed,surveyor1,25-Jan,"January 23, 25","January 23, 25",0.18,0.11,0,0,0,0,0,16,8,1,7,0,8,0,6,2,27,12,11,4,0,1,0.01,YES
1,,6766,Al Narjis,Al Narjas district_46,Com,Closed,surveyor5,25-Jan,,,0.02,0.01,0,0,0,0,0,4,0,0,0,0,4,0,4,0,3,2,1,0,0,0,0.01,0
1,,6767,Al Narjis,Al Narjas district_47,Com,Closed,surveyor5,25-Jan,"January 16, 25","January 16, 25",0.02,0.01,0,0,0,0,0,4,1,0,0,1,3,0,3,0,5,2,1,2,0,0,0.01,0
1,,2774,Al Malqa,Al Malqa district_10000072,Resid.,Closed,aalbwardi,,,,0.09,0.06,0,0,0,0,1,7,0,0,0,0,7,0,5,2,16,10,3,3,0,0,0,0
1,,2782,Al Malqa,Al Malqa district_10000076,Resid.,Closed,aalbwardi,,,,0.11,0.07,0,0,0,0,1,5,0,0,0,0,5,2,3,0,15,12,3,0,0,0,0,0
1,,6754,Al Narjis,Al Narjas district_180,Resid.,Closed,aalbwardi,25-Dec,,,0.11,0.07,0,0,0,0,1,5,0,0,0,0,5,1,3,1,17,12,3,2,0,0,0,YES
1,,3028,Al Olaya,Al Olaya district_10000225,Resid.,Closed,aalngedan,,,,0.19,0.13,0,0,0,0,1,12,0,0,0,0,12,2,8,2,35,21,5,9,0,0,0,0
1,,3071,Al Olaya,Al Olaya district_10000245,Resid.,Closed,aalngedan,,,,0.5,0.33,0,0,0,0,1,16,0,0,0,0,16,2,9,5,92,64,4,24,0,0,0,0
1,,3075,Al Olaya,Al Olaya district_10000247,Resid.,Closed,aalngedan,,,,0.04,0.03,0,0,0,0,1,6,0,0,0,0,6,1,3,2,12,4,2,6,0,0,0,0
1,,3080,Al Olaya,Al Olaya district_10000249,Resid.,Closed,aalngedan,,,,0.16,0.1,0,0,0,0,1,14,0,0,0,0,14,0,11,3,28,18,3,7,0,0,0,0
1,,3086,Al Olaya,Al Olaya district_10000252,Resid.,Closed,aalngedan,,,,0.46,0.31,0,0,0,0,1,22,0,0,0,0,22,0,20,2,81,55,9,17,0,0,0,YES
1,,3127,Al Olaya,Al Olaya district_10000270,Resid.,Closed,aalngedan,,,,0.12,0.08,0,0,0,0,1,9,0,0,0,0,9,0,9,0,21,14,3,4,0,0,0,YES
1,,3132,Al Olaya,Al Olaya district_10000273,Resid.,Closed,aalngedan,,"January 2, 25","January 2, 25",0.11,0.08,0,0,0,0,1,3,1,0,1,0,2,0,1,1,19,13,2,4,0,0,0,YES
1,,3140,Al Olaya,Al Olaya district_10000277,Resid.,Closed,aalngedan,,,,0.14,0.1,0,0,0,0,1,2,0,0,0,0,2,1,1,0,22,18,2,2,0,0,0,YES
1,,3154,Al Olaya,Al Olaya district_10000283,Resid.,Closed,aalngedan,,,,0.14,0.09,0,0,0,0,1,1,0,0,0,0,1,0,1,0,23,18,1,4,0,0,0,0
1,,3157,Al Olaya,Al Olaya district_10000285,Resid.,Closed,aalngedan,,,,0.13,0.09,0,0,0,0,1,22,0,0,0,0,22,1,19,2,25,12,6,7,0,0,0,0
1,,3168,Al Olaya,Al Olaya district_10000291,Resid.,Closed,aalngedan,,,,0.21,0.14,0,0,0,0,1,6,0,0,0,0,6,0,3,3,39,26,3,10,0,0,0,0
1,,3651,Al Yasmeen,Al Yasmeen district_10000107,Mixed.,Closed,aalngedan,"  v-24","November11, 24","November11, 24",0.28,0.17,0,0,0,0,1,39,7,4,3,0,32,0,31,1,37,26,9,2,0,4,0,YES
1,,4060,Al Nakheel,Al-Nakheel_10000086,Mixed.,Closed,aalosaimi,25-Jan,"December 30, 24","January 20, 25",0.15,0.1,0,0,0,0,1,8,2,0,2,0,6,0,5,1,23,17,4,2,0,0,0,YES
1,,2693,Al Malqa,Al Malqa district_10000034,Resid.,Closed,aalsahafi,,,,0.1,0.07,0,0,0,0,1,9,0,0,0,0,9,0,9,0,17,12,3,2,0,0,0,YES
1,,2725,Al Malqa,Al Malqa district_10000049,Resid.,Closed,aalsahafi,,,,0.09,0.06,0,0,0,0,1,10,0,0,0,0,10,0,10,0,14,9,3,2,0,0,0,YES
1,,2809,Al Malqa,Al Malqa district_10000091,Mixed.,Closed,aalsahafi,,,,0.21,0.14,0,0,0,0,1,18,0,0,0,0,18,1,16,1,38,23,7,8,0,0,0,0
1,,2815,Al Malqa,Al Malqa district_10000093,Resid.,Closed,aalsahafi,,,,0.05,0.03,0,0,0,0,1,11,0,0,0,0,11,0,9,2,10,6,1,3,0,0,0,0
1,,2851,Al Malqa,Al Malqa district_10000431,Resid.,Closed,aalsahafi,,,,0.13,0.09,0,0,0,0,1,9,0,0,0,0,9,2,5,2,21,13,5,3,0,0,0,0
1,,5099,Ar Rabie,Ar Rabie district_10000301,Resid.,Closed,abinsaedan,25-Dec,"December 5, 24","January 15, 25",0.19,0.12,0,0,0,0,1,20,3,0,1,2,17,0,15,2,34,21,4,9,0,0,0,0
1,,4565,Hiteen,RUH_22,Mixed.,Closed,abinsaedan,25-Jan,,,0.06,0.04,0,0,0,0,1,4,0,0,0,0,4,1,2,1,9,6,2,1,0,0,0,YES
1,,4588,Hiteen,RUH_Hittin,Resid.,Closed,abinsaedan,25-Jan,"January 6, 25","January 6, 25",0.37,0.25,0,0,0,0,1,28,1,0,1,0,27,1,20,6,69,43,9,17,0,0,0,YES
1,,4314,King Saud University,city Riyadh King Saud University district_1360,Mixed.,Closed,ashuban,25-Feb,"February 18, 25","February 18, 25",0.09,0.06,0,0,0,0,1,15,8,0,0,8,7,0,6,1,23,10,3,10,0,0,0,0
1,,2615,Al Malaz,Al Malaz district_10000528,Resid.,Closed,fabdelrahman,25-Jan,"January 28, 25","January 28, 25",0.53,0.32,0,0,0,0,1,45,23,7,9,7,22,0,20,2,86,47,18,21,0,7,0,YES
1,,2630,Al Malaz,Al Malaz district_10000537,Resid.,Closed,fabdelrahman,25-Jan,"January 22, 25","January 22, 25",0.23,0.13,0,0,0,0,1,38,22,4,5,13,16,2,11,3,45,17,11,17,0,4,0,0
1,,5521,Ghirnatah,Ghornata district_166,Resid.,Closed,fabdelrahman,25-Feb,,,0.05,0.03,0,0,0,0,1,4,0,0,0,0,4,0,1,3,7,3,1,3,0,0,0,0
1,,6777,Al Narjis,Al Narjas district_57,Resid.,Closed,surveyor1,25-Jan,"January 13, 25","January 13, 25",0.17,0.11,0,0,0,0,1,16,3,0,3,0,13,0,13,0,26,16,8,2,0,0,0,YES
1,,2573,Al Malaz,Al Malaz district_10000505,Mixed.,Closed,surveyor10,25-Jan,"January 28, 25","January 29, 25",0.29,0.15,0,0,0,0,1,26,13,9,3,1,13,0,12,1,35,18,14,3,0,9,0,YES
1,,2584,Al Malaz,Al Malaz district_10000511,Mixed.,Closed,surveyor10,25-Jan,"January 22, 25","January 22, 25",0.58,0.32,0,0,0,0,1,31,23,14,8,1,8,1,4,3,88,41,25,22,0,14,0,YES
1,,2632,Al Malaz,Al Malaz district_10000538,Resid.,Closed,surveyor11,25-Jan,,,0.2,0.13,0,0,0,0,1,22,0,0,0,0,22,1,14,7,32,21,6,5,0,0,0,YES
1,,3012,Al Mutamarat,Al Mutamarat district_10000366,Resid.,Closed,surveyor11,25-Jan,"January 21, 25","January 22, 25",0.17,0.1,0,0,0,0,1,17,7,2,5,0,10,1,7,2,28,13,9,6,0,2,0,0
1,,3522,Al Sulaimaniyah,Al Sulaimaniyah district_10000351,Resid.,Closed,surveyor11,25-Feb,,,0.04,0.02,0,0,0,0,1,1,0,0,0,0,1,0,1,0,5,4,1,0,0,0,0,0
1,,4298,King Saud University,city Riyadh King Saud University district_1351,Resid.,Closed,surveyor13,25-Feb,,,0.16,0.11,0,0,0,0,1,10,0,0,0,0,10,1,7,2,30,19,4,7,0,0,0,0
1,,4326,King Saud University,city Riyadh King Saud University district_1616,Resid.,Closed,surveyor13,25-Feb,"February 18, 25","February 18, 25",0.07,0.05,0,0,0,0,1,4,1,0,0,1,3,0,2,1,16,8,2,6,0,0,0,0
1,,6782,Al Narjis,Al Narjas district_62,Resid.,Closed,surveyor2,25-Jan,,,0.11,0.07,0,0,0,0,1,12,0,0,0,0,12,0,9,3,18,13,2,3,0,0,0,YES
1,,4409,King Fahd,King Fahd district_10000105,Resid.,Closed,surveyor3,25-Feb,"February 26, 25","February 26, 25",0.12,0.08,0,0,0,0,1,13,2,0,2,0,11,1,4,6,27,11,5,11,0,0,0,0
1,,3370,Al Sahafah,Al Sahafah district_10000264,Resid.,Closed,,"  v-24","November25, 24","November25, 24",0.06,0.04,0,0,0,0,1,11,2,0,1,1,9,0,9,0,12,6,2,4,0,0,0,0
1,,3596,Al Woroud,Al Woroud district_10000152,Resid.,Closed,,25-Feb,"February 9, 25","February 9, 25",0.21,0.14,0,0,0,0,1,23,2,0,0,2,21,4,8,9,47,23,6,18,0,0,0,0
1,,3627,Al Woroud,Al Woroud district_10000168,Resid.,Closed,,25-Feb,"January 2, 25","February 10, 25",0.19,0.12,0,0,0,0,1,20,4,0,4,0,16,2,6,8,37,17,7,13,0,0,0,0
1,,3769,Al Yasmeen,Al Yasmeen district_10000166,Mixed.,Closed,,"  v-24","February 18, 25","February 18, 25",0.13,0.09,0,0,0,0,1,20,1,0,1,0,19,0,18,1,18,12,5,1,0,0,0,YES
1,,3792,Al Yasmeen,Al Yasmeen district_10000179,Resid.,Closed,,25-Dec,,,0.09,0.06,0,0,0,0,1,11,0,0,0,0,11,0,10,1,16,10,2,4,0,0,0,YES
1,,5104,Ar Rabie,Ar Rabie district_10000306,Resid.,Closed,,25-Dec,"December 3, 24","December 10, 24",0.08,0.05,0,0,0,0,1,16,3,0,1,2,13,1,8,4,19,7,4,8,0,0,0,0
1,,5127,Ar Rahmaniyah,Ar Rahmaniyah district_10000192,Resid.,Closed,,25-Dec,,,0.08,0.05,0,0,0,0,1,4,0,0,0,0,4,0,2,2,15,10,1,4,0,0,0,0
1,,5132,Ar Rahmaniyah,Ar Rahmaniyah district_10000197,Resid.,Closed,,25-Dec,"October 24, 24","December 17, 24",0.04,0.02,0,0,0,0,1,4,2,2,0,0,2,1,1,0,4,3,1,0,0,2,0,0
1,,3558,Al Wizarat,Al Wizarat district_10000593,Resid.,Off-Plan,fabdelrahman,25-Jun,"June 1, 25","June 1, 25",0.32,0.21,1,0,0,0,0,54,42,35,7,0,12,1,6,5,57,43,2,12,0,-45,0,0
1,,2686,Al Malqa,Al Malqa district_10000029,Resid.,Closed,aalngedan,,,,0.14,0.09,0,1,0,0,0,20,0,0,0,0,20,7,11,2,22,10,8,4,0,0,0,0
1,,4421,Al Olaya,Olaya area ter_3,Mixed.,Closed,aalngedan,,"January 23, 25","May 7, 25",0.16,0.11,1,0,0,0,0,15,2,0,2,0,13,0,11,2,32,20,3,9,0,0,0,YES
1,,2571,Al Malaz,Al Malaz district_10000504,Mixed.,Closed,fabdelrahman,25-Jan,,,0.09,0.06,2,0,0,0,0,9,0,0,0,0,9,0,7,2,14,9,2,3,0,0,0,0
1,,5020,Al Sulaimaniyah,Al Sulaimaniyah district_10000357,Resid.,Closed,surveyor11,25-Jan,,,0.05,0.03,1,0,0,0,0,5,0,0,0,0,5,1,3,1,9,5,2,2,0,0,0,0
1,,4309,King Saud University,city Riyadh King Saud University district_1358,Mixed.,Closed,surveyor13,25-Feb,"January 18, 25","February 18, 25",0.09,0.06,1,0,0,0,0,4,3,0,1,2,1,0,1,0,14,10,2,2,0,0,0,0
1,,4256,Hiteen,city Riyadh Hiteen district_1509,Resid.,Closed,surveyor4,25-Jan,"January 5, 25","January 14, 25",0.12,0.08,0,2,0,0,0,26,7,1,5,1,19,0,18,1,22,10,6,6,0,1,0,0
1,,5123,Ar Rahmaniyah,Ar Rahmaniyah district_10000188,Resid.,Closed,,25-Dec,"May 10, 25","May 10, 25",0.12,0.08,0,1,0,0,0,14,1,0,1,0,13,0,13,0,19,12,5,2,0,0,0,0
1,,4512,Qurtubah,Qurtubah district_334,Resid.,Open,,,,,0.09,0.06,0,0,0,0,0,5,0,0,0,0,5,1,2,2,14,10,2,2,0,-12,0,0
1,,4331,Imam Muhammad Bin Saud Islamic University,Imam Muhammed Bin Saud Islamic University district_12,Resid.,Open,,,,,0.06,0.04,0,0,0,0,0,0,0,0,0,0,0,0,0,0,12,9,0,3,0,-9,0,0
1,,6123,Al Faisaliyah,Al Faisaliyah district_157,Com,Open,,,,,0.75,0.5,0,0,0,0,0,12,0,0,0,0,12,0,10,2,113,99,4,10,0,-105,0,0
1,,6126,Al Faisaliyah,Al Faisaliyah district_62,Mixed.,Open,,,,,0.07,0.05,0,0,0,0,0,0,0,0,0,0,0,0,0,0,10,10,0,0,0,-10,0,0
1,,6128,Al Faisaliyah,Al Faisaliyah district_64,Com,Open,,,,,0.27,0.18,0,0,0,0,0,13,0,0,0,0,13,1,10,2,42,33,5,4,0,-38,0,0
1,,6130,Al Faisaliyah,Al Faisaliyah district_66,Mixed.,Open,,,,,0.11,0.07,0,0,0,0,0,6,0,0,0,0,6,2,2,2,17,13,2,2,0,-15,0,0
1,,6131,Al Faisaliyah,Al Faisaliyah district_67,Mixed.,Open,,,,,0.08,0.05,0,0,0,0,0,9,0,0,0,0,9,2,3,4,16,8,3,5,0,-11,0,0
1,,6133,Al Faisaliyah,Al Faisaliyah district_69,Com,Open,,,,,0.05,0.03,0,0,0,0,0,4,0,0,0,0,4,0,4,0,7,6,1,0,0,-7,0,0
1,,6135,Al Faisaliyah,Al Faisaliyah district_71,Com,Open,,,,,0.14,0.1,0,0,0,0,0,5,0,0,0,0,5,0,5,0,21,18,2,1,0,-20,0,0
1,,6137,Al Faisaliyah,Al Faisaliyah district_73,Com,Open,,,,,0.16,0.11,0,0,0,0,0,3,0,0,0,0,3,0,3,0,24,21,2,1,0,-23,0,0
1,,6138,Al Faisaliyah,Al Faisaliyah district_74,Com,Open,,,,,0.29,0.2,0,0,0,0,0,5,0,0,0,0,5,0,4,1,43,39,1,3,0,-41,0,0
1,,6139,Al Faisaliyah,Al Faisaliyah district_75,Com,Open,,,,,0.53,0.35,0,0,0,0,0,13,0,0,0,0,13,0,11,2,81,66,8,7,0,-74,0,0
1,,6141,Al Faisaliyah,Al Faisaliyah district_77,Com,Open,,,,,0.36,0.24,0,0,0,0,0,7,0,0,0,0,7,0,7,0,51,46,4,1,0,-50,0,0
1,,6142,Al Faisaliyah,Al Faisaliyah district_78,Com,Open,,,,,0.22,0.15,0,0,0,0,0,3,0,0,0,0,3,0,3,0,33,29,2,2,0,-31,0,0
1,,6146,Al Faisaliyah,Al Faisaliyah district_82,Resid.,Open,,,,,0.06,0.04,0,0,0,0,0,4,0,0,0,0,4,1,1,2,9,6,1,2,0,-8,0,0
1,,6147,Al Faisaliyah,Al Faisaliyah district_83,Resid.,Open,,,,,0.03,0.02,0,0,0,0,0,2,0,0,0,0,2,0,2,0,6,3,1,2,0,-4,0,0
1,,6148,Al Faisaliyah,Al Faisaliyah district_84,Resid.,Open,,,,,0.03,0.02,0,0,0,0,0,3,0,0,0,0,3,1,1,1,5,3,1,1,0,-4,0,0
1,,6149,Al Faisaliyah,Al Faisaliyah district_85,Resid.,Open,,,,,0.07,0.05,0,0,0,0,0,4,0,0,0,0,4,1,1,2,12,9,1,2,0,-10,0,0
1,,6151,Al Faisaliyah,Al Faisaliyah district_87,Mixed.,Open,,,,,0.65,0.43,0,0,0,0,0,17,0,0,0,0,17,0,17,0,106,83,8,15,0,-91,0,0
1,,6152,Al Faisaliyah,Al Faisaliyah district_88,Indust.,Open,,,,,0.9,0.6,0,0,0,0,0,21,0,0,0,0,21,0,20,1,146,118,8,20,0,-126,0,0
1,,4705,Al Falah,Al Falah district_28,Resid.,Off-Plan,aalosaimi,25-May,"May 29, 25","May 29, 25",0.19,0.13,0,0,0,0,0,36,13,5,8,0,23,1,15,7,36,22,5,9,0,-27,0,0
1,,4711,Al Falah,Al Falah district_34,Resid.,Off-Plan,aalosaimi,25-May,"May 29, 25","May 29, 25",0.06,0.04,0,0,0,0,0,0,0,0,0,0,0,0,0,0,15,9,0,6,0,-9,0,0
1,,4713,Al Falah,Al Falah district_36,Resid.,Open,,,,,0.11,0.08,0,0,0,0,0,13,0,0,0,0,13,1,8,4,22,13,3,6,0,-16,0,0
1,,6314,Al Khalidiyah,Al Khalideyeh district_10000008,Com,Open,,,,,0.14,0.09,0,0,0,0,0,1,0,0,0,0,1,0,1,0,19,18,1,0,0,-19,0,0
1,,6316,Al Khalidiyah,Al Khalideyeh district_10000447,Resid.,Open,,,,,0.04,0.03,0,0,0,0,0,3,0,0,0,0,3,1,1,1,7,5,1,1,0,-6,0,0
1,,6317,Al Khalidiyah,Al Khalideyeh district_10000448,Resid.,Open,,,,,0.12,0.08,0,0,0,0,0,8,0,0,0,0,8,1,6,1,20,15,2,3,0,-17,0,0
1,,6319,Al Khalidiyah,Al Khalideyeh district_10000450,Resid.,Open,,,,,0.23,0.15,0,0,0,0,0,5,0,0,0,0,5,1,3,1,43,29,3,11,0,-32,0,0
1,,6323,Al Khalidiyah,Al Khalideyeh district_10000454,Resid.,Open,,,,,0.19,0.13,0,0,0,0,0,4,0,0,0,0,4,1,1,2,38,26,1,11,0,-27,0,0
1,,6324,Al Khalidiyah,Al Khalideyeh district_10000455,Com,Open,,,,,0.74,0.49,0,0,0,0,0,5,0,0,0,0,5,1,1,3,115,100,1,14,0,-103,0,0
1,,6325,Al Khalidiyah,Al Khalideyeh district_10000456,Resid.,Open,,,,,0.38,0.25,0,0,0,0,0,4,0,0,0,0,4,1,1,2,63,52,1,10,0,-53,0,0
1,,6331,Al Khalidiyah,Al Khalideyeh district_10000462,Resid.,Open,,,,,0.29,0.19,0,0,0,0,0,7,0,0,0,0,7,1,4,2,52,37,3,12,0,-40,0,0
1,,6333,Al Khalidiyah,Al Khalideyeh district_10000464,Resid.,Open,,,,,0.11,0.08,0,0,0,0,0,0,0,0,0,0,0,0,0,0,21,16,0,5,0,-16,0,0
1,,6335,Al Khalidiyah,Al Khalideyeh district_10000466,Resid.,Open,,,,,0.16,0.1,0,0,0,0,0,0,0,0,0,0,0,0,0,0,30,22,0,8,0,-22,0,0
1,,6336,Al Khalidiyah,Al Khalideyeh district_10000467,Resid.,Open,,,,,0.16,0.11,0,0,0,0,0,2,0,0,0,0,2,0,1,1,26,21,1,4,0,-23,0,0
1,,6340,Al Khalidiyah,Al Khalideyeh district_10000471,Resid.,Open,,,,,0.24,0.16,0,0,0,0,0,4,0,0,0,0,4,0,0,4,42,31,0,11,0,-34,0,0
1,,2968,Al Murabba,Al Murabba district_10000409,Resid.,Off-Plan,ashuban,25-May,"May 29, 25","May 29, 25",0.15,0.1,0,0,0,0,0,26,18,8,10,0,8,0,5,3,24,17,2,5,0,-19,0,0
1,,4814,Al Mursalat,Al Mursalat district_10000113,Resid.,Open,,,,,0.08,0.05,0,0,0,0,0,9,0,0,0,0,9,1,4,4,19,7,4,8,0,-11,0,0
1,,4823,Al Mursalat,Al Mursalat district_10000122,Mixed.,Open,,,,,0.06,0.04,0,0,0,0,0,4,0,0,0,0,4,0,4,0,10,7,2,1,0,-9,0,0
1,,4830,Al Mursalat,Al Mursalat district_10000129,Resid.,Open,,,,,0.05,0.03,0,0,0,0,0,0,0,0,0,0,0,0,0,0,10,7,0,3,0,-7,0,0
1,,4831,Al Mursalat,Al Mursalat district_10000130,Resid.,Open,,,,,0.04,0.02,0,0,0,0,0,1,0,0,0,0,1,0,0,1,5,4,0,1,0,-5,0,0
1,,3191,Al Rawdah,Al Rawdah district_33,Resid.,Off-Plan,ashuban,25-Jun,"Jun 4, 25","Jun 4, 25",0.16,0.11,0,0,0,0,0,14,2,4,2,0,12,2,9,1,31,19,5,7,0,-23,0,YES
1,,3197,Al Rawdah,Al Rawdah district_35,Resid.,In progress,aalosaimi,25-Jun,"Jun 3, 25",,0.07,0.05,0,0,0,0,0,6,0,0,0,0,6,1,3,2,15,7,3,5,0,-10,0,0
1,,5023,Al Taawun,Al Taawon district_39,Resid.,Open,,,,,0.09,0.06,0,0,0,0,0,1,0,0,0,0,1,0,1,0,18,12,1,5,0,-13,0,YES
1,,5031,Al Taawun,Al Taawon district_47,Resid.,Open,,,,,0.08,0.05,0,0,0,0,0,4,0,0,0,0,4,1,1,2,16,10,1,5,0,-11,0,0
1,,3537,Al Wizarat,Al Wizarat district_10000583,Resid.,Off-Plan,ashuban,25-Jun,"Jun 2, 25","Jun 2, 25",0.24,0.16,0,0,0,0,0,4,0,0,0,0,4,0,0,4,44,30,0,14,0,-34,0,YES
1,,3544,Al Wizarat,Al Wizarat district_10000586,Resid.,Off-Plan,ashuban,25-Jun,"Jun 1, 25","Jun 1, 25",0.29,0.19,0,0,0,0,0,99,85,80,5,0,14,0,5,9,55,30,3,22,0,-40,0,0
1,,3548,Al Wizarat,Al Wizarat district_10000588,Resid.,Off-Plan,ashuban,25-Jun,"Jun 1, 25","Jun 1, 25",0.16,0.1,0,0,0,0,0,31,29,19,10,0,2,0,0,2,33,20,0,13,0,-22,0,YES
1,,3549,Al Wizarat,Al Wizarat district_10000589,Resid.,Open,,,,,0.24,0.16,0,0,0,0,0,5,0,0,0,0,5,1,2,2,40,30,2,8,0,-33,0,YES
1,,3556,Al Wizarat,Al Wizarat district_10000592,Resid.,Off-Plan,fabdelrahman,25-Jun,"Jun 1, 25","Jun 1, 25",0.3,0.2,0,0,0,0,0,40,33,24,9,0,7,0,5,2,58,38,2,18,0,-42,0,YES
1,,3562,Al Wizarat,Al Wizarat district_10000595,Resid.,Off-Plan,fabdelrahman,25-Jun,"Jun 2, 25","Jun 2, 25",0.26,0.17,0,0,0,0,0,26,23,20,3,0,3,0,0,3,45,34,0,11,0,-36,0,0
1,,4109,Al Nakheel,Al-Nakheel_10000112,Resid.,Open,,25-Jan,,,0.04,0.03,0,0,0,0,0,7,0,0,0,0,7,1,3,3,12,4,2,6,0,-6,0,0
1,,4142,Al Nakheel,Al-Nakheel_10000129,Mixed.,Open,,25-Jan,,,0.05,0.03,0,0,0,0,0,10,0,0,0,0,10,1,6,3,10,4,2,4,0,-7,0,0
1,,4181,Al Hada,city Riyadh Al Hada district_1119,Indust.,Open,,,,,0.04,0.02,0,0,0,0,0,8,0,0,0,0,8,0,3,5,12,4,1,7,0,-5,0,0
1,,4191,Al Hada,city Riyadh Al Hada district_1124,Resid.,Open,,,,,0.06,0.04,0,0,0,0,0,14,0,0,0,0,14,2,10,2,12,5,4,3,0,-9,0,0
1,,4199,Al Hada,city Riyadh Al Hada district_1128,Mixed.,Open,,,,,0.02,0.01,0,0,0,0,0,3,0,0,0,0,3,1,1,1,4,2,1,1,0,-3,0,0
1,,4213,Al Hada,city Riyadh Al Hada district_1135,Mixed.,Open,,,,,0.03,0.02,0,0,0,0,0,6,0,0,0,0,6,1,3,2,6,3,1,2,0,-4,0,0
1,,4230,Al Hada,city Riyadh Al Hada district_1143,Mixed.,Open,,,,,0.02,0.01,0,0,0,0,0,0,0,0,0,0,0,0,0,0,3,3,0,0,0,-3,0,0
1,,4237,Al Hada,city Riyadh Al Hada district_1147,Mixed.,Open,,,,,0.02,0.01,0,0,0,0,0,0,0,0,0,0,0,0,0,0,3,3,0,0,0,-3,0,0
1,,4244,Al Hada,city Riyadh Al Hada district_1260,Resid.,Open,,,,,0.03,0.02,0,0,0,0,0,8,0,0,0,0,8,1,4,3,6,2,1,3,0,-4,0,0
1,,5229,Al Raed,city Riyadh Al Raed district_1335,Mixed.,Closed,,25-Jan,,,0.09,0.06,0,0,0,0,0,4,0,0,0,0,4,0,4,0,17,8,4,5,0,-12,0,0
1,,5408,Al Sharafiyah,city Riyadh Al Sharafiyah district_1245,Resid.,Off-Plan,ashuban,25-May,"May 31, 25","May 31, 25",0.08,0.05,0,0,0,0,0,24,20,16,4,0,4,0,3,1,13,8,2,3,0,-11,0,0
1,,5411,Al Sharafiyah,city Riyadh Al Sharafiyah district_1248,Resid.,Off-Plan,ashuban,25-May,"May 31, 25","May 31, 25",0.03,0.02,0,0,0,0,0,5,5,4,1,0,0,0,0,0,5,4,0,1,0,-4,0,0
1,,5413,Al Sharafiyah,city Riyadh Al Sharafiyah district_1250,Resid.,Off-Plan,ashuban,25-May,"May 31, 25","May 31, 25",0.1,0.07,0,0,0,0,0,15,13,11,2,0,2,0,1,1,15,12,1,2,0,-14,0,0
1,,5414,Al Sharafiyah,city Riyadh Al Sharafiyah district_1251,Resid.,Off-Plan,ashuban,25-May,"May 31, 25","May 31, 25",0.03,0.02,0,0,0,0,0,0,0,0,0,0,0,0,0,0,4,4,0,0,0,-4,0,0
1,,5419,Al Sharafiyah,city Riyadh Al Sharafiyah district_1256,Resid.,Off-Plan,ashuban,25-May,"May 31, 25","May 31, 25",0.05,0.03,0,0,0,0,0,13,9,7,2,0,4,0,4,0,9,5,2,2,0,-7,0,0
1,,5422,Al Sharafiyah,city Riyadh Al Sharafiyah district_1259,Resid.,Off-Plan,ashuban,25-May,"May 31, 25","May 31, 25",0.04,0.02,0,0,0,0,0,7,2,0,2,0,5,1,2,2,8,3,2,3,0,-5,0,0
1,,4448,Qurtubah,Qurtubah district_299,Resid.,Open,,,,,0.06,0.04,0,0,0,0,0,4,0,0,0,0,4,0,4,0,8,6,2,0,0,-8,0,0
1,,4458,Qurtubah,Qurtubah district_304,Resid.,Open,,,,,0.07,0.05,0,0,0,0,0,1,0,0,0,0,1,0,1,0,12,9,1,2,0,-10,0,0
1,,4473,Qurtubah,Qurtubah district_311,Resid.,Open,,,,,0.07,0.05,0,0,0,0,0,2,0,0,0,0,2,0,2,0,11,9,1,1,0,-10,0,0
1,,4493,Qurtubah,Qurtubah district_323,Resid.,Open,,,,,0.02,0.01,0,0,0,0,0,3,0,0,0,0,3,0,3,0,3,2,1,0,0,-3,0,0
1,,4503,Qurtubah,Qurtubah district_329,Resid.,Open,,,,,0.14,0.09,0,0,0,0,0,8,0,0,0,0,8,1,4,3,32,16,3,13,0,-19,0,0
1,,4523,Qurtubah,Qurtubah district_340,Resid.,Open,,,,,0.06,0.04,0,0,0,0,0,6,0,0,0,0,6,1,4,1,9,6,2,1,0,-8,0,0
1,,4532,Qurtubah,Qurtubah district_345,Resid.,Open,,,,,0.02,0.01,0,0,0,0,0,0,0,0,0,0,0,0,0,0,3,3,0,0,0,-3,0,0
1,,5659,Salahuddin,Salahuddin district_10000135,Resid.,Open,,,,,0.03,0.02,0,0,0,0,0,0,0,0,0,0,0,0,0,0,4,4,0,0,0,-4,0,0
1,,5663,Salahuddin,Salahuddin district_10000139,Resid.,Open,,,,,0.27,0.18,0,0,0,0,0,13,0,0,0,0,13,0,11,2,52,30,7,15,0,-38,0,0
1,,5664,Salahuddin,Salahuddin district_10000140,Resid.,Open,,,,,0.05,0.03,0,0,0,0,0,2,0,0,0,0,2,0,2,0,11,6,1,4,0,-7,0,YES
1,,5665,Salahuddin,Salahuddin district_10000141,Resid.,Open,,,,,0.35,0.23,0,0,0,0,0,9,0,0,0,0,9,0,4,5,66,46,1,19,0,-49,0,0
1,,5669,Salahuddin,Salahuddin district_10000146,Resid.,Open,,,,,0.04,0.02,0,0,0,0,0,1,0,0,0,0,1,0,1,0,5,4,1,0,0,-5,0,0
1,,3734,Al Yasmeen,Al Yasmeen district_10000149,Resid.,Closed,aabdulrahim,"  v-24",,,0.01,0,0,0,0,0,0,0,0,0,0,0,0,0,0,0,1,1,0,0,0,0,0,0
1,,3743,Al Yasmeen,Al Yasmeen district_10000153,Resid.,Closed,aabdulrahim,"  v-24",,,0.01,0.01,0,0,0,0,0,0,0,0,0,0,0,0,0,0,2,2,0,0,0,0,0,0
1,,3755,Al Yasmeen,Al Yasmeen district_10000159,Resid.,Closed,aabdulrahim,"  v-24",,,0.03,0.02,0,0,0,0,0,1,0,0,0,0,1,0,1,0,5,3,1,1,0,0,0,0
1,,3765,Al Yasmeen,Al Yasmeen district_10000164,Resid.,Closed,aabdulrahim,"  v-24",,,0.03,0.02,0,0,0,0,0,0,0,0,0,0,0,0,0,0,4,4,0,0,0,0,0,0
1,,3778,Al Yasmeen,Al Yasmeen district_10000170,Resid.,Closed,aabdulrahim,"  v-24","November6, 24","November6, 24",0.02,0.01,0,0,0,0,0,4,1,0,0,1,3,1,1,1,6,2,1,3,0,0,0,0
1,,2737,Al Malqa,Al Malqa district_10000055,Indust.,Closed,aalbwardi,,,,0.01,0,0,0,0,0,0,0,0,0,0,0,0,0,0,0,1,1,0,0,0,0,0,0
1,,2745,Al Malqa,Al Malqa district_10000059,Resid.,Closed,aalbwardi,,,,0.05,0.03,0,0,0,0,0,4,0,0,0,0,4,1,3,0,8,6,2,0,0,0,0,0
1,,2754,Al Malqa,Al Malqa district_10000061,Resid.,Closed,aalbwardi,,,,0.11,0.08,0,0,0,0,0,8,0,0,0,0,8,2,6,0,20,11,5,4,0,0,0,0
1,,2756,Al Malqa,Al Malqa district_10000062,Resid.,Closed,aalbwardi,,,,0.01,0.01,0,0,0,0,0,0,0,0,0,0,0,0,0,0,3,2,0,1,0,0,0,0
1,,2771,Al Malqa,Al Malqa district_10000071,Resid.,Closed,aalbwardi,,,,0.04,0.02,0,0,0,0,0,1,0,0,0,0,1,0,1,0,5,4,1,0,0,0,0,YES
1,,2775,Al Malqa,Al Malqa district_10000073,Resid.,Closed,aalbwardi,,,,0.03,0.02,0,0,0,0,0,0,0,0,0,0,0,0,0,0,5,4,0,1,0,0,0,0
1,,2793,Al Malqa,Al Malqa district_10000082,Resid.,Closed,aalbwardi,,,,0.01,0,0,0,0,0,0,0,0,0,0,0,0,0,0,0,1,1,0,0,0,0,0,0
1,,6805,Al Narjis,Al Narjas district_84,Resid.,Closed,aalbwardi,25-Jan,,,0.09,0.06,0,0,0,0,0,11,0,0,0,0,11,0,11,0,13,8,5,0,0,0,0,YES
1,,2798,Al Malqa,Al Malqa district_10000085,Resid.,Closed,aalbwardi,,,,0.03,0.02,0,0,0,0,0,2,0,0,0,0,2,1,0,1,5,3,1,1,0,0,0,0
1,,6806,Al Narjis,Al Narjas district_85,Resid.,Closed,aalbwardi,25-Jan,,,0.03,0.02,0,0,0,0,0,1,0,0,0,0,1,0,1,0,4,3,1,0,0,0,0,0
1,,3663,Al Yasmeen,Al Yasmeen district_10000113,Resid.,Closed,aalbwardi,"  v-24",,,0.01,0.01,0,0,0,0,0,0,0,0,0,0,0,0,0,0,2,2,0,0,0,0,0,0
1,,6807,Al Narjis,Al Narjas district_86,Resid.,Closed,aalbwardi,25-Dec,,,0.01,0.01,0,0,0,0,0,0,0,0,0,0,0,0,0,0,3,2,0,1,0,0,0,0
1,,3675,Al Yasmeen,Al Yasmeen district_10000119,Resid.,Closed,aalbwardi,"  v-24",,,0.01,0,0,0,0,0,0,0,0,0,0,0,0,0,0,0,1,1,0,0,0,0,0,0
1,,3713,Al Yasmeen,Al Yasmeen district_10000138,Resid.,Closed,aalbwardi,"  v-24",,,0.01,0.01,0,0,0,0,0,0,0,0,0,0,0,0,0,0,2,2,0,0,0,0,0,0
1,,3684,Al Yasmeen,Al Yasmeen district_10000124,Resid.,Closed,aalbwardi,"  v-24",,,0.01,0,0,0,0,0,0,0,0,0,0,0,0,0,0,0,2,1,0,1,0,0,0,0
1,,3715,Al Yasmeen,Al Yasmeen district_10000139,Resid.,Closed,aalbwardi,"  v-24",,,0.01,0,0,0,0,0,0,0,0,0,0,0,0,0,0,0,1,1,0,0,0,0,0,0
1,,3725,Al Yasmeen,Al Yasmeen district_10000144,Resid.,Closed,aalbwardi,"  v-24",,,0.01,0,0,0,0,0,0,0,0,0,0,0,0,0,0,0,1,1,0,0,0,0,0,0
1,,3723,Al Yasmeen,Al Yasmeen district_10000143,Resid.,Closed,aalbwardi,"  v-24",,,0.01,0,0,0,0,0,0,0,0,0,0,0,0,0,0,0,1,1,0,0,0,0,0,0
1,,3727,Al Yasmeen,Al Yasmeen district_10000145,Resid.,Closed,aalbwardi,"  v-24",,,0.01,0,0,0,0,0,0,0,0,0,0,0,0,0,0,0,1,1,0,0,0,0,0,0
1,,2654,Al Malqa,Al Malqa district_10000014,Mixed.,Closed,aalngedan,,,,0.33,0.22,0,0,0,0,0,36,0,0,0,0,36,11,23,2,57,27,19,11,0,0,0,0
1,,3776,Al Yasmeen,Al Yasmeen district_10000169,Resid.,Closed,aalbwardi,"  v-25",,,0.03,0.02,0,0,0,0,0,3,0,0,0,0,3,1,2,0,4,3,1,0,0,0,0,0
1,,2655,Al Malqa,Al Malqa district_10000015,Resid.,Closed,aalngedan,,,,0.04,0.03,0,0,0,0,0,3,0,0,0,0,3,0,2,1,8,5,1,2,0,0,0,0
1,,2679,Al Malqa,Al Malqa district_10000026,Resid.,Closed,aalngedan,,,,0.04,0.03,0,0,0,0,0,7,0,0,0,0,7,1,3,3,8,4,2,2,0,0,0,YES
1,,2665,Al Malqa,Al Malqa district_10000020,Resid.,Closed,aalngedan,,"April 7, 25","April 7, 25",0.04,0.02,0,0,0,0,0,2,1,0,1,0,1,0,1,0,7,4,2,1,0,0,0,0
1,,2712,Al Malqa,Al Malqa district_10000043,Resid.,Closed,aalngedan,,,,0.06,0.04,0,0,0,0,0,3,0,0,0,0,3,0,2,1,12,8,1,3,0,0,0,0
1,,2739,Al Malqa,Al Malqa district_10000056,Mixed.,Closed,aalngedan,,,,0.03,0.02,0,0,0,0,0,1,0,0,0,0,1,0,0,1,5,4,0,1,0,0,0,0
1,,2741,Al Malqa,Al Malqa district_10000057,Mixed.,Closed,aalngedan,,"January 2, 25","January 2, 25",0.01,0.01,0,0,0,0,0,1,1,0,0,1,0,0,0,0,3,2,0,1,0,0,0,0
1,,2817,Al Malqa,Al Malqa district_10000094,Resid.,Closed,aalngedan,,"January 2, 25","January 2, 25",0.04,0.02,0,0,0,0,0,5,2,0,1,1,3,0,2,1,7,4,1,2,0,0,0,0
1,,2825,Al Malqa,Al Malqa district_10000097,Mixed.,Closed,aalngedan,,"January 2, 25","January 2, 25",0.01,0.01,0,0,0,0,0,1,1,0,0,1,0,0,0,0,4,2,0,2,0,0,0,0
1,,2847,Al Malqa,Al Malqa district_10000429,Resid.,Closed,aalngedan,,"January 2, 25","January 2, 25",0.04,0.03,0,0,0,0,0,7,1,0,0,1,6,0,6,0,8,4,2,2,0,0,0,0
1,,3025,Al Olaya,Al Olaya district_10000223,Resid.,Closed,aalngedan,,,,0.05,0.03,0,0,0,0,0,5,0,0,0,0,5,1,3,1,13,5,2,6,0,0,0,0
1,,3037,Al Olaya,Al Olaya district_10000229,Resid.,Closed,aalngedan,,,,0.06,0.04,0,0,0,0,0,4,0,0,0,0,4,1,1,2,12,8,1,3,0,0,0,0
1,,3026,Al Olaya,Al Olaya district_10000224,Resid.,Closed,aalngedan,,,,0.07,0.05,0,0,0,0,0,3,0,0,0,0,3,1,1,1,15,9,1,5,0,0,0,0
1,,3045,Al Olaya,Al Olaya district_10000233,Resid.,Closed,aalngedan,,,,0.06,0.04,0,0,0,0,0,0,0,0,0,0,0,0,0,0,13,9,0,4,0,0,0,0
1,,3051,Al Olaya,Al Olaya district_10000235,Resid.,Closed,aalngedan,,,,0.03,0.02,0,0,0,0,0,0,0,0,0,0,0,0,0,0,4,4,0,0,0,0,0,0
1,,3054,Al Olaya,Al Olaya district_10000236,Resid.,Closed,aalngedan,,,,0.11,0.08,0,0,0,0,0,6,0,0,0,0,6,1,2,3,19,15,1,3,0,0,0,0
1,,3061,Al Olaya,Al Olaya district_10000239,Resid.,Closed,aalngedan,,,,0.04,0.02,0,0,0,0,0,2,0,0,0,0,2,0,2,0,8,4,1,3,0,0,0,0
1,,3063,Al Olaya,Al Olaya district_10000240,Resid.,Closed,aalngedan,,,,0.1,0.07,0,0,0,0,0,2,0,0,0,0,2,0,1,1,15,14,0,1,0,0,0,0
1,,3078,Al Olaya,Al Olaya district_10000248,Resid.,Closed,aalngedan,,,,0.09,0.06,0,0,0,0,0,7,0,0,0,0,7,2,2,3,15,10,2,3,0,0,0,0
1,,3073,Al Olaya,Al Olaya district_10000246,Resid.,Closed,aalngedan,,,,0.08,0.05,0,0,0,0,0,13,0,0,0,0,13,2,5,6,19,6,5,8,0,0,0,0
1,,3111,Al Olaya,Al Olaya district_10000262,Resid.,Closed,aalngedan,,,,0.06,0.04,0,0,0,0,0,2,0,0,0,0,2,0,0,2,10,7,0,3,0,0,0,0
1,,3114,Al Olaya,Al Olaya district_10000263,Resid.,Closed,aalngedan,,,,0.08,0.05,0,0,0,0,0,2,0,0,0,0,2,0,2,0,15,10,1,4,0,0,0,YES
1,,3117,Al Olaya,Al Olaya district_10000264,Resid.,Closed,aalngedan,,,,0.01,0.01,0,0,0,0,0,0,0,0,0,0,0,0,0,0,2,2,0,0,0,0,0,0
1,,3121,Al Olaya,Al Olaya district_10000266,Resid.,Closed,aalngedan,,,,0.06,0.04,0,0,0,0,0,0,0,0,0,0,0,0,0,0,8,8,0,0,0,0,0,0
1,,3123,Al Olaya,Al Olaya district_10000267,Resid.,Closed,aalngedan,,,,0.11,0.07,0,0,0,0,0,4,0,0,0,0,4,1,2,1,17,13,2,2,0,0,0,0
1,,3124,Al Olaya,Al Olaya district_10000268,Resid.,Closed,aalngedan,,"December 31, 24","December 31, 24",0.06,0.04,0,0,0,0,0,6,1,0,1,0,5,1,2,2,11,6,2,3,0,0,0,0
1,,3129,Al Olaya,Al Olaya district_10000271,Resid.,Closed,aalngedan,,,,0.04,0.03,0,0,0,0,0,6,0,0,0,0,6,1,3,2,7,4,2,1,0,0,0,0
1,,3126,Al Olaya,Al Olaya district_10000269,Resid.,Closed,aalngedan,,,,0.04,0.02,0,0,0,0,0,1,0,0,0,0,1,0,1,0,6,4,1,1,0,0,0,0
1,,3134,Al Olaya,Al Olaya district_10000274,Resid.,Closed,aalngedan,,,,0.04,0.03,0,0,0,0,0,4,0,0,0,0,4,0,1,3,11,5,1,5,0,0,0,0
1,,3155,Al Olaya,Al Olaya district_10000284,Resid.,Closed,aalngedan,,,,0.06,0.04,0,0,0,0,0,4,0,0,0,0,4,1,1,2,12,7,1,4,0,0,0,0
1,,3150,Al Olaya,Al Olaya district_10000281,Resid.,Closed,aalngedan,,,,0.16,0.11,0,0,0,0,0,9,0,0,0,0,9,1,6,2,27,20,2,5,0,0,0,YES
1,,3159,Al Olaya,Al Olaya district_10000286,Resid.,Closed,aalngedan,,,,0.05,0.03,0,0,0,0,0,0,0,0,0,0,0,0,0,0,8,7,0,1,0,0,0,0
1,,5134,Ar Rahmaniyah,Ar Rahmaniyah district_10000199,Indust.,Closed,aalngedan,25-Dec,,,0.03,0.02,0,0,0,0,0,0,0,0,0,0,0,0,0,0,5,4,0,1,0,0,0,0
1,,3172,Al Olaya,Al Olaya district_10000293,Resid.,Closed,aalngedan,,,,0.02,0.01,0,0,0,0,0,4,0,0,0,0,4,0,2,2,7,3,0,4,0,0,0,0
1,,4420,Al Olaya,Olaya area ter_2,Mixed.,Closed,aalngedan,,,,0.1,0.07,0,0,0,0,0,3,0,0,0,0,3,1,0,2,17,12,1,4,0,0,0,YES
1,,4418,Al Olaya,Olaya area ter_1,Mixed.,Closed,aalngedan,,,,0.09,0.06,0,0,0,0,0,2,0,0,0,0,2,0,2,0,12,11,1,0,0,0,0,0
1,,3985,Al Aqeeq,Al-Aqeek_10000056,Resid.,Closed,aalosaimi,25-Jan,,,0.04,0.02,0,0,0,0,0,0,0,0,0,0,0,0,0,0,8,5,0,3,0,0,0,0
1,,4001,Al Aqeeq,Al-Aqeek_10000132,Indust.,Closed,aalosaimi,25-Jan,,,0.03,0.02,0,0,0,0,0,3,0,0,0,0,3,0,0,3,6,4,0,2,0,0,0,0
1,,3987,Al Aqeeq,Al-Aqeek_10000057,Resid.,Closed,aalosaimi,25-Jan,,,0.01,0,0,0,0,0,0,0,0,0,0,0,0,0,0,0,1,1,0,0,0,0,0,0
1,,4004,Al Aqeeq,Al-Aqeek_10000133,Indust.,Closed,aalosaimi,25-Jan,"December 29, 24","December 29, 24",0.04,0.03,0,0,0,0,0,6,1,0,1,0,5,0,3,2,8,5,1,2,0,0,0,0
1,,4550,Hiteen,RUH_12,Resid.,Closed,aalosaimi,25-Jan,,,0.04,0.02,0,0,0,0,0,2,0,0,0,0,2,0,2,0,6,4,1,1,0,0,0,0
1,,2689,Al Malqa,Al Malqa district_10000032,Resid.,Closed,aalsahafi,,,,0.09,0.06,0,0,0,0,0,4,0,0,0,0,4,0,4,0,14,9,3,2,0,0,0,0
1,,2703,Al Malqa,Al Malqa district_10000039,Resid.,Closed,aalsahafi,,,,0.41,0.28,0,0,0,0,0,40,0,0,0,0,40,21,18,1,74,36,28,10,0,0,0,0
1,,2709,Al Malqa,Al Malqa district_10000040,Mixed.,Closed,aalsahafi,,,,0.17,0.11,0,0,0,0,0,11,0,0,0,0,11,1,8,2,30,18,6,6,0,0,0,YES
1,,2710,Al Malqa,Al Malqa district_10000041,Resid.,Closed,aalsahafi,,,,0.09,0.06,0,0,0,0,0,12,0,0,0,0,12,4,7,1,14,8,5,1,0,0,0,YES
1,,2729,Al Malqa,Al Malqa district_10000051,Resid.,Closed,aalsahafi,,,,0.29,0.2,0,0,0,0,0,23,0,0,0,0,23,9,12,2,42,26,14,2,0,0,0,YES
1,,2719,Al Malqa,Al Malqa district_10000046,Resid.,Closed,aalsahafi,,,,0.01,0,0,0,0,0,0,0,0,0,0,0,0,0,0,0,1,1,0,0,0,0,0,0
1,,2802,Al Malqa,Al Malqa district_10000087,Resid.,Closed,aalsahafi,,,,0.01,0,0,0,0,0,0,0,0,0,0,0,0,0,0,0,1,1,0,0,0,0,0,0
1,,2804,Al Malqa,Al Malqa district_10000088,Resid.,Closed,aalsahafi,,,,0.07,0.05,0,0,0,0,0,8,0,0,0,0,8,0,6,2,13,8,2,3,0,0,0,YES
1,,2806,Al Malqa,Al Malqa district_10000089,Resid.,Closed,aalsahafi,,,,0.07,0.05,0,0,0,0,0,7,0,0,0,0,7,0,7,0,10,7,3,0,0,0,0,YES
1,,2812,Al Malqa,Al Malqa district_10000092,Mixed.,Closed,aalsahafi,,,,0.14,0.09,0,0,0,0,0,10,0,0,0,0,10,4,4,2,21,15,4,2,0,0,0,0
1,,2829,Al Malqa,Al Malqa district_10000099,Resid.,Closed,aalsahafi,,,,0.03,0.02,0,0,0,0,0,2,0,0,0,0,2,0,2,0,6,3,1,2,0,0,0,0
1,,2827,Al Malqa,Al Malqa district_10000098,Resid.,Closed,aalsahafi,,,,0.03,0.02,0,0,0,0,0,1,0,0,0,0,1,0,1,0,5,3,1,1,0,0,0,0
1,,2835,Al Malqa,Al Malqa district_10000102,Resid.,Closed,aalsahafi,,,,0.06,0.04,0,0,0,0,0,3,0,0,0,0,3,0,2,1,9,7,1,1,0,0,0,0
1,,2845,Al Malqa,Al Malqa district_10000428,Resid.,Closed,aalsahafi,,,,0.01,0.01,0,0,0,0,0,2,0,0,0,0,2,0,0,2,4,2,0,2,0,0,0,0
1,,3799,Al Yasmeen,Al Yasmeen district_10000183,Resid.,Closed,aalsahafi,25-Dec,"November5, 24","November5, 24",0.04,0.02,0,0,0,0,0,3,1,1,0,0,2,0,2,0,5,4,1,0,0,1,0,0
1,,3815,Al Yasmeen,Al Yasmeen district_10000191,Resid.,Closed,aalsahafi,25-Dec,,,0.04,0.03,0,0,0,0,0,1,0,0,0,0,1,0,1,0,7,5,1,1,0,0,0,0
1,,3830,Al Yasmeen,Al Yasmeen district_10000198,Resid.,Closed,aalsahafi,25-Dec,,,0.02,0.01,0,0,0,0,0,0,0,0,0,0,0,0,0,0,3,3,0,0,0,0,0,0
1,,3826,Al Yasmeen,Al Yasmeen district_10000196,Resid.,Closed,aalsahafi,25-Dec,,,0.01,0,0,0,0,0,0,0,0,0,0,0,0,0,0,0,1,1,0,0,0,0,0,0
1,,3831,Al Yasmeen,Al Yasmeen district_10000199,Resid.,Closed,aalsahafi,25-Dec,,,0.02,0.01,0,0,0,0,0,3,0,0,0,0,3,1,1,1,4,2,1,1,0,0,0,0
1,,3853,Al Yasmeen,Al Yasmeen district_10000210,Resid.,Closed,aalsahafi,25-Dec,,,0.01,0.01,0,0,0,0,0,0,0,0,0,0,0,0,0,0,2,2,0,0,0,0,0,YES
1,,3441,Al Sulaimaniyah,Al Sulaimaniyah district_10000312,Resid.,Closed,abinsaedan,25-Jan,"January 30, 25","February 5, 25",0.07,0.05,0,0,0,0,0,12,2,0,1,1,10,1,4,5,17,8,2,7,0,0,0,0
1,,3515,Al Sulaimaniyah,Al Sulaimaniyah district_10000348,Com,Closed,abinsaedan,25-Feb,"February 4, 25","February 4, 25",0.11,0.07,0,0,0,0,0,7,1,0,1,0,6,1,0,5,17,9,2,6,0,0,0,0
1,,3593,Al Woroud,Al Woroud district_10000151,Resid.,Closed,abinsaedan,25-Feb,"February 9, 25","February 10, 25",0.21,0.13,0,0,0,0,0,20,9,1,2,6,11,0,10,1,40,20,8,12,0,1,0,0
1,,4557,Hiteen,RUH_17,Resid.,Closed,abinsaedan,25-Jan,,,0.04,0.02,0,0,0,0,0,5,0,0,0,0,5,1,1,3,8,4,1,3,0,0,0,0
1,,4563,Hiteen,RUH_20,Mixed.,Closed,abinsaedan,25-Jan,,,0.09,0.06,0,0,0,0,0,1,0,0,0,0,1,0,0,1,14,12,0,2,0,0,0,0
1,,4584,Hiteen,RUH_goverment,,Off-Plan,abinsaedan,25-May,"May 25, 25","May 25, 25",0.01,0.01,0,0,0,0,0,1,1,0,1,0,0,0,0,0,2,2,0,0,0,0,0,0
1,,4732,Al Ghadir,Al Ghadeer district_10000329,Resid.,Closed,ashuban,25-Feb,,,0.04,0.02,0,0,0,0,0,1,0,0,0,0,1,0,1,0,5,4,1,0,0,0,0,0
1,,3010,Al Mutamarat,Al Mutamarat district_10000365,Resid.,Closed,ashuban,25-Jan,"January 21, 25","January 21, 25",0.09,0.06,0,0,0,0,0,14,11,0,4,7,3,0,3,0,18,7,5,6,0,0,0,0
1,,3499,Al Sulaimaniyah,Al Sulaimaniyah district_10000340,Resid.,Closed,ashuban,25-Feb,"February 3, 25","February 3, 25",0.25,0.16,0,0,0,0,0,23,7,1,3,3,16,0,13,3,47,24,10,13,0,1,0,0
1,,3504,Al Sulaimaniyah,Al Sulaimaniyah district_10000342,Resid.,Closed,ashuban,25-Jan,"January 29, 25","January 30, 25",0.27,0.18,0,0,0,0,0,26,17,0,7,10,9,0,6,3,58,28,9,21,0,0,0,0
1,,3614,Al Woroud,Al Woroud district_10000161,Resid.,Off-Plan,fabdelrahman,25-May,"February 9, 25","May 29, 25",0.36,0.2,0,0,0,0,0,31,21,8,13,0,10,0,9,1,55,23,20,12,0,7,0,0
1,,3637,Al Woroud,Al Woroud district_10000174,Resid.,Closed,ashuban,25-Feb,"February 10, 25","February 10, 25",0.06,0.04,0,0,0,0,0,6,4,0,2,2,2,0,1,1,15,6,2,7,0,0,0,0
1,,3639,Al Woroud,Al Woroud district_10000175,Resid.,Closed,ashuban,25-Feb,"February 10, 25","February 10, 25",0.06,0.04,0,0,0,0,0,3,2,0,1,1,1,0,0,1,10,7,1,2,0,0,0,0
1,,3644,Al Woroud,Al Woroud district_10000177,Resid.,Closed,ashuban,25-Feb,"February 10, 25","February 10, 25",0.07,0.05,0,0,0,0,0,7,3,0,3,0,4,0,2,2,14,6,4,4,0,0,0,0
1,,4055,Al Nakheel,Al-Nakheel_10000084,Resid.,Closed,ashuban,25-Jan,"January 21, 25","January 21, 25",0.01,0,0,0,0,0,0,2,2,0,0,2,0,0,0,0,4,1,0,3,0,0,0,0
1,,4117,Al Nakheel,Al-Nakheel_10000116,Resid.,Closed,ashuban,25-Jan,"January 21, 25","January 21, 25",0.02,0.01,0,0,0,0,0,3,3,0,1,2,0,0,0,0,5,2,1,2,0,0,0,0
1,,4146,Al Nakheel,Al-Nakheel_10000137,Mixed.,Closed,ashuban,25-Jan,"January 21, 25","January 21, 25",0.01,0,0,0,0,0,0,1,1,0,0,1,0,0,0,0,2,1,0,1,0,0,0,YES
1,,4260,Hiteen,city Riyadh Hiteen district_1524,Indust.,Closed,ashuban,25-Jan,"March 9, 25","March 9, 25",0.06,0.02,0,0,0,0,0,9,6,3,1,2,3,1,2,0,9,5,2,2,0,3,0,0
1,,4318,King Saud University,city Riyadh King Saud University district_1451,Resid.,Closed,ashuban,25-Feb,,,0.04,0.03,0,0,0,0,0,5,0,0,0,0,5,1,3,1,9,4,2,3,0,0,0,0
1,,5520,Ghirnatah,Ghornata district_165,Resid.,Closed,ashuban,25-Feb,,,0.01,0.01,0,0,0,0,0,1,0,0,0,0,1,0,0,1,3,2,0,1,0,0,0,0
1,,2569,Al Malaz,Al Malaz district_10000503,Mixed.,Closed,fabdelrahman,25-Jan,"January 28, 25","January 28, 25",0.28,0.17,0,0,0,0,0,17,12,4,6,2,5,0,4,1,48,26,9,13,0,4,0,YES
1,,2626,Al Malaz,Al Malaz district_10000535,Resid.,Closed,fabdelrahman,25-Jan,"January 22, 25","January 22, 25",0.39,0.25,0,0,0,0,0,17,12,3,5,4,5,0,3,2,56,43,8,5,0,3,0,YES
1,,2628,Al Malaz,Al Malaz district_10000536,Resid.,Closed,fabdelrahman,25-Jan,"January 22, 25","January 22, 25",0.15,0.1,0,0,0,0,0,17,8,1,4,3,9,1,6,2,26,12,8,6,0,1,0,YES
1,,5515,Ghirnatah,Ghornata district_160,Indust.,Closed,fabdelrahman,25-Feb,"February 6, 25","February 6, 25",0.02,0.01,0,0,0,0,0,5,2,0,0,2,3,0,3,0,6,2,1,3,0,0,0,0
1,,5518,Ghirnatah,Ghornata district_163,Resid.,Closed,fabdelrahman,25-Feb,,,0.01,0,0,0,0,0,0,0,0,0,0,0,0,0,0,0,1,1,0,0,0,0,0,0
1,,4379,King Fahd,King Fahd district_10000090,Resid.,Closed,fabdelrahman,25-Feb,,,0.04,0.03,0,0,0,0,0,3,0,0,0,0,3,0,3,0,10,4,2,4,0,0,0,0
1,,5107,Ar Rabie,Ar Rabie district_10000309,Resid.,Closed,faljulajil,25-Dec,,,0.04,0.02,0,0,0,0,0,3,0,0,0,0,3,0,1,2,7,4,1,2,0,0,0,0
1,,2652,Al Malqa,Al Malqa district_10000010,Mixed.,Closed,malngedan,,,,0.39,0.26,0,0,0,0,0,50,0,0,0,0,50,1,42,7,69,36,19,14,0,0,0,YES
1,,3858,Al Yasmeen,Al Yasmeen district_10000212,Resid.,Closed,malngedan,25-Dec,,,0.02,0.01,0,0,0,0,0,1,0,0,0,0,1,0,1,0,3,2,1,0,0,0,0,0
1,,2561,Al Malaz,Al Malaz district_10000499,Com,Closed,surveyor1,25-Jan,"January 26, 25","January 26, 25",0.11,0.07,0,0,0,0,0,2,2,0,2,0,0,0,0,0,16,13,2,1,0,0,0,0
1,,2562,Al Malaz,Al Malaz district_10000500,Com,Closed,surveyor1,25-Jan,"January 26, 25","January 26, 25",0.07,0.05,0,0,0,0,0,2,1,0,1,0,1,0,0,1,13,9,1,3,0,0,0,0
1,,2565,Al Malaz,Al Malaz district_10000501,Com,Closed,surveyor1,25-Jan,"January 26, 25","January 26, 25",0.14,0.1,0,0,0,0,0,3,2,0,2,0,1,0,0,1,22,17,2,3,0,0,0,0
1,,2916,Al Muhammadiyah,Al Muhammadiyah district_10000056,Resid.,Closed,surveyor1,25-Jan,,,0.01,0,0,0,0,0,0,0,0,0,0,0,0,0,0,0,1,1,0,0,0,0,0,0
1,,6731,Al Narjis,Al Narjas district_157,Mixed.,Closed,surveyor1,25-Jan,,,0.01,0,0,0,0,0,0,0,0,0,0,0,0,0,0,0,1,1,0,0,0,0,0,0
1,,6733,Al Narjis,Al Narjas district_159,,Closed,surveyor1,25-Jan,,,0.01,0,0,0,0,0,0,0,0,0,0,0,0,0,0,0,1,1,0,0,0,0,0,0
1,,6750,Al Narjis,Al Narjas district_176,Mixed.,Closed,surveyor1,25-Jan,,,0.03,0.02,0,0,0,0,0,0,0,0,0,0,0,0,0,0,4,4,0,0,0,0,0,0
1,,4020,Al Nakheel,Al-Nakheel_10000066,Resid.,Closed,surveyor1,25-Jan,"January 6, 25","January 22, 25",0.08,0.05,0,0,0,0,0,8,6,0,6,0,2,0,1,1,13,6,5,2,0,0,0,0
1,,4591,Hiteen,RUH_Hitton 2,Com,Closed,surveyor1,25-Jan,,,0.06,0.04,0,0,0,0,0,11,0,0,0,0,11,0,7,4,12,6,1,5,0,0,0,0
1,,3482,Al Sulaimaniyah,Al Sulaimaniyah district_10000332,Resid.,Closed,surveyor10,25-Feb,,,0.07,0.05,0,0,0,0,0,3,0,0,0,0,3,1,1,1,14,9,1,4,0,0,0,0
1,,4105,Al Nakheel,Al-Nakheel_10000110,Resid.,Closed,surveyor10,25-Jan,"January 22, 25","January 22, 25",0.04,0.02,0,0,0,0,0,1,1,0,1,0,0,0,0,0,6,4,1,1,0,0,0,0
1,,4107,Al Nakheel,Al-Nakheel_10000111,Resid.,Closed,surveyor10,25-Jan,"January 22, 25","January 22, 25",0.03,0.02,0,0,0,0,0,1,1,0,1,0,0,0,0,0,5,3,1,1,0,0,0,0
1,,2637,Al Malaz,Al Malaz district_10000540,Resid.,Closed,surveyor11,25-Jan,"January 27, 25","January 27, 25",0.19,0.13,0,0,0,0,0,17,5,0,5,0,12,0,5,7,32,15,6,11,0,0,0,YES
1,,2659,Al Malqa,Al Malqa district_10000017,Com,Closed,surveyor11,,,,0.09,0.06,0,0,0,0,0,6,0,0,0,0,6,1,5,0,14,8,5,1,0,0,0,0
1,,3623,Al Woroud,Al Woroud district_10000166,Resid.,Closed,surveyor11,25-Feb,"February 11, 25","February 11, 25",0.13,0.08,0,0,0,0,0,7,4,1,3,0,3,1,2,0,24,12,6,6,0,1,0,0
1,,3959,Al Aqeeq,Al-Aqeek_10000043,Resid.,Closed,surveyor11,25-Jan,"January 15, 25","January 16, 25",0.36,0.21,0,0,0,0,0,52,19,7,10,2,33,0,32,1,54,23,21,10,0,7,0,0
1,,4066,Al Nakheel,Al-Nakheel_10000089,Indust.,Closed,surveyor11,25-Jan,,,0.02,0.01,0,0,0,0,0,0,0,0,0,0,0,0,0,0,3,3,0,0,0,0,0,0
1,,4095,Al Nakheel,Al-Nakheel_10000105,Resid.,Closed,surveyor11,25-Jan,"January 21, 25","January 21, 25",0.02,0.01,0,0,0,0,0,1,1,0,1,0,0,0,0,0,3,2,1,0,0,0,0,0
1,,4125,Al Nakheel,Al-Nakheel_10000120,Resid.,Closed,surveyor11,25-Jan,,,0.01,0,0,0,0,0,0,0,0,0,0,0,0,0,0,0,5,1,0,4,0,0,0,0
1,,4133,Al Nakheel,Al-Nakheel_10000124,Resid.,Closed,surveyor11,25-Jan,,,0.03,0.02,0,0,0,0,0,4,0,0,0,0,4,0,4,0,5,3,1,1,0,0,0,0
1,,4135,Al Nakheel,Al-Nakheel_10000125,Resid.,Closed,surveyor11,25-Jan,,,0.1,0.07,0,0,0,0,0,7,0,0,0,0,7,0,1,6,20,12,0,8,0,0,0,0
1,,4137,Al Nakheel,Al-Nakheel_10000126,Resid.,Closed,surveyor11,25-Jan,,,0.04,0.03,0,0,0,0,0,3,0,0,0,0,3,0,3,0,6,5,1,0,0,0,0,0
1,,4139,Al Nakheel,Al-Nakheel_10000127,Resid.,Closed,surveyor11,25-Jan,,,0.04,0.02,0,0,0,0,0,0,0,0,0,0,0,0,0,0,5,5,0,0,0,0,0,0
1,,4140,Al Nakheel,Al-Nakheel_10000128,Resid.,Closed,surveyor11,25-Jan,"January 20, 25","January 20, 25",0.24,0.13,0,0,0,0,0,30,8,6,2,0,22,0,22,0,32,19,9,4,0,6,0,YES
1,,4718,Al Ghadir,Al Ghadeer district_10000315,Resid.,Closed,surveyor13,25-Feb,"February 5, 25","February 5, 25",0.09,0.06,0,0,0,0,0,9,3,0,1,2,6,1,4,1,16,10,2,4,0,0,0,0
1,,3426,Al Sulaimaniyah,Al Sulaimaniyah district_10000305,Resid.,Closed,surveyor13,25-Feb,"February 4, 25","February 4, 25",0.07,0.04,0,0,0,0,0,5,1,1,0,0,4,1,1,2,14,7,2,5,0,1,0,0
1,,3454,Al Sulaimaniyah,Al Sulaimaniyah district_10000318,Resid.,Closed,surveyor13,25-Feb,"February 4, 25","February 4, 25",0.05,0.03,0,0,0,0,0,2,2,0,2,0,0,0,0,0,10,6,1,3,0,0,0,0
1,,4288,King Saud University,city Riyadh King Saud University district_1346,Resid.,Closed,surveyor13,25-Feb,,,0.01,0.01,0,0,0,0,0,0,0,0,0,0,0,0,0,0,2,2,0,0,0,0,0,0
1,,4303,King Saud University,city Riyadh King Saud University district_1353,Resid.,Closed,surveyor13,25-Feb,"February 17, 25","February 17, 25",0.01,0.01,0,0,0,0,0,3,2,0,0,2,1,0,0,1,5,2,0,3,0,0,0,0
1,,4320,King Saud University,city Riyadh King Saud University district_1599,Resid.,Closed,surveyor13,25-Feb,,,0.06,0.04,0,0,0,0,0,7,0,0,0,0,7,1,4,2,13,7,2,4,0,0,0,0
1,,6790,Al Narjis,Al Narjas district_7,,Closed,surveyor2,25-Jan,,,0.01,0,0,0,0,0,0,0,0,0,0,0,0,0,0,0,1,1,0,0,0,0,0,0
1,,3462,Al Sulaimaniyah,Al Sulaimaniyah district_10000322,Resid.,Closed,surveyor2,25-Jan,"January 30, 25","January 30, 25",0.13,0.08,0,0,0,0,0,12,3,1,2,0,9,0,8,1,18,11,5,2,0,1,0,0
1,,3605,Al Woroud,Al Woroud district_10000157,Resid.,Closed,surveyor2,25-Feb,,,0.04,0.02,0,0,0,0,0,1,0,0,0,0,1,0,1,0,5,4,1,0,0,0,0,0
1,,3607,Al Woroud,Al Woroud district_10000158,Resid.,Closed,surveyor2,25-Feb,"February 11, 25","February 11, 25",0.09,0.06,0,0,0,0,0,16,4,0,4,0,12,2,5,5,25,8,5,12,0,0,0,0
1,,4074,Al Nakheel,Al-Nakheel_10000093,Resid.,Closed,surveyor2,25-Jan,,,0.03,0.02,0,0,0,0,0,1,0,0,0,0,1,0,1,0,5,3,1,1,0,0,0,0
1,,4079,Al Nakheel,Al-Nakheel_10000096,Resid.,Closed,surveyor2,25-Jan,"January 21, 25","January 21, 25",0.04,0.02,0,0,0,0,0,1,1,0,1,0,0,0,0,0,7,4,1,2,0,0,0,0
1,,2576,Al Malaz,Al Malaz district_10000506,Mixed.,Closed,surveyor3,25-Jan,"January 28, 25","January 28, 25",0.51,0.34,0,0,0,0,0,42,32,0,25,7,10,0,9,1,86,44,27,15,0,0,0,YES
1,,3431,Al Sulaimaniyah,Al Sulaimaniyah district_10000307,Resid.,Closed,surveyor3,25-Jan,"January 30, 25","January 30, 25",0.03,0.02,0,0,0,0,0,4,3,0,1,2,1,0,0,1,7,3,0,4,0,0,0,0
1,,3433,Al Sulaimaniyah,Al Sulaimaniyah district_10000308,Resid.,Closed,surveyor3,25-Jan,"January 30, 25","January 30, 25",0.03,0.02,0,0,0,0,0,2,1,0,0,1,1,0,1,0,6,3,1,2,0,0,0,0
1,,3435,Al Sulaimaniyah,Al Sulaimaniyah district_10000309,Resid.,Closed,surveyor3,25-Jan,,,0.04,0.03,0,0,0,0,0,6,0,0,0,0,6,1,3,2,8,4,2,2,0,0,0,0
1,,3437,Al Sulaimaniyah,Al Sulaimaniyah district_10000310,Resid.,Closed,surveyor3,25-Jan,,,0.03,0.02,0,0,0,0,0,0,0,0,0,0,0,0,0,0,4,4,0,0,0,0,0,0
1,,3444,Al Sulaimaniyah,Al Sulaimaniyah district_10000313,Resid.,Closed,surveyor3,25-Jan,"January 30, 25","January 30, 25",0.09,0.06,0,0,0,0,0,7,1,0,0,1,6,1,3,2,17,10,2,5,0,0,0,0
1,,4412,King Fahd,King Fahd district_10000106,Resid.,Closed,surveyor3,25-Feb,,,0.04,0.03,0,0,0,0,0,0,0,0,0,0,0,0,0,0,6,6,0,0,0,0,0,0
1,,4361,King Fahd,King Fahd district_10000080,Resid.,Closed,surveyor4,25-Feb,,,0.04,0.02,0,0,0,0,0,6,0,0,0,0,6,1,3,2,7,3,2,2,0,0,0,0
1,,4363,King Fahd,King Fahd district_10000081,Resid.,Closed,surveyor4,25-Feb,,,0.04,0.03,0,0,0,0,0,1,0,0,0,0,1,0,1,0,6,5,1,0,0,0,0,0
1,,4722,Al Ghadir,Al Ghadeer district_10000319,Mixed.,Closed,surveyor5,25-Feb,"February 5, 25","February 5, 25",0.01,0,0,0,0,0,0,3,3,0,1,2,0,0,0,0,4,1,0,3,0,0,0,0
1,,2605,Al Malaz,Al Malaz district_10000523,Com,Closed,surveyor5,25-Jan,,,1.14,0.76,0,0,0,0,0,25,0,0,0,0,25,0,21,4,174,152,8,14,0,0,0,0
1,,6740,Al Narjis,Al Narjas district_166,Resid.,Closed,surveyor5,25-Jan,,,0.01,0,0,0,0,0,0,0,0,0,0,0,0,0,0,0,1,1,0,0,0,0,0,0
1,,6759,Al Narjis,Al Narjas district_39,Resid.,Closed,surveyor5,25-Jan,,,0.01,0.01,0,0,0,0,0,0,0,0,0,0,0,0,0,0,2,2,0,0,0,0,0,0
1,,4025,Al Nakheel,Al-Nakheel_10000069,Resid.,Closed,surveyor5,25-Jan,"January 21, 25","January 21, 25",0.01,0,0,0,0,0,0,3,2,0,0,2,1,0,0,1,5,1,0,4,0,0,0,0
1,,4035,Al Nakheel,Al-Nakheel_10000074,Resid.,Closed,surveyor5,25-Jan,,,0.03,0.02,0,0,0,0,0,11,0,0,0,0,11,1,6,4,7,2,1,4,0,0,0,0
1,,4901,Al Nafel,Al Nafel district_10000346,Resid.,Closed,,25-Dec,,,0.02,0.01,0,0,0,0,0,5,0,0,0,0,5,1,2,2,5,2,1,2,0,0,0,0
1,,3290,Al Sahafah,Al Sahafah district_10000224,Resid.,Closed,,"  v-24",,,0.01,0.01,0,0,0,0,0,0,0,0,0,0,0,0,0,0,2,2,0,0,0,0,0,0
1,,3292,Al Sahafah,Al Sahafah district_10000225,Resid.,Closed,,"  v-24",,,0.02,0.01,0,0,0,0,0,1,0,0,0,0,1,0,1,0,4,2,1,1,0,0,0,0
1,,3317,Al Sahafah,Al Sahafah district_10000238,Resid.,Closed,,"  v-24",,,0.03,0.02,0,0,0,0,0,3,0,0,0,0,3,1,1,1,5,3,1,1,0,0,0,0
1,,3300,Al Sahafah,Al Sahafah district_10000230,Resid.,Closed,,"  v-24",,,0.02,0.01,0,0,0,0,0,0,0,0,0,0,0,0,0,0,3,3,0,0,0,0,0,0
1,,3329,Al Sahafah,Al Sahafah district_10000244,Resid.,Closed,,"  v-24",,,0.01,0.01,0,0,0,0,0,0,0,0,0,0,0,0,0,0,2,2,0,0,0,0,0,0
1,,3323,Al Sahafah,Al Sahafah district_10000241,Resid.,Closed,,25-Jan,,,0.02,0.01,0,0,0,0,0,3,0,0,0,0,3,1,1,1,5,2,1,2,0,0,0,0
1,,3335,Al Sahafah,Al Sahafah district_10000247,Resid.,Closed,,"  v-24",,,0.01,0,0,0,0,0,0,0,0,0,0,0,0,0,0,0,1,1,0,0,0,0,0,0
1,,3339,Al Sahafah,Al Sahafah district_10000249,Resid.,Closed,,"  v-24",,,0.04,0.03,0,0,0,0,0,6,0,0,0,0,6,1,4,1,9,4,2,3,0,0,0,0
1,,3358,Al Sahafah,Al Sahafah district_10000258,Resid.,Closed,,"  v-24",,,0.01,0,0,0,0,0,0,0,0,0,0,0,0,0,0,0,2,1,0,1,0,0,0,0
1,,3646,Al Woroud,Al Woroud district_10000178,Resid.,Closed,,25-Feb,"February 10, 25","February 10, 25",0.11,0.07,0,0,0,0,0,13,2,0,2,0,11,2,3,6,24,11,4,9,0,0,0,0
1,,3780,Al Yasmeen,Al Yasmeen district_10000171,Resid.,Closed,,"  v-24",,,0.14,0.09,0,0,0,0,0,3,0,0,0,0,3,0,3,0,21,18,1,2,0,0,0,0
1,,5082,Ar Rabie,Ar Rabie district_10000284,Resid.,Closed,,25-Dec,,,0.01,0,0,0,0,0,0,0,0,0,0,0,0,0,0,0,1,1,0,0,0,0,0,0
1,,5088,Ar Rabie,Ar Rabie district_10000290,Resid.,Closed,,25-Dec,,,0.01,0,0,0,0,0,0,0,0,0,0,0,0,0,0,0,1,1,0,0,0,0,0,0
1,,5092,Ar Rabie,Ar Rabie district_10000294,Resid.,Closed,,25-Dec,,,0.01,0,0,0,0,0,0,0,0,0,0,0,0,0,0,0,2,1,0,1,0,0,0,0
1,,5093,Ar Rabie,Ar Rabie district_10000295,Resid.,Closed,,25-Dec,,,0.03,0.02,0,0,0,0,0,0,0,0,0,0,0,0,0,0,4,4,0,0,0,0,0,0
1,,5102,Ar Rabie,Ar Rabie district_10000304,Resid.,Closed,,25-Dec,"January 15, 25","January 15, 25",0.02,0.01,0,0,0,0,0,6,3,0,0,3,3,0,3,0,7,2,1,4,0,0,0,0
1,,5126,Ar Rahmaniyah,Ar Rahmaniyah district_10000191,Resid.,Closed,,25-Dec,,,0.1,0.07,0,0,0,0,0,6,0,0,0,0,6,1,4,1,16,12,2,2,0,0,0,0
1,,5124,Ar Rahmaniyah,Ar Rahmaniyah district_10000189,Resid.,Closed,,25-Dec,,,0.03,0.02,0,0,0,0,0,0,0,0,0,0,0,0,0,0,5,4,0,1,0,0,0,0
1,,5131,Ar Rahmaniyah,Ar Rahmaniyah district_10000196,Resid.,Closed,,25-Dec,,,0.04,0.02,0,0,0,0,0,3,0,0,0,0,3,0,3,0,6,3,2,1,0,0,0,0
1,,4552,Hiteen,RUH_14,Resid.,Closed,,25-Jan,,,0.05,0.03,0,0,0,0,0,5,0,0,0,0,5,1,1,3,9,5,1,3,0,0,0,0
1,,4828,Al Mursalat,Al Mursalat district_10000127,Resid.,Off-Plan,ashuban,25-Apr,"April 26, 25","April 26, 25",0.12,0.06,0,0,0,0,0,9,7,4,3,0,2,0,1,1,21,10,7,4,0,4,0,YES
1,,2923,Al Muhammadiyah,Al Muhammadiyah district_10000059,Resid.,Off-Plan,fabdelrahman,25-Apr,"January 20, 25","April 24, 25",0.08,0.05,0,0,0,0,0,15,12,0,7,5,3,0,3,0,18,7,4,7,0,0,0,0
1,,2935,Al Muhammadiyah,Al Muhammadiyah district_10000065,Resid.,Off-Plan,fabdelrahman,25-Apr,,,0.01,0,0,0,0,0,0,0,0,0,0,0,0,0,0,0,3,1,0,2,0,0,0,0
1,,4816,Al Mursalat,Al Mursalat district_10000115,Resid.,Off-Plan,ashuban,25-Mar,"March 24, 25","March 24, 25",0.04,0.02,0,0,0,0,0,9,1,0,0,1,8,0,7,1,7,1,3,3,0,-5,0,0
1,,3227,Al Rawdah,Al Rawdah district_50,Resid.,Planned,aalosaimi,,,,0.06,0.04,0,0,0,0,0,15,0,0,0,0,15,3,8,4,14,4,5,5,0,-9,0,YES
1,,3732,Al Yasmeen,Al Yasmeen district_10000148,Resid.,Closed,aabdulrahim,"  v-24","October 17, 24","October 17, 24",0.13,0.06,0,0,0,0,0,26,11,5,3,3,15,0,14,1,18,5,8,5,0,5,0,0
1,,3737,Al Yasmeen,Al Yasmeen district_10000150,Resid.,Closed,aabdulrahim,"  v-24",,,0.01,0.01,0,0,0,0,0,11,0,0,0,0,11,2,7,2,4,1,1,2,0,0,0,0
1,,3746,Al Yasmeen,Al Yasmeen district_10000155,Mixed.,Closed,aabdulrahim,"  v-24",,,0,0,0,0,0,0,0,0,0,0,0,0,0,0,0,0,0,0,0,0,0,0,0,0
1,,3748,Al Yasmeen,Al Yasmeen district_10000156,Mixed.,Closed,aabdulrahim,"  v-24","October 20, 24","October 20, 24",0.04,0.01,0,0,0,0,0,11,2,2,0,0,9,0,8,1,3,0,2,1,0,2,0,0
1,,3761,Al Yasmeen,Al Yasmeen district_10000162,Resid.,Closed,aabdulrahim,"  v-24",,,0.01,0.01,0,0,0,0,0,3,0,0,0,0,3,1,1,1,3,1,1,1,0,0,0,0
1,,3751,Al Yasmeen,Al Yasmeen district_10000157,Resid.,Closed,aabdulrahim,"  v-24",,,0,0,0,0,0,0,0,1,0,0,0,0,1,0,0,1,1,0,0,1,0,0,0,0
1,,3763,Al Yasmeen,Al Yasmeen district_10000163,Resid.,Closed,aabdulrahim,"  v-24",,,0,0,0,0,0,0,0,0,0,0,0,0,0,0,0,0,0,0,0,0,0,0,0,0
1,,3781,Al Yasmeen,Al Yasmeen district_10000172,Resid.,Closed,aabdulrahim,"  v-24",,,0.03,0.02,0,0,0,0,0,9,0,0,0,0,9,0,8,1,8,1,3,4,0,0,0,0
1,,3767,Al Yasmeen,Al Yasmeen district_10000165,Resid.,Closed,aabdulrahim,"  v-24",,,0.01,0,0,0,0,0,0,3,0,0,0,0,3,0,3,0,1,0,1,0,0,0,0,0
1,,3783,Al Yasmeen,Al Yasmeen district_10000174,Resid.,Closed,aabdulrahim,"  v-24",,,0.01,0,0,0,0,0,0,1,0,0,0,0,1,0,1,0,1,0,1,0,0,0,0,0
1,,3785,Al Yasmeen,Al Yasmeen district_10000175,Resid.,Closed,aabdulrahim,"  v-24",,,0.01,0,0,0,0,0,0,3,0,0,0,0,3,1,1,1,2,0,1,1,0,0,0,0
1,,2752,Al Malqa,Al Malqa district_10000060,Resid.,Closed,aalbwardi,,,,0.02,0.01,0,0,0,0,0,5,0,0,0,0,5,2,1,2,4,1,2,1,0,0,0,0
1,,2785,Al Malqa,Al Malqa district_10000078,Resid.,Closed,aalbwardi,,,,0.03,0.02,0,0,0,0,0,8,0,0,0,0,8,1,3,4,7,2,2,3,0,0,0,0
1,,2760,Al Malqa,Al Malqa district_10000064,Resid.,Closed,aalbwardi,,,,0.01,0.01,0,0,0,0,0,3,0,0,0,0,3,1,1,1,3,1,1,1,0,0,0,0
1,,2789,Al Malqa,Al Malqa district_10000080,Mixed.,Closed,aalbwardi,,,,0.01,0.01,0,0,0,0,0,3,0,0,0,0,3,1,1,1,3,1,1,1,0,0,0,0
1,,2794,Al Malqa,Al Malqa district_10000083,Resid.,Closed,aalbwardi,,,,0.01,0,0,0,0,0,0,3,0,0,0,0,3,1,1,1,2,0,1,1,0,0,0,0
1,,2796,Al Malqa,Al Malqa district_10000084,Resid.,Closed,aalbwardi,,,,0.03,0.02,0,0,0,0,0,5,0,0,0,0,5,3,1,1,5,1,3,1,0,0,0,0
1,,4888,Al Nafel,Al Nafel district_10000333,Mixed.,Closed,aalbwardi,"  v-24","December 11, 24","December 11, 24",0.16,0.09,0,0,0,0,0,49,18,4,9,5,31,0,31,0,26,4,14,8,0,4,0,0
1,,4890,Al Nafel,Al Nafel district_10000335,Resid.,Closed,aalbwardi,25-Dec,"December 12, 24","December 15, 24",0.04,0.02,0,0,0,0,0,17,8,2,2,4,9,0,9,0,10,0,4,6,0,2,0,0
1,,4891,Al Nafel,Al Nafel district_10000336,Resid.,Closed,aalbwardi,25-Dec,"December 11, 24","December 15, 24",0.08,0.04,0,0,0,0,0,29,13,2,6,5,16,0,16,0,15,1,8,6,0,2,0,0
1,,4894,Al Nafel,Al Nafel district_10000339,Resid.,Closed,aalbwardi,25-Dec,"December 11, 24","December 15, 24",0.02,0.01,0,0,0,0,0,12,5,0,3,2,7,0,7,0,7,0,3,4,0,0,0,0
1,,6737,Al Narjis,Al Narjas district_163,Resid.,Closed,aalbwardi,25-Dec,,,0,0,0,0,0,0,0,0,0,0,0,0,0,0,0,0,0,0,0,0,0,0,0,0
1,,6741,Al Narjis,Al Narjas district_167,Resid.,Closed,aalbwardi,25-Dec,,,0,0,0,0,0,0,0,1,0,0,0,0,1,0,0,1,1,0,0,1,0,0,0,0
1,,6742,Al Narjis,Al Narjas district_168,Resid.,Closed,aalbwardi,25-Dec,,,0,0,0,0,0,0,0,0,0,0,0,0,0,0,0,0,0,0,0,0,0,0,0,0
1,,6743,Al Narjis,Al Narjas district_169,Resid.,Closed,aalbwardi,25-Dec,,,0,0,0,0,0,0,0,0,0,0,0,0,0,0,0,0,0,0,0,0,0,0,0,0
1,,6744,Al Narjis,Al Narjas district_170,Resid.,Closed,aalbwardi,25-Dec,,,0,0,0,0,0,0,0,0,0,0,0,0,0,0,0,0,0,0,0,0,0,0,0,0
1,,6745,Al Narjis,Al Narjas district_171,Resid.,Closed,aalbwardi,25-Dec,,,0,0,0,0,0,0,0,0,0,0,0,0,0,0,0,0,0,0,0,0,0,0,0,0
1,,6747,Al Narjis,Al Narjas district_173,Resid.,Closed,aalbwardi,25-Dec,,,0,0,0,0,0,0,0,0,0,0,0,0,0,0,0,0,0,0,0,0,0,0,0,0
1,,6748,Al Narjis,Al Narjas district_174,Resid.,Closed,aalbwardi,25-Dec,,,0,0,0,0,0,0,0,0,0,0,0,0,0,0,0,0,0,0,0,0,0,0,0,0
1,,6749,Al Narjis,Al Narjas district_175,Resid.,Closed,aalbwardi,25-Dec,,,0,0,0,0,0,0,0,0,0,0,0,0,0,0,0,0,0,0,0,0,0,0,0,0
1,,6751,Al Narjis,Al Narjas district_177,Mixed.,Closed,aalbwardi,25-Dec,,,0,0,0,0,0,0,0,0,0,0,0,0,0,0,0,0,0,0,0,0,0,0,0,0
1,,6756,Al Narjis,Al Narjas district_36,,Closed,aalbwardi,25-Dec,,,0.01,0,0,0,0,0,0,7,0,0,0,0,7,2,2,3,4,0,1,3,0,0,0,0
1,,3657,Al Yasmeen,Al Yasmeen district_10000110,Resid.,Closed,aalbwardi,"  v-24",,,0.02,0.01,0,0,0,0,0,6,0,0,0,0,6,1,3,2,5,1,2,2,0,0,0,0
1,,3661,Al Yasmeen,Al Yasmeen district_10000112,Resid.,Closed,aalbwardi,"  v-24",,,0.01,0.01,0,0,0,0,0,3,0,0,0,0,3,1,1,1,3,1,1,1,0,0,0,0
1,,3667,Al Yasmeen,Al Yasmeen district_10000115,Resid.,Closed,aalbwardi,"  v-24","November5, 24","November5, 24",0.02,0.01,0,0,0,0,0,9,2,1,0,1,7,0,7,0,2,0,2,0,0,1,0,0
1,,3669,Al Yasmeen,Al Yasmeen district_10000116,Resid.,Closed,aalbwardi,"  v-24",,,0,0,0,0,0,0,0,0,0,0,0,0,0,0,0,0,0,0,0,0,0,0,0,0
1,,3691,Al Yasmeen,Al Yasmeen district_10000127,Resid.,Closed,aalbwardi,"  v-24","November4, 24","November4, 24",0.06,0.02,0,0,0,0,0,17,7,3,1,3,10,0,10,0,7,1,4,2,0,3,0,0
1,,3697,Al Yasmeen,Al Yasmeen district_10000130,Resid.,Closed,aalbwardi,"  v-24","October 28, 24","November4, 24",0.19,0.1,0,0,0,0,0,27,9,6,3,0,18,1,16,1,21,10,10,1,0,6,0,YES
1,,3699,Al Yasmeen,Al Yasmeen district_10000131,Resid.,Closed,aalbwardi,"  v-24","October 28, 24","October 28, 24",0.28,0.12,0,0,0,0,0,78,26,13,9,4,52,1,50,1,31,3,23,5,0,13,0,0
1,,3701,Al Yasmeen,Al Yasmeen district_10000132,Resid.,Closed,aalbwardi,"  v-24","October 27, 24","October 27, 24",0.18,0.09,0,0,0,0,0,49,17,7,8,2,32,0,32,0,20,3,15,2,0,7,0,0
1,,3717,Al Yasmeen,Al Yasmeen district_10000140,Resid.,Closed,aalbwardi,"  v-24","October 21, 24","October 21, 24",0.03,0.01,0,0,0,0,0,6,1,1,0,0,5,0,4,1,4,1,2,1,0,1,0,0
1,,3721,Al Yasmeen,Al Yasmeen district_10000142,Resid.,Closed,aalbwardi,"  v-24","October 24, 24","October 27, 24",0.24,0.09,0,0,0,0,0,63,27,15,5,7,36,0,33,3,28,3,16,9,0,15,0,0
1,,3805,Al Yasmeen,Al Yasmeen district_10000186,Mixed.,Closed,aalbwardi,25-Dec,"November7, 24","November7, 24",0.05,0.02,0,0,0,0,0,10,4,2,1,1,6,0,6,0,7,2,3,2,0,2,0,YES
1,,3813,Al Yasmeen,Al Yasmeen district_10000190,Resid.,Closed,aalbwardi,25-Dec,"November7, 24","November7, 24",0.05,0.02,0,0,0,0,0,11,4,3,0,1,7,1,5,1,6,1,3,2,0,3,0,0
1,,2657,Al Malqa,Al Malqa district_10000016,Resid.,Closed,aalngedan,,,,0.01,0,0,0,0,0,0,3,0,0,0,0,3,1,1,1,2,0,1,1,0,0,0,0
1,,2661,Al Malqa,Al Malqa district_10000018,Resid.,Closed,aalngedan,,,,0.01,0.01,0,0,0,0,0,6,0,0,0,0,6,2,2,2,4,0,2,2,0,0,0,0
1,,2676,Al Malqa,Al Malqa district_10000024,Mixed.,Closed,aalngedan,,,,0.04,0.02,0,0,0,0,0,4,0,0,0,0,4,3,1,0,5,2,2,1,0,0,0,0
1,,2840,Al Malqa,Al Malqa district_10000104,Resid.,Closed,aalngedan,,"January 2, 25","January 2, 25",0.01,0.01,0,0,0,0,0,2,1,0,0,1,1,0,1,0,3,1,1,1,0,0,0,0
1,,3065,Al Olaya,Al Olaya district_10000241,Resid.,Closed,aalngedan,,,,0.03,0.02,0,0,0,0,0,5,0,0,0,0,5,1,2,2,6,2,2,2,0,0,0,YES
1,,5086,Ar Rabie,Ar Rabie district_10000288,Resid.,Closed,aalngedan,25-Dec,"December 5, 24","December 5, 24",0.01,0.01,0,0,0,0,0,3,1,0,0,1,2,0,2,0,5,1,1,3,0,0,0,0
1,,3950,Al Aqeeq,Al-Aqeek_10000038,Resid.,Closed,aalosaimi,25-Jan,"January 8, 25","January 8, 25",0.01,0.01,0,0,0,0,0,6,5,0,2,3,1,0,0,1,6,0,2,4,0,0,0,0
1,,3952,Al Aqeeq,Al-Aqeek_10000039,Resid.,Closed,aalosaimi,25-Jan,"January 8, 25","January 8, 25",0,0,0,0,0,0,0,1,1,0,0,1,0,0,0,0,1,0,0,1,0,0,0,0
1,,3983,Al Aqeeq,Al-Aqeek_10000055,Resid.,Closed,aalosaimi,25-Jan,"January 8, 25","January 8, 25",0.04,0.02,0,0,0,0,0,15,9,1,3,5,6,0,5,1,10,0,4,6,0,1,0,0
1,,3989,Al Aqeeq,Al-Aqeek_10000058,Resid.,Closed,aalosaimi,25-Jan,"January 8, 25","January 8, 25",0.02,0.01,0,0,0,0,0,16,12,0,3,9,4,0,3,1,12,0,3,9,0,0,0,0
1,,3994,Al Aqeeq,Al-Aqeek_10000060,Resid.,Closed,aalosaimi,25-Jan,"January 8, 25","January 8, 25",0.01,0.01,0,0,0,0,0,4,2,0,1,1,2,0,2,0,2,0,1,1,0,0,0,0
1,,3998,Al Aqeeq,Al-Aqeek_10000130,Resid.,Closed,aalosaimi,25-Jan,"December 29, 24","December 29, 24",0.02,0.01,0,0,0,0,0,8,4,1,1,2,4,0,4,0,4,0,2,2,0,1,0,0
1,,4259,Hiteen,city Riyadh Hiteen district_1511,Mixed.,Closed,aalosaimi,25-Jan,,,0.01,0.01,0,0,0,0,0,3,0,0,0,0,3,1,1,1,3,1,1,1,0,0,0,0
1,,4262,Hiteen,city Riyadh Hiteen district_1525,Mixed.,Closed,aalosaimi,25-Jan,"January 13, 25","January 16, 25",0.11,0.07,0,0,0,0,0,23,11,2,9,0,12,0,12,0,16,1,13,2,0,2,0,0
1,,2695,Al Malqa,Al Malqa district_10000035,Resid.,Closed,aalsahafi,,,,0.01,0.01,0,0,0,0,0,5,0,0,0,0,5,0,3,2,5,1,1,3,0,0,0,0
1,,2697,Al Malqa,Al Malqa district_10000036,Resid.,Closed,aalsahafi,,,,0.01,0,0,0,0,0,0,4,0,0,0,0,4,1,1,2,3,0,1,2,0,0,0,0
1,,2716,Al Malqa,Al Malqa district_10000045,Resid.,Closed,aalsahafi,,,,0.01,0.01,0,0,0,0,0,3,0,0,0,0,3,1,1,1,3,1,1,1,0,0,0,0
1,,2721,Al Malqa,Al Malqa district_10000047,Resid.,Closed,aalsahafi,,,,0.01,0.01,0,0,0,0,0,2,0,0,0,0,2,0,2,0,2,1,1,0,0,0,0,0
1,,2800,Al Malqa,Al Malqa district_10000086,Resid.,Closed,aalsahafi,,,,0.01,0.01,0,0,0,0,0,6,0,0,0,0,6,2,2,2,5,0,2,3,0,0,0,0
1,,2808,Al Malqa,Al Malqa district_10000090,Resid.,Closed,aalsahafi,,,,0.03,0.02,0,0,0,0,0,13,0,0,0,0,13,3,5,5,10,0,4,6,0,0,0,0
1,,2821,Al Malqa,Al Malqa district_10000095,Resid.,Closed,aalsahafi,,,,0,0,0,0,0,0,0,0,0,0,0,0,0,0,0,0,0,0,0,0,0,0,0,0
1,,2823,Al Malqa,Al Malqa district_10000096,Resid.,Closed,aalsahafi,,,,0.01,0,0,0,0,0,0,3,0,0,0,0,3,1,1,1,2,0,1,1,0,0,0,0
1,,3801,Al Yasmeen,Al Yasmeen district_10000184,Resid.,Closed,aalsahafi,25-Dec,,,0.01,0.01,0,0,0,0,0,3,0,0,0,0,3,1,1,1,3,1,1,1,0,0,0,0
1,,3803,Al Yasmeen,Al Yasmeen district_10000185,Resid.,Closed,aalsahafi,25-Dec,,,0.01,0,0,0,0,0,0,2,0,0,0,0,2,0,2,0,1,0,1,0,0,0,0,0
1,,3833,Al Yasmeen,Al Yasmeen district_10000200,Resid.,Closed,aalsahafi,25-Dec,,,0.02,0.01,0,0,0,0,0,3,0,0,0,0,3,0,3,0,5,0,3,2,0,0,0,0
1,,3836,Al Yasmeen,Al Yasmeen district_10000201,Resid.,Closed,aalsahafi,25-Dec,,,0.03,0.02,0,0,0,0,0,6,0,0,0,0,6,1,4,1,6,1,3,2,0,0,0,YES
1,,3842,Al Yasmeen,Al Yasmeen district_10000204,Resid.,Closed,aalsahafi,25-Dec,,,0,0,0,0,0,0,0,0,0,0,0,0,0,0,0,0,0,0,0,0,0,0,0,0
1,,3843,Al Yasmeen,Al Yasmeen district_10000205,Resid.,Closed,aalsahafi,25-Dec,,,0,0,0,0,0,0,0,0,0,0,0,0,0,0,0,0,0,0,0,0,0,0,0,0
1,,3877,Al Yasmeen,Al Yasmeen district_10000435,Resid.,,aalsahafi,25-Dec,,,0,0,0,0,0,0,0,0,0,0,0,0,0,0,0,0,0,0,0,0,0,0,0,0
1,,3856,Al Yasmeen,Al Yasmeen district_10000211,Resid.,Closed,aalsahafi,25-Dec,,,0.01,0.01,0,0,0,0,0,3,0,0,0,0,3,1,1,1,3,1,1,1,0,0,0,0
1,,4726,Al Ghadir,Al Ghadeer district_10000323,Resid.,Closed,ashuban,25-Feb,"January 22, 25","May 9, 25",0.01,0.01,0,0,0,0,0,3,3,0,1,2,0,0,0,0,4,1,1,2,0,0,0,0
1,,2583,Al Malaz,Al Malaz district_10000510,Mixed.,Closed,ashuban,25-Jan,"January 22, 25","January 27, 25",0.45,0.23,0,0,0,0,0,49,31,14,11,6,18,1,13,4,60,22,26,12,0,14,0,YES
1,,2926,Al Muhammadiyah,Al Muhammadiyah district_10000061,Resid.,Closed,ashuban,25-Jan,"January 20, 25","January 20, 25",0,0,0,0,0,0,0,1,1,0,0,1,0,0,0,0,1,0,0,1,0,0,0,0
1,,2925,Al Muhammadiyah,Al Muhammadiyah district_10000060,Resid.,Closed,ashuban,25-Jan,"January 16, 25","January 16, 25",0.01,0,0,0,0,0,0,4,1,0,0,1,3,0,3,0,4,0,1,3,0,0,0,0
1,,3610,Al Woroud,Al Woroud district_10000159,Resid.,Closed,ashuban,25-Feb,"February 10, 25","February 11, 25",0.07,0.05,0,0,0,0,0,19,2,0,2,0,17,2,7,8,20,4,5,11,0,0,0,YES
1,,3903,Al Aqeeq,Al-Aqeek_10000015,Resid.,Closed,ashuban,25-Jan,"January 16, 25","January 16, 25",0.01,0.01,0,0,0,0,0,3,3,0,2,1,0,0,0,0,3,1,1,1,0,0,0,0
1,,3902,Al Aqeeq,Al-Aqeek_10000014,Resid.,Closed,ashuban,25-Jan,"January 14, 25","January 16, 25",0.07,0.03,0,0,0,0,0,17,9,3,4,2,8,0,8,0,9,1,6,2,0,3,0,0
1,,3912,Al Aqeeq,Al-Aqeek_10000019,Resid.,Closed,ashuban,25-Jan,"January 9, 25","January 9, 25",0.09,0.06,0,0,0,0,0,21,13,0,11,2,8,0,8,0,17,3,9,5,0,0,0,0
1,,3916,Al Aqeeq,Al-Aqeek_10000021,Resid.,Closed,ashuban,25-Jan,"January 12, 25","January 13, 25",0.32,0.15,0,0,0,0,0,54,20,14,2,4,34,0,33,1,40,13,18,9,0,14,0,0
1,,3914,Al Aqeeq,Al-Aqeek_10000020,Resid.,Closed,ashuban,25-Jan,"January 9, 25","January 9, 25",0.01,0,0,0,0,0,0,5,2,0,1,1,3,0,3,0,2,0,1,1,0,0,0,0
1,,3920,Al Aqeeq,Al-Aqeek_10000023,Mixed.,Closed,ashuban,25-Jan,"January 9, 25","January 16, 25",0.23,0.12,0,0,0,0,0,55,13,6,5,2,42,0,40,2,37,8,18,11,0,6,0,0
1,,4037,Al Nakheel,Al-Nakheel_10000075,Indust.,Closed,ashuban,25-Jan,"January 6, 25","January 21, 25",0.09,0.05,0,0,0,0,0,22,11,1,5,5,11,0,10,1,21,3,8,10,0,1,0,0
1,,3924,Al Aqeeq,Al-Aqeek_10000025,Resid.,Closed,ashuban,25-Jan,"January 13, 25","January 16, 25",0.26,0.12,0,0,0,0,0,79,26,11,6,9,53,0,47,6,47,7,17,23,0,11,0,0
1,,4039,Al Nakheel,Al-Nakheel_10000076,Resid.,Closed,ashuban,25-Jan,"January 21, 25","January 21, 25",0.02,0.01,0,0,0,0,0,4,3,1,1,1,1,0,1,0,3,0,2,1,0,1,0,0
1,,4041,Al Nakheel,Al-Nakheel_10000077,Resid.,Closed,ashuban,25-Jan,"January 21, 25","January 21, 25",0,0,0,0,0,0,0,1,1,0,0,1,0,0,0,0,2,0,0,2,0,0,0,0
1,,4047,Al Nakheel,Al-Nakheel_10000080,Resid.,Closed,ashuban,25-Jan,,,0,0,0,0,0,0,0,1,0,0,0,0,1,0,0,1,1,0,0,1,0,0,0,0
1,,4103,Al Nakheel,Al-Nakheel_10000109,Resid.,Closed,ashuban,25-Jan,"January 21, 25","January 21, 25",0,0,0,0,0,0,0,2,1,0,0,1,1,0,0,1,4,0,0,4,0,0,0,0
1,,4113,Al Nakheel,Al-Nakheel_10000114,Mixed.,Closed,ashuban,25-Jan,"January 21, 25","January 21, 25",0.09,0.05,0,0,0,0,0,20,12,1,7,4,8,0,7,1,21,0,10,11,0,1,0,0
1,,4144,Al Nakheel,Al-Nakheel_10000136,Resid.,Closed,ashuban,25-Jan,"January 21, 25","January 21, 25",0.01,0.01,0,0,0,0,0,6,2,0,0,2,4,1,1,2,5,1,1,3,0,0,0,0
1,,4291,King Saud University,city Riyadh King Saud University district_1347,Resid.,Closed,ashuban,25-Feb,,,0.01,0,0,0,0,0,0,4,0,0,0,0,4,1,1,2,3,0,1,2,0,0,0,0
1,,4717,Al Ghadir,Al Ghadeer district_10000314,Resid.,Closed,fabdelrahman,25-Feb,"February 5, 25","April 7, 25",0.03,0.02,0,0,0,0,0,8,4,0,3,1,4,0,2,2,7,1,3,3,0,0,0,0
1,,2933,Al Muhammadiyah,Al Muhammadiyah district_10000064,Mixed.,Closed,fabdelrahman,25-Jan,"January 20, 25","January 20, 25",0.04,0.03,0,0,0,0,0,7,6,0,3,3,1,0,1,0,11,3,3,5,0,0,0,0
1,,6803,Al Narjis,Al Narjas district_82,Resid.,Closed,fabdelrahman,25-Jan,"January 8, 25","January 8, 25",0.11,0.05,0,0,0,0,0,22,8,6,2,0,14,0,14,0,10,3,7,0,0,6,0,0
1,,3884,Al Aqeeq,Al-Aqeek_10000005,Mixed.,Closed,fabdelrahman,25-Jan,"January 8, 25","May 6, 25",0.31,0.15,0,0,0,0,0,73,30,12,12,6,43,0,40,3,44,7,24,13,0,12,0,0
1,,3886,Al Aqeeq,Al-Aqeek_10000006,Resid.,Closed,fabdelrahman,25-Jan,"January 8, 25","May 10, 25",0.09,0.03,0,0,0,0,0,32,15,5,2,8,17,2,14,1,20,1,8,11,0,5,0,0
1,,3892,Al Aqeeq,Al-Aqeek_10000009,Resid.,Closed,fabdelrahman,25-Jan,"January 14, 25","January 14, 25",0.01,0,0,0,0,0,0,2,1,0,1,0,1,0,0,1,4,0,1,3,0,0,0,0
1,,3910,Al Aqeeq,Al-Aqeek_10000018,Resid.,Closed,fabdelrahman,25-Jan,"January 16, 25","January 19, 25",0.14,0.07,0,0,0,0,0,31,17,5,7,5,14,0,14,0,22,1,13,8,0,5,0,0
1,,5235,Al Raed,city Riyadh Al Raed district_1341,Resid.,Closed,fabdelrahman,25-Jan,"January 29, 25","January 29, 25",0.04,0.03,0,0,0,0,0,8,5,0,5,0,3,0,3,0,9,0,6,3,0,0,0,0
1,,5236,Al Raed,city Riyadh Al Raed district_1342,Resid.,Closed,fabdelrahman,25-Jan,"January 29, 25","January 29, 25",0.03,0.02,0,0,0,0,0,6,3,0,1,2,3,0,2,1,7,1,3,3,0,0,0,YES
1,,5508,Ghirnatah,Ghornata district_153,Resid.,Closed,fabdelrahman,25-Feb,"February 6, 25","February 9, 25",0.7,0.33,0,0,0,0,0,94,58,28,23,7,36,1,30,5,86,16,54,16,0,28,0,YES
1,,4364,King Fahd,King Fahd district_10000082,Resid.,Closed,fabdelrahman,25-Feb,"January 6, 25","February 24, 25",0.1,0.05,0,0,0,0,0,18,15,3,3,9,3,1,1,1,25,4,7,14,0,3,0,YES
1,,4375,King Fahd,King Fahd district_10000088,Resid.,Closed,fabdelrahman,25-Feb,"February 24, 25","February 24, 25",0.01,0,0,0,0,0,0,3,1,0,1,0,2,0,0,2,3,0,1,2,0,0,0,0
1,,4389,King Fahd,King Fahd district_10000095,Resid.,Closed,fabdelrahman,25-Feb,"January 5, 25","February 19, 25",0.01,0,0,0,0,0,0,7,5,0,1,4,2,0,1,1,6,0,1,5,0,0,0,0
1,,4391,King Fahd,King Fahd district_10000096,Resid.,Closed,fabdelrahman,25-Feb,"February 19, 25","February 19, 25",0.07,0.04,0,0,0,0,0,14,8,1,3,4,6,0,6,0,14,3,6,5,0,1,0,0
1,,4397,King Fahd,King Fahd district_10000099,Resid.,Closed,fabdelrahman,25-Feb,"January 2, 25","February 19, 25",0.14,0.08,0,0,0,0,0,24,10,2,5,3,14,1,10,3,27,5,12,10,0,2,0,YES
1,,4401,King Fahd,King Fahd district_10000101,Resid.,Closed,fabdelrahman,25-Feb,"February 19, 25","February 19, 25",0.01,0,0,0,0,0,0,4,3,0,1,2,1,0,0,1,4,0,1,3,0,0,0,0
1,,4403,King Fahd,King Fahd district_10000102,Resid.,Closed,fabdelrahman,25-Feb,"February 24, 25","February 24, 25",0.07,0.05,0,0,0,0,0,16,10,0,3,7,6,1,2,3,22,5,5,12,0,0,0,0
1,,3677,Al Yasmeen,Al Yasmeen district_10000120,Resid.,Closed,faljulajil,"  v-24","November5, 24","November5, 24",0.01,0.01,0,0,0,0,0,7,4,0,2,2,3,0,3,0,3,0,2,1,0,0,0,0
1,,3681,Al Yasmeen,Al Yasmeen district_10000122,Resid.,Closed,faljulajil,"  v-24","November5, 24","November5, 24",0.04,0.02,0,0,0,0,0,13,6,1,5,0,7,0,7,0,6,2,3,1,0,1,0,0
1,,3809,Al Yasmeen,Al Yasmeen district_10000188,Resid.,Closed,faljulajil,25-Dec,"November11, 24","November11, 24",0.02,0.01,0,0,0,0,0,6,3,1,1,1,3,0,3,0,3,0,2,1,0,1,0,YES
1,,4895,Al Nafel,Al Nafel district_10000340,Resid.,Closed,malngedan,25-Dec,,,0,0,0,0,0,0,0,0,0,0,0,0,0,0,0,0,0,0,0,0,0,0,0,0
1,,3782,Al Yasmeen,Al Yasmeen district_10000173,Resid.,Closed,malngedan,"  v-24",,,0,0,0,0,0,0,0,0,0,0,0,0,0,0,0,0,0,0,0,0,0,0,0,0
1,,3811,Al Yasmeen,Al Yasmeen district_10000189,Resid.,Closed,malngedan,25-Dec,,,0.02,0.01,0,0,0,0,0,6,0,0,0,0,6,1,4,1,5,1,2,2,0,0,0,0
1,,3823,Al Yasmeen,Al Yasmeen district_10000195,Resid.,Closed,malngedan,25-Dec,,,0.04,0.02,0,0,0,0,0,9,0,0,0,0,9,2,5,2,7,2,3,2,0,0,0,YES
1,,6799,Al Narjis,Al Narjas district_78,Resid.,Closed,salosaimi,25-Dec,"December 22, 24","December 22, 24",0,0,0,0,0,0,0,3,3,0,0,3,0,0,0,0,3,0,0,3,0,0,0,0
1,,6800,Al Narjis,Al Narjas district_79,Resid.,Closed,salosaimi,25-Dec,"December 22, 24","December 22, 24",0.04,0.01,0,0,0,0,0,13,5,3,0,2,8,0,7,1,5,0,3,2,0,3,0,0
1,,2554,Al Malaz,Al Malaz district_10000492,Resid.,Closed,salsiqami,25-Feb,"February 10, 25","February 11, 25",0.53,0.24,0,0,0,0,0,76,47,23,16,8,29,4,21,4,72,10,43,19,0,23,0,YES
1,,2918,Al Muhammadiyah,Al Muhammadiyah district_10000057,Resid.,Closed,salsiqami,25-Jan,,,0,0,0,0,0,0,0,0,0,0,0,0,0,0,0,0,0,0,0,0,0,0,0,0
1,,6718,Al Narjis,Al Narjas district_144,Resid.,Closed,salsiqami,25-Jan,"December 18, 24","December 18, 24",0,0,0,0,0,0,0,1,1,0,0,1,0,0,0,0,1,0,0,1,0,0,0,0
1,,6719,Al Narjis,Al Narjas district_145,Resid.,Closed,salsiqami,25-Jan,"December 18, 24","December 18, 24",0.01,0,0,0,0,0,0,2,1,0,1,0,1,0,1,0,1,0,1,0,0,0,0,0
1,,6720,Al Narjis,Al Narjas district_146,Resid.,Closed,salsiqami,25-Jan,"December 18, 24","December 18, 24",0.01,0,0,0,0,0,0,2,1,0,1,0,1,0,1,0,1,0,1,0,0,0,0,0
1,,6721,Al Narjis,Al Narjas district_147,Resid.,Closed,salsiqami,25-Jan,"December 18, 24","December 18, 24",0.01,0,0,0,0,0,0,2,1,0,1,0,1,0,1,0,1,0,1,0,0,0,0,0
1,,6815,Al Narjis,Al Narjas district_94,Resid.,Closed,salsiqami,25-Dec,"December 22, 24","December 22, 24",0.07,0.03,0,0,0,0,0,17,9,4,0,5,8,0,8,0,12,2,4,6,0,4,0,0
1,,3582,Al Woroud,Al Woroud district_10000010,Resid.,Closed,salsiqami,25-Feb,"January 2, 25","February 5, 25",0.04,0.02,0,0,0,0,0,5,4,0,4,0,1,0,1,0,6,1,4,1,0,0,0,YES
1,,3629,Al Woroud,Al Woroud district_10000169,Resid.,Closed,salsiqami,25-Feb,"December 25, 24","February 6, 25",0.4,0.2,0,0,0,0,0,50,33,13,11,9,17,0,16,1,64,19,24,21,0,13,0,YES
1,,4090,Al Nakheel,Al-Nakheel_10000102,Mixed.,Closed,salsiqami,25-Jan,"January 27, 25","January 27, 25",0.03,0.02,0,0,0,0,0,4,3,0,3,0,1,0,1,0,5,1,3,1,0,0,0,0
1,,4413,King Fahd,King Fahd district_10000107,Resid.,Closed,salsiqami,25-Feb,"February 24, 25","February 25, 25",0.48,0.22,0,0,0,0,0,38,33,21,7,5,5,0,5,0,59,20,26,13,0,21,0,0
1,,2911,Al Muhammadiyah,Al Muhammadiyah district_10000054,Resid.,Closed,surveyor1,25-Jan,"January 19, 25","January 19, 25",0.03,0.02,0,0,0,0,0,3,2,0,2,0,1,0,1,0,5,2,2,1,0,0,0,0
1,,6694,Al Narjis,Al Narjas district_100,Resid.,Closed,surveyor1,25-Jan,"January 12, 25","January 12, 25",0.09,0.06,0,0,0,0,0,17,15,0,11,4,2,0,2,0,16,1,11,4,0,0,0,0
1,,6696,Al Narjis,Al Narjas district_102,Resid.,Closed,surveyor1,25-Jan,,,0.01,0,0,0,0,0,0,2,0,0,0,0,2,0,2,0,1,0,1,0,0,0,0,0
1,,6698,Al Narjis,Al Narjas district_104,Resid.,Closed,surveyor1,25-Jan,"January 12, 25","January 12, 25",0.02,0.01,0,0,0,0,0,3,3,0,3,0,0,0,0,0,3,1,2,0,0,0,0,0
1,,6699,Al Narjis,Al Narjas district_105,Resid.,Closed,surveyor1,25-Jan,"December 22, 24","January 9, 25",0.08,0.04,0,0,0,0,0,28,16,2,6,8,12,0,10,2,18,0,9,9,0,2,0,0
1,,6700,Al Narjis,Al Narjas district_112,Resid.,Closed,surveyor1,25-Jan,"January 12, 25","January 12, 25",0.01,0,0,0,0,0,0,3,1,0,1,0,2,0,1,1,2,0,1,1,0,0,0,0
1,,6701,Al Narjis,Al Narjas district_113,Resid.,Closed,surveyor1,25-Jan,,,0,0,0,0,0,0,0,0,0,0,0,0,0,0,0,0,0,0,0,0,0,0,0,0
1,,6703,Al Narjis,Al Narjas district_129,Resid.,Closed,surveyor1,25-Jan,"January 8, 25","January 12, 25",0.01,0.01,0,0,0,0,0,4,2,0,2,0,2,0,2,0,2,0,2,0,0,0,0,0
1,,6705,Al Narjis,Al Narjas district_131,Resid.,Closed,surveyor1,25-Jan,"January 9, 25","January 9, 25",0.01,0.01,0,0,0,0,0,2,2,0,2,0,0,0,0,0,2,0,2,0,0,0,0,0
1,,6706,Al Narjis,Al Narjas district_132,Resid.,Closed,surveyor1,25-Jan,"January 12, 25","January 12, 25",0.01,0.01,0,0,0,0,0,2,2,0,2,0,0,0,0,0,2,0,2,0,0,0,0,0
1,,6707,Al Narjis,Al Narjas district_133,Resid.,Closed,surveyor1,25-Jan,"January 12, 25","January 12, 25",0.01,0.01,0,0,0,0,0,2,2,0,2,0,0,0,0,0,2,0,2,0,0,0,0,0
1,,6708,Al Narjis,Al Narjas district_134,Resid.,Closed,surveyor1,25-Jan,"January 12, 25","January 12, 25",0.01,0,0,0,0,0,0,4,1,0,0,1,3,1,1,1,2,0,1,1,0,0,0,0
1,,6709,Al Narjis,Al Narjas district_135,Resid.,Closed,surveyor1,25-Jan,,,0,0,0,0,0,0,0,1,0,0,0,0,1,0,0,1,1,0,0,1,0,0,0,0
1,,6710,Al Narjis,Al Narjas district_136,Resid.,Closed,surveyor1,25-Jan,,,0,0,0,0,0,0,0,0,0,0,0,0,0,0,0,0,0,0,0,0,0,0,0,0
1,,6713,Al Narjis,Al Narjas district_139,Resid.,Closed,surveyor1,25-Jan,"January 12, 25","January 12, 25",0.01,0.01,0,0,0,0,0,5,2,0,1,1,3,1,2,0,3,0,2,1,0,0,0,0
1,,6714,Al Narjis,Al Narjas district_140,Mixed.,Closed,surveyor1,25-Jan,,,0,0,0,0,0,0,0,0,0,0,0,0,0,0,0,0,0,0,0,0,0,0,0,0
1,,6715,Al Narjis,Al Narjas district_141,Mixed.,Closed,surveyor1,25-Jan,"January 12, 25","January 12, 25",0.01,0,0,0,0,0,0,2,2,0,1,1,0,0,0,0,2,0,1,1,0,0,0,0
1,,6716,Al Narjis,Al Narjas district_142,Resid.,Closed,surveyor1,25-Jan,,,0,0,0,0,0,0,0,0,0,0,0,0,0,0,0,0,0,0,0,0,0,0,0,0
1,,6717,Al Narjis,Al Narjas district_143,Mixed.,Closed,surveyor1,25-Jan,,,0,0,0,0,0,0,0,0,0,0,0,0,0,0,0,0,0,0,0,0,0,0,0,0
1,,6722,Al Narjis,Al Narjas district_148,Mixed.,Closed,surveyor1,25-Jan,"January 14, 25","January 14, 25",0.03,0.01,0,0,0,0,0,4,2,2,0,0,2,0,2,0,2,0,2,0,0,2,0,0
1,,6723,Al Narjis,Al Narjas district_149,Resid.,Closed,surveyor1,25-Jan,,,0,0,0,0,0,0,0,0,0,0,0,0,0,0,0,0,0,0,0,0,0,0,0,0
1,,6724,Al Narjis,Al Narjas district_150,Resid.,Closed,surveyor1,25-Jan,,,0,0,0,0,0,0,0,0,0,0,0,0,0,0,0,0,0,0,0,0,0,0,0,0
1,,6725,Al Narjis,Al Narjas district_151,Resid.,Closed,surveyor1,25-Jan,,,0,0,0,0,0,0,0,0,0,0,0,0,0,0,0,0,0,0,0,0,0,0,0,0
1,,6726,Al Narjis,Al Narjas district_152,Resid.,Closed,surveyor1,25-Jan,,,0,0,0,0,0,0,0,0,0,0,0,0,0,0,0,0,0,0,0,0,0,0,0,0
1,,6727,Al Narjis,Al Narjas district_153,Resid.,Closed,surveyor1,25-Jan,,,0,0,0,0,0,0,0,0,0,0,0,0,0,0,0,0,0,0,0,0,0,0,0,0
1,,6728,Al Narjis,Al Narjas district_154,Resid.,Closed,surveyor1,25-Jan,,,0,0,0,0,0,0,0,0,0,0,0,0,0,0,0,0,0,0,0,0,0,0,0,0
1,,6729,Al Narjis,Al Narjas district_155,Resid.,Closed,surveyor1,25-Jan,,,0,0,0,0,0,0,0,0,0,0,0,0,0,0,0,0,0,0,0,0,0,0,0,0
1,,6730,Al Narjis,Al Narjas district_156,Resid.,Closed,surveyor1,25-Jan,,,0,0,0,0,0,0,0,0,0,0,0,0,0,0,0,0,0,0,0,0,0,0,0,0
1,,6732,Al Narjis,Al Narjas district_158,,Closed,surveyor1,25-Jan,,,0,0,0,0,0,0,0,0,0,0,0,0,0,0,0,0,0,0,0,0,0,0,0,0
1,,6734,Al Narjis,Al Narjas district_160,Resid.,Closed,surveyor1,25-Jan,"January 14, 25","January 14, 25",0.01,0,0,0,0,0,0,2,2,0,1,1,0,0,0,0,2,0,1,1,0,0,0,0
1,,6735,Al Narjis,Al Narjas district_161,Resid.,Closed,surveyor1,25-Jan,"January 14, 25","January 14, 25",0.01,0,0,0,0,0,0,1,1,0,1,0,0,0,0,0,1,0,1,0,0,0,0,0
1,,6736,Al Narjis,Al Narjas district_162,Resid.,Closed,surveyor1,25-Jan,,,0,0,0,0,0,0,0,0,0,0,0,0,0,0,0,0,0,0,0,0,0,0,0,0
1,,6738,Al Narjis,Al Narjas district_164,Resid.,Closed,surveyor1,25-Jan,,,0,0,0,0,0,0,0,0,0,0,0,0,0,0,0,0,0,0,0,0,0,0,0,0
1,,6739,Al Narjis,Al Narjas district_165,Resid.,Closed,surveyor1,25-Jan,,,0.01,0.01,0,0,0,0,0,3,0,0,0,0,3,1,1,1,4,1,1,2,0,0,0,0
1,,6752,Al Narjis,Al Narjas district_178,Resid.,Closed,surveyor1,25-Jan,"January 14, 25","January 14, 25",0,0,0,0,0,0,0,1,1,0,0,1,0,0,0,0,1,0,0,1,0,0,0,0
1,,6753,Al Narjis,Al Narjas district_179,Resid.,Closed,surveyor1,25-Jan,"January 14, 25","January 14, 25",0,0,0,0,0,0,0,2,1,0,0,1,1,0,0,1,2,0,0,2,0,0,0,0
1,,6769,Al Narjis,Al Narjas district_49,Resid.,Closed,surveyor1,25-Jan,"January 15, 25","January 15, 25",0.06,0.04,0,0,0,0,0,30,8,0,5,3,22,0,21,1,16,0,9,7,0,0,0,0
1,,6773,Al Narjis,Al Narjas district_53,Resid.,Closed,surveyor1,25-Jan,"January 14, 25","January 15, 25",0.09,0.06,0,0,0,0,0,17,12,0,10,2,5,0,5,0,16,0,12,4,0,0,0,0
1,,6776,Al Narjis,Al Narjas district_56,Resid.,Closed,surveyor1,25-Jan,"January 13, 25","January 15, 25",0.1,0.06,0,0,0,0,0,33,18,2,8,8,15,0,13,2,23,0,12,11,0,2,0,0
1,,6780,Al Narjis,Al Narjas district_60,Resid.,Closed,surveyor1,25-Jan,"January 13, 25","January 13, 25",0.05,0.03,0,0,0,0,0,15,6,0,6,0,9,0,8,1,7,0,6,1,0,0,0,YES
1,,6781,Al Narjis,Al Narjas district_61,Resid.,Closed,surveyor1,25-Jan,"January 8, 25","January 13, 25",0.04,0.02,0,0,0,0,0,19,6,1,2,3,13,0,13,0,7,0,4,3,0,1,0,0
1,,6795,Al Narjis,Al Narjas district_74,Resid.,Closed,surveyor1,25-Jan,"December 21, 24","January 14, 25",0,0,0,0,0,0,0,2,2,0,0,2,0,0,0,0,2,0,0,2,0,0,0,0
1,,6796,Al Narjis,Al Narjas district_75,Resid.,Closed,surveyor1,25-Jan,"December 21, 24","December 21, 24",0.03,0.01,0,0,0,0,0,8,2,2,0,0,6,0,6,0,2,0,2,0,0,2,0,0
1,,6812,Al Narjis,Al Narjas district_91,Resid.,Closed,surveyor1,25-Jan,"December 22, 24","January 15, 25",0.03,0.01,0,0,0,0,0,10,5,1,1,3,5,0,5,0,6,0,3,3,0,1,0,0
1,,6813,Al Narjis,Al Narjas district_92,Resid.,Closed,surveyor1,25-Jan,"December 22, 24","December 22, 24",0.14,0.05,0,0,0,0,0,36,11,9,1,1,25,0,25,0,12,0,11,1,0,9,0,0
1,,6814,Al Narjis,Al Narjas district_93,Resid.,Closed,surveyor1,25-Jan,"January 15, 25","January 15, 25",0.01,0.01,0,0,0,0,0,3,3,0,2,1,0,0,0,0,3,0,2,1,0,0,0,0
1,,4010,Al Nakheel,Al-Nakheel_10000001,Indust.,Closed,surveyor1,25-Jan,"January 20, 25","January 20, 25",0.09,0.06,0,0,0,0,0,13,6,0,6,0,7,0,7,0,13,6,6,1,0,0,0,0
1,,4012,Al Nakheel,Al-Nakheel_10000002,Mixed.,Closed,surveyor1,25-Jan,,,0.03,0.02,0,0,0,0,0,19,0,0,0,0,19,2,11,6,8,0,3,5,0,0,0,0
1,,4018,Al Nakheel,Al-Nakheel_10000065,Resid.,Closed,surveyor1,25-Jan,"January 21, 25","January 21, 25",0.03,0.02,0,0,0,0,0,25,4,0,2,2,21,2,10,9,9,0,2,7,0,0,0,YES
1,,3490,Al Sulaimaniyah,Al Sulaimaniyah district_10000335,Resid.,Closed,surveyor10,25-Feb,"February 3, 25","February 3, 25",0.24,0.11,0,0,0,0,0,30,14,9,3,2,16,1,13,2,31,11,13,7,0,9,0,YES
1,,3937,Al Aqeeq,Al-Aqeek_10000032,Resid.,Closed,surveyor10,25-Jan,"January 13, 25","May 11, 25",0.46,0.21,0,0,0,0,0,136,62,19,26,17,74,0,71,3,74,1,44,29,0,19,0,0
1,,2644,Al Malaz,Al Malaz district_10000543,Resid.,Closed,surveyor11,25-Jan,"January 23, 25","January 23, 25",0.16,0.07,0,0,0,0,0,35,24,8,7,9,11,0,10,1,27,0,15,12,0,8,0,0
1,,3946,Al Aqeeq,Al-Aqeek_10000036,Resid.,Closed,surveyor11,25-Jan,"January 16, 25","January 16, 25",0.08,0.04,0,0,0,0,0,17,6,3,3,0,11,0,9,2,11,1,7,3,0,3,0,0
1,,3956,Al Aqeeq,Al-Aqeek_10000041,Resid.,Closed,surveyor11,25-Jan,"January 12, 25","January 12, 25",0.01,0.01,0,0,0,0,0,5,1,0,0,1,4,0,2,2,5,1,1,3,0,0,0,0
1,,3964,Al Aqeeq,Al-Aqeek_10000045,Resid.,Closed,surveyor11,25-Jan,"January 12, 25","January 12, 25",0.04,0.02,0,0,0,0,0,7,2,0,2,0,5,0,4,1,6,2,3,1,0,0,0,0
1,,3968,Al Aqeeq,Al-Aqeek_10000047,Resid.,Closed,surveyor11,25-Jan,"January 8, 25","January 9, 25",0.29,0.13,0,0,0,0,0,55,17,13,4,0,38,0,35,3,34,8,19,7,0,13,0,0
1,,3972,Al Aqeeq,Al-Aqeek_10000049,Resid.,Closed,surveyor11,25-Jan,"January 14, 25","January 14, 25",0.02,0.01,0,0,0,0,0,5,3,0,2,1,2,0,2,0,6,1,2,3,0,0,0,0
1,,3979,Al Aqeeq,Al-Aqeek_10000053,Resid.,Closed,surveyor11,25-Jan,"December 29, 24","January 15, 25",0.04,0.02,0,0,0,0,0,9,5,2,1,2,4,0,3,1,7,1,3,3,0,2,0,0
1,,3981,Al Aqeeq,Al-Aqeek_10000054,Mixed.,Closed,surveyor11,25-Jan,"January 15, 25","January 15, 25",0.09,0.05,0,0,0,0,0,23,8,1,4,3,15,1,10,4,18,5,7,6,0,1,0,0
1,,4068,Al Nakheel,Al-Nakheel_10000090,Mixed.,Closed,surveyor11,25-Jan,,,0.01,0,0,0,0,0,0,1,0,0,0,0,1,0,0,1,1,0,0,1,0,0,0,0
1,,4094,Al Nakheel,Al-Nakheel_10000104,Resid.,Closed,surveyor11,25-Jan,,,0.02,0.01,0,0,0,0,0,6,0,0,0,0,6,0,3,3,6,1,2,3,0,0,0,0
1,,4119,Al Nakheel,Al-Nakheel_10000117,Resid.,Closed,surveyor11,25-Jan,"January 21, 25","January 21, 25",0,0,0,0,0,0,0,1,1,0,0,1,0,0,0,0,1,0,0,1,0,0,0,0
1,,4121,Al Nakheel,Al-Nakheel_10000118,Resid.,Closed,surveyor11,25-Jan,"January 21, 25","January 21, 25",0.12,0.05,0,0,0,0,0,24,14,7,2,5,10,0,10,0,16,1,9,6,0,7,0,0
1,,4123,Al Nakheel,Al-Nakheel_10000119,Resid.,Closed,surveyor11,25-Jan,"January 21, 25","January 21, 25",0.06,0.04,0,0,0,0,0,10,6,0,6,0,4,1,2,1,16,2,7,7,0,0,0,YES
1,,4127,Al Nakheel,Al-Nakheel_10000121,Resid.,Closed,surveyor11,25-Jan,,,0,0,0,0,0,0,0,0,0,0,0,0,0,0,0,0,0,0,0,0,0,0,0,0
1,,4129,Al Nakheel,Al-Nakheel_10000122,Resid.,Closed,surveyor11,25-Jan,"January 21, 25","January 21, 25",0.06,0.04,0,0,0,0,0,14,5,1,2,2,9,1,6,2,14,4,4,6,0,1,0,0
1,,4131,Al Nakheel,Al-Nakheel_10000123,Resid.,Closed,surveyor11,25-Jan,"January 21, 25","January 21, 25",0.01,0.01,0,0,0,0,0,4,2,0,1,1,2,0,2,0,3,1,1,1,0,0,0,0
1,,5231,Al Raed,city Riyadh Al Raed district_1337,Resid.,Closed,surveyor11,25-Jan,"January 29, 25","January 29, 25",0.08,0.05,0,0,0,0,0,15,1,1,0,0,14,0,12,2,19,5,5,9,0,1,0,0
1,,5238,Al Raed,city Riyadh Al Raed district_1344,Resid.,Closed,surveyor11,25-Jan,"January 29, 25","January 29, 25",0.04,0.03,0,0,0,0,0,12,1,0,1,0,11,1,8,2,11,2,4,5,0,0,0,YES
1,,4720,Al Ghadir,Al Ghadeer district_10000317,Resid.,Closed,surveyor13,25-Feb,,,0.01,0,0,0,0,0,0,1,0,0,0,0,1,0,1,0,1,0,1,0,0,0,0,0
1,,4721,Al Ghadir,Al Ghadeer district_10000318,Resid.,Closed,surveyor13,25-Feb,"February 4, 25","February 4, 25",0.04,0.03,0,0,0,0,0,10,1,0,1,0,9,0,8,1,8,2,4,2,0,0,0,0
1,,4324,King Saud University,city Riyadh King Saud University district_1607,Resid.,Closed,surveyor13,25-Feb,,,0,0,0,0,0,0,0,0,0,0,0,0,0,0,0,0,0,0,0,0,0,0,0,0
1,,4327,King Saud University,city Riyadh King Saud University district_1617,Resid.,Closed,surveyor13,25-Feb,,,0.03,0.02,0,0,0,0,0,6,0,0,0,0,6,2,2,2,9,2,3,4,0,0,0,0
1,,4383,King Fahd,King Fahd district_10000092,Resid.,Closed,surveyor13,25-Feb,"February 19, 25","February 19, 25",0.06,0.04,0,0,0,0,0,9,4,1,0,3,5,0,4,1,13,4,4,5,0,1,0,0
1,,4385,King Fahd,King Fahd district_10000093,Resid.,Closed,surveyor13,25-Feb,"February 19, 25","February 19, 25",0.03,0.02,0,0,0,0,0,6,4,0,1,3,2,0,2,0,10,2,2,6,0,0,0,0
1,,6793,Al Narjis,Al Narjas district_72,Resid.,Closed,surveyor2,25-Jan,"January 16, 25","January 19, 25",0.04,0.02,0,0,0,0,0,4,3,1,2,0,1,0,1,0,5,1,4,0,0,1,0,0
1,,4070,Al Nakheel,Al-Nakheel_10000091,Resid.,Closed,surveyor2,25-Jan,"January 21, 25","January 21, 25",0.13,0.08,0,0,0,0,0,22,9,2,7,0,13,0,10,3,20,4,9,7,0,2,0,0
1,,4072,Al Nakheel,Al-Nakheel_10000092,Resid.,Closed,surveyor2,25-Jan,"January 21, 25","January 21, 25",0.06,0.04,0,0,0,0,0,13,3,1,2,0,10,0,8,2,11,1,6,4,0,1,0,YES
1,,2542,Al Malaz,Al Malaz district_10000480,Resid.,Closed,surveyor3,25-Jan,"January 26, 25","January 26, 25",0.11,0.08,0,0,0,0,0,20,15,0,13,2,5,0,3,2,21,3,13,5,0,0,0,0
1,,4815,Al Mursalat,Al Mursalat district_10000114,Resid.,Closed,surveyor3,25-Mar,"March 24, 25","March 24, 25",0.05,0.03,0,0,0,0,0,12,7,0,3,4,5,0,5,0,10,1,2,7,0,0,0,0
1,,2999,Al Mutamarat,Al Mutamarat district_10000027,Mixed.,Closed,surveyor3,25-Jan,"January 22, 25","January 25, 25",0.21,0.13,0,0,0,0,0,40,22,2,20,0,18,0,17,1,31,7,20,4,0,2,0,0
1,,3428,Al Sulaimaniyah,Al Sulaimaniyah district_10000306,Resid.,Closed,surveyor3,25-Feb,"February 5, 25","February 5, 25",0.09,0.03,0,0,0,0,0,14,13,6,1,6,1,0,1,0,16,0,7,9,0,6,0,0
1,,4273,Hiteen,city Riyadh Hiteen district_1531,Indust.,Closed,surveyor3,25-Mar,"March 9, 25","March 9, 25",0.11,0.05,0,0,0,0,0,27,13,5,3,5,14,2,7,5,23,4,7,12,0,5,0,0
1,,3578,Al Woroud,Al Woroud district_10000008,Mixed.,Off-Plan,fabdelrahman,25-May,"February 11, 25","May 27, 25",0.04,0.01,0,0,0,0,0,16,15,2,1,12,1,0,1,0,16,1,2,13,0,2,0,0
1,,3579,Al Woroud,Al Woroud district_10000009,Mixed.,Closed,surveyor4,25-Feb,"February 11, 25","February 11, 25",0.11,0.04,0,0,0,0,0,26,22,7,1,14,4,0,4,0,23,0,9,14,0,7,0,0
1,,4263,Hiteen,city Riyadh Hiteen district_1526,Mixed.,Closed,surveyor4,25-Jan,,,0,0,0,0,0,0,0,1,0,0,0,0,1,0,0,1,1,0,0,1,0,0,0,0
1,,4271,Hiteen,city Riyadh Hiteen district_1530,Resid.,Closed,surveyor4,25-Jan,"January 13, 25","January 16, 25",0.12,0.08,0,0,0,0,0,33,22,1,7,14,11,0,10,1,35,5,11,19,0,1,0,0
1,,4281,Hiteen,city Riyadh Hiteen district_1535,Mixed.,Closed,surveyor4,25-Jan,"January 8, 25","January 9, 25",0.06,0.04,0,0,0,0,0,18,6,0,5,1,12,1,7,4,14,2,7,5,0,0,0,0
1,,4285,Hiteen,city Riyadh Hiteen district_1537,Mixed.,Closed,surveyor4,25-Jan,"January 12, 25","January 12, 25",0.06,0.04,0,0,0,0,0,16,7,0,3,4,9,1,4,4,19,4,5,10,0,0,0,YES
1,,4286,Hiteen,city Riyadh Hiteen district_1609,Mixed.,Closed,surveyor4,25-Jan,"January 13, 25","January 16, 25",0.04,0.02,0,0,0,0,0,11,8,0,4,4,3,0,3,0,13,0,5,8,0,0,0,0
1,,4366,King Fahd,King Fahd district_10000083,Resid.,Closed,surveyor4,25-Feb,"February 25, 25","February 25, 25",0.01,0,0,0,0,0,0,5,1,0,0,1,4,0,1,3,4,0,1,3,0,0,0,0
1,,4559,Hiteen,RUH_18,Resid.,Closed,surveyor4,25-Jan,,,0.06,0.04,0,0,0,0,0,6,0,0,0,0,6,0,4,2,13,4,4,5,0,0,0,0
1,,4723,Al Ghadir,Al Ghadeer district_10000320,Resid.,Closed,surveyor5,25-Feb,,,0,0,0,0,0,0,0,0,0,0,0,0,0,0,0,0,0,0,0,0,0,0,0,0
1,,4724,Al Ghadir,Al Ghadeer district_10000321,Resid.,Closed,surveyor5,25-Feb,"January 12, 25","February 5, 25",0.09,0.05,0,0,0,0,0,27,17,2,8,7,10,0,9,1,25,0,11,14,0,2,0,0
1,,2546,Al Malaz,Al Malaz district_10000484,Resid.,Closed,surveyor5,25-Jan,"January 25, 25","January 29, 25",0.67,0.32,0,0,0,0,0,67,62,27,24,11,5,0,3,2,92,14,52,26,0,27,0,YES
1,,2547,Al Malaz,Al Malaz district_10000485,Resid.,Closed,surveyor5,25-Jan,"January 26, 25","January 26, 25",0.11,0.06,0,0,0,0,0,16,10,3,3,4,6,1,4,1,24,5,8,11,0,3,0,0
1,,6768,Al Narjis,Al Narjas district_48,Resid.,Closed,surveyor5,25-Jan,"January 14, 25","January 15, 25",0.75,0.35,0,0,0,0,0,101,45,31,12,2,56,0,54,2,82,25,49,8,0,31,0,0
1,,6789,Al Narjis,Al Narjas district_69,Resid.,Closed,surveyor5,25-Jan,,,0.01,0,0,0,0,0,0,3,0,0,0,0,3,0,2,1,2,0,1,1,0,0,0,0
1,,4027,Al Nakheel,Al-Nakheel_10000070,Mixed.,Closed,surveyor5,25-Jan,,,0,0,0,0,0,0,0,0,0,0,0,0,0,0,0,0,0,0,0,0,0,0,0,0
1,,4031,Al Nakheel,Al-Nakheel_10000072,Resid.,Closed,surveyor5,25-Jan,,,0,0,0,0,0,0,0,0,0,0,0,0,0,0,0,0,1,0,0,1,0,0,0,0
1,,3673,Al Yasmeen,Al Yasmeen district_10000118,Resid.,Closed,,"  v-24",,,0.01,0,0,0,0,0,0,4,0,0,0,0,4,0,4,0,1,0,1,0,0,0,0,0
1,,3798,Al Yasmeen,Al Yasmeen district_10000182,Resid.,Closed,,25-Dec,,,0.04,0.03,0,0,0,0,0,8,0,0,0,0,8,0,6,2,10,3,3,4,0,0,0,0
1,,4892,Al Nafel,Al Nafel district_10000337,Resid.,Closed,surveyor7,25-Dec,,,0,0,0,0,0,0,0,0,0,0,0,0,0,0,0,0,0,0,0,0,0,0,0,0
1,,3679,Al Yasmeen,Al Yasmeen district_10000121,Resid.,Closed,surveyor7,"  v-24","November12, 24","May 11, 25",0.16,0.08,0,0,0,0,0,42,15,6,7,2,27,0,27,0,19,5,11,3,0,6,0,YES
1,,4893,Al Nafel,Al Nafel district_10000338,Resid.,Closed,,25-Dec,,,0.01,0.01,0,0,0,0,0,4,0,0,0,0,4,0,4,0,3,1,1,1,0,0,0,0
1,,4898,Al Nafel,Al Nafel district_10000343,Resid.,Closed,,25-Dec,"December 15, 24","December 15, 24",0.01,0.01,0,0,0,0,0,4,2,0,1,1,2,0,2,0,3,1,1,1,0,0,0,0
1,,4900,Al Nafel,Al Nafel district_10000345,Resid.,Closed,,25-Dec,,,0,0,0,0,0,0,0,0,0,0,0,0,0,0,0,0,0,0,0,0,0,0,0,0
1,,4903,Al Nafel,Al Nafel district_10000348,Resid.,Closed,,25-Dec,"December 17, 24","December 17, 24",0.02,0.01,0,0,0,0,0,6,1,0,1,0,5,0,5,0,4,1,2,1,0,0,0,0
1,,4904,Al Nafel,Al Nafel district_10000349,Resid.,Closed,,25-Dec,"December 17, 24","December 17, 24",0,0,0,0,0,0,0,1,1,0,0,1,0,0,0,0,1,0,0,1,0,0,0,0
1,,4908,Al Nafel,Al Nafel district_10000353,Mixed.,Closed,,25-Dec,"December 15, 24","December 15, 24",0.09,0.05,0,0,0,0,0,41,20,1,8,11,21,0,18,3,27,1,8,18,0,1,0,YES
1,,4909,Al Nafel,Al Nafel district_10000354,Resid.,Closed,,25-Dec,"December 15, 24","December 15, 24",0.01,0.01,0,0,0,0,0,16,9,0,2,7,7,0,7,0,9,0,2,7,0,0,0,0
1,,3277,Al Sahafah,Al Sahafah district_10000005,Mixed.,Closed,,"  v-24","November26, 24","November26, 24",0.03,0.02,0,0,0,0,0,30,12,0,3,9,18,4,13,1,16,0,7,9,0,0,0,YES
1,,3294,Al Sahafah,Al Sahafah district_10000226,Resid.,Closed,,"  v-24","November19, 24","November19, 24",0.35,0.13,0,0,0,0,0,102,40,21,7,12,62,0,62,0,39,0,28,11,0,21,0,YES
1,,3295,Al Sahafah,Al Sahafah district_10000227,Resid.,Closed,,"  v-24","November25, 24","November25, 24",0.01,0.01,0,0,0,0,0,5,2,0,2,0,3,0,3,0,2,0,2,0,0,0,0,0
1,,3297,Al Sahafah,Al Sahafah district_10000228,Resid.,Closed,,"  v-24",,,0,0,0,0,0,0,0,0,0,0,0,0,0,0,0,0,0,0,0,0,0,0,0,0
1,,3315,Al Sahafah,Al Sahafah district_10000237,Mixed.,Closed,,"  v-24","November13, 24","November18, 24",0.29,0.11,0,0,0,0,0,78,33,17,7,9,45,0,45,0,33,1,23,9,0,17,0,YES
1,,3327,Al Sahafah,Al Sahafah district_10000243,Resid.,Closed,,"  v-24",,,0.01,0,0,0,0,0,0,1,0,0,0,0,1,0,1,0,2,1,1,0,0,0,0,0
1,,3337,Al Sahafah,Al Sahafah district_10000248,Resid.,Closed,,"  v-24","November26, 24","November26, 24",0,0,0,0,0,0,0,2,2,0,0,2,0,0,0,0,2,0,0,2,0,0,0,0
1,,3348,Al Sahafah,Al Sahafah district_10000253,Resid.,Closed,,"  v-24","November13, 24","November13, 24",0.03,0.02,0,0,0,0,0,13,6,0,4,2,7,0,6,1,8,0,4,4,0,0,0,YES
1,,3350,Al Sahafah,Al Sahafah district_10000254,Resid.,Closed,,"  v-24","November13, 24","November13, 24",0.01,0,0,0,0,0,0,3,2,0,1,1,1,0,1,0,2,0,1,1,0,0,0,YES
1,,3386,Al Sahafah,Al Sahafah district_10000272,Resid.,Closed,,"  v-24","November26, 24","November26, 24",0.01,0.01,0,0,0,0,0,5,4,0,2,2,1,0,1,0,5,0,2,3,0,0,0,YES
1,,3388,Al Sahafah,Al Sahafah district_10000273,Resid.,Closed,,"  v-24","November25, 24","May 11, 25",0.3,0.14,0,0,0,0,0,97,41,13,17,11,56,0,56,0,47,0,29,18,0,13,0,YES
1,,3401,Al Sahafah,Al Sahafah district_10000279,Resid.,Closed,,"  v-24","November25, 24","November25, 24",0.03,0.02,0,0,0,0,0,10,7,0,1,6,3,1,1,1,12,2,2,8,0,0,0,0
1,,3404,Al Sahafah,Al Sahafah district_10000280,Resid.,Closed,,"  v-24","November25, 24","November25, 24",0.04,0.03,0,0,0,0,0,14,2,0,2,0,12,2,6,4,10,1,5,4,0,0,0,YES
1,,5083,Ar Rabie,Ar Rabie district_10000285,Resid.,Closed,,25-Dec,,,0,0,0,0,0,0,0,0,0,0,0,0,0,0,0,0,0,0,0,0,0,0,0,0
1,,5084,Ar Rabie,Ar Rabie district_10000286,Resid.,Closed,,25-Dec,"December 3, 24","December 3, 24",0.01,0,0,0,0,0,0,5,3,0,0,3,2,0,1,1,4,0,1,3,0,0,0,0
1,,5090,Ar Rabie,Ar Rabie district_10000292,Resid.,Closed,,25-Dec,"December 5, 24","December 5, 24",0.01,0.01,0,0,0,0,0,6,1,0,1,0,5,1,3,1,4,0,2,2,0,0,0,0
1,,5095,Ar Rabie,Ar Rabie district_10000297,Resid.,Closed,,25-Dec,,,0.01,0.01,0,0,0,0,0,4,0,0,0,0,4,0,4,0,2,1,1,0,0,0,0,0
1,,5100,Ar Rabie,Ar Rabie district_10000302,Resid.,Closed,,25-Dec,,,0,0,0,0,0,0,0,1,0,0,0,0,1,0,0,1,1,0,0,1,0,0,0,0
1,,5101,Ar Rabie,Ar Rabie district_10000303,Resid.,Closed,,25-Dec,,,0.03,0.02,0,0,0,0,0,4,0,0,0,0,4,0,3,1,6,1,3,2,0,0,0,0
1,,4258,Hiteen,city Riyadh Hiteen district_1510,Indust.,Closed,,25-Jan,,,0.01,0.01,0,0,0,0,0,9,0,0,0,0,9,1,1,7,10,1,1,8,0,0,0,0
1,,4617,Hiteen,The Canopy mall,Indust.,Off-Plan,fabdelrahman,25-May,"May 26, 25","May 26, 25",0,0,0,0,0,0,0,7,4,2,2,0,3,0,3,0,5,1,3,1,0,0,0,0
1,,4461,Qurtubah,Qurtubah district_305,Resid.,Off-Plan,ashuban,25-Mar,"May 1, 25","May 1, 25",0.12,0.06,0,0,0,0,0,17,14,4,10,0,3,0,2,1,19,2,15,2,0,4,0,0
1,,4465,Qurtubah,Qurtubah district_307,Resid.,Off-Plan,ashuban,25-May,"May 1, 25","May 1, 25",0.39,0.19,0,0,0,0,0,53,30,16,14,0,23,0,21,2,63,23,32,8,0,16,0,YES
1,,2921,Al Muhammadiyah,Al Muhammadiyah district_10000058,Mixed.,Off-Plan,fabdelrahman,25-Apr,"October 10, 24","April 23, 25",0.83,0.37,0,0,0,0,0,97,68,38,29,1,29,0,28,1,121,45,66,10,0,38,0,0
1,,3528,Al Wizarat,Al Wizarat district_10000578,Resid.,Off-Plan,fabdelrahman,25-Apr,"April 9, 25","April 9, 25",0.36,0.14,0,0,0,0,0,55,40,21,5,14,15,0,14,1,55,6,30,19,0,21,0,0
1,,5125,Ar Rahmaniyah,Ar Rahmaniyah district_10000190,Resid.,Off-Plan,fabdelrahman,25-Apr,"April 28, 25","April 28, 25",0.08,0.05,0,0,0,0,0,9,5,1,4,0,4,0,4,0,13,5,6,2,0,1,0,0
1,,4475,Qurtubah,Qurtubah district_312,Resid.,Off-Plan,fabdelrahman,25-May,"May 1, 25","May 3, 25",0.31,0.1,0,0,0,0,0,65,29,22,7,0,36,1,34,1,47,12,31,4,0,21,0,YES
1,,3741,Al Yasmeen,Al Yasmeen district_10000152,Resid.,Off-Plan,surveyor13,"  v-24","October 15, 24","October 16, 24",0.39,0.2,0,0,0,0,0,72,20,14,6,0,52,0,51,1,49,18,23,8,0,14,0,YES
2,,5650,Moghrazat,RUH_Nakheel mall,Indust.,Open,,,,,2.21,1.48,0,0,0,0,109,521,22,1,20,1,499,19,465,15,378,146,177,55,0,0,19.62,0
2,,5606,North Mathar,North Mathar district_10000028,Mixed.,Off-Plan,ashuban,25-Apr,"  ","  ",0.08,0,0,4,0,0,94,389,33,11,22,0,356,16,324,16,373,189,134,50,0,11,17.17,0
2,,5656,King Abdulaziz,RUH_View Mall,Mixed.,Open,,,,,1.31,0.87,0,0,0,0,85,306,0,0,0,0,306,8,291,7,220,91,99,30,0,-183,15.3,0
2,,5652,Ar Rabwah,RUH_Othaim mall,Mixed.,Open,,,,,0.79,0.52,1,0,0,0,64,278,0,0,0,0,278,32,237,9,154,51,85,18,0,-110,11.59,0
2,,5652,Ar Rabwah,RUH_Othaim mall,Mixed.,Open,,,,,0.79,0.52,1,0,0,0,64,278,0,0,0,0,278,32,237,9,154,51,85,18,0,-110,11.59,0
2,,10193,King Khalid International Airport,RUH_Roshan Front mall,Mixed.,Open,,,"Dec 23, 24","Jan 27, 25",1.6,0.72,0,18,0,0,50,566,121,73,39,9,445,5,431,9,183,34,124,25,0,-39,10.8,0
2,,4738,Al Hamra,Al Hamra district_118,Resid.,Closed,fabdelrahman,25-Mar,"March 5, 25","March 6, 25",0.69,0.37,0,0,0,0,30,235,61,20,31,10,174,0,163,11,110,13,64,33,0,20,5.35,YES
2,,5702,King Khalid International Airport,airport,Mixed.,Open,,,"Dec 29, 24","Jan 26, 25",1.09,0.72,2,0,0,0,28,393,198,3,0,195,195,169,12,14,183,114,47,22,0,-146,5.03,0
2,,9167,Irqah,city Riyadh Irqah district_1611,Com,Open,,,"Jan 24, 25","Jan 24, 25",0.39,0.26,0,0,0,0,25,169,1,0,1,0,168,3,158,7,85,21,35,29,0,-53,4.63,0
2,,5643,Al Nada,RUH_Fortore mall,Com,Off-Plan,fabdelrahman,25-Apr,"April 30, 25","April 30, 25",1.32,0.58,0,0,0,0,23,312,121,64,57,0,191,1,181,9,222,50,137,35,0,63,4.27,0
2,,5608,North Mathar,North Mathar district_10000030,Mixed.,Off-Plan,aalosaimi,25-Apr,"  ","  ",0.07,0,0,0,0,0,21,251,45,10,35,0,206,2,194,10,92,19,48,25,0,10,3.78,0
2,,2860,Al Mathar,Al Mathar district_10000036,Mixed.,Off-Plan,aalosaimi,25-Apr,"April 27, 25","April 27, 25",0.39,0.21,0,1,0,0,18,172,42,9,33,0,130,1,122,7,65,5,46,14,0,9,3.34,0
2,,4802,Moghrazat,Al Mughrazat district_111,Mixed.,Off-Plan,ashuban,,"April 20, 25","April 20, 25",0.53,0.3,0,0,0,0,18,262,69,11,38,20,193,2,175,16,109,4,51,54,0,11,3.24,YES
2,,4785,Al Masyaf,Al Maseef district_10000385,Mixed.,Off-Plan,ashuban,25-Mar,"March 24, 25","March 25, 25",0.85,0.46,0,0,0,0,17,279,112,22,40,50,167,0,164,3,156,2,68,86,0,22,3.06,YES
2,,8856,Dhahrat Laban,city Riyadh Dhahrat Laban district_870,Mixed.,Open,,,"Jan 24, 25","Feb 1, 25",0.29,0.2,0,0,0,0,16,82,7,0,7,0,75,2,69,4,52,20,22,10,0,-34,2.88,0
2,,4682,Al Izdihar,Al Ezdihar district_56,Mixed.,Open,,,,,0.49,0.33,0,0,0,0,16,88,0,0,0,0,88,1,79,8,88,47,22,19,0,-69,2.73,YES
2,,5011,Ar Rabwah,Al Rabwah district_7,Resid.,Open,,,,,0.64,0.42,0,0,0,0,16,139,0,0,0,0,139,1,125,13,111,54,31,26,0,-89,2.73,YES
2,,8941,Dhahrat Laban,city Riyadh Dhahrat Laban district_955,Mixed.,Open,,,"Feb 1, 25","Feb 1, 25",0.84,0.56,0,0,0,0,16,93,3,0,3,0,90,3,81,6,156,92,24,40,0,-114,2.73,0
2,,4803,Moghrazat,Al Mughrazat district_112,Mixed.,Off-Plan,ashuban,,"January 27, 25","May 7, 25",0.39,0.26,0,0,0,0,15,154,17,2,15,0,137,1,130,6,79,23,34,22,0,2,2.7,0
2,,4750,Al Hamra,Al Hamra district_130,Resid.,Off-Plan,aalosaimi,25-May,"March 16, 25","May 8, 25",0.59,0.3,0,0,0,0,15,172,89,25,55,9,83,1,80,2,89,20,49,20,0,40,2.7,0
2,,9142,Irqah,city Riyadh Irqah district_1095,Resid.,Open,,,,,0.39,0.26,0,1,0,0,15,99,0,0,0,0,99,1,93,5,73,30,23,20,0,-54,2.65,YES
2,,4692,Al Izdihar,Al Ezdihar district_66,Mixed.,Closed,surveyor3,25-Mar,"February 27, 25","March 4, 25",0.84,0.43,0,0,0,0,15,325,155,27,47,81,170,3,154,13,203,5,84,114,0,27,2.65,YES
2,,5292,Al Rawabi,city Riyadh Al Rawabi district_238,Mixed.,Open,,,,,0.79,0.53,0,0,0,0,15,106,0,0,0,0,106,12,79,15,143,78,39,26,0,-111,2.55,YES
2,,9133,Irqah,city Riyadh Irqah district_1086,Resid.,Open,,,,,0.36,0.24,0,0,0,0,15,79,0,0,0,0,79,0,77,2,66,29,22,15,0,-51,2.55,0
2,,5323,Al Rayan,city Riyadh Al Rayan district_15,Mixed.,Open,,,,,0.39,0.26,0,0,0,0,14,95,0,0,0,0,95,1,88,6,64,23,30,11,0,-54,2.52,0
2,,4780,Al Masyaf,Al Maseef district_10000380,Resid.,Off-Plan,ashuban,25-Mar,"December 28, 24","March 24, 25",1.64,0.76,0,0,0,0,14,398,224,69,79,76,174,1,169,4,262,4,145,113,0,69,2.52,YES
2,,8845,Dhahrat Laban,city Riyadh Dhahrat Laban district_859,Resid.,Open,,,"Jan 24, 25","Jan 24, 25",0.47,0.31,0,0,0,0,14,71,6,0,6,0,65,2,63,0,82,48,20,14,0,-60,2.37,0
2,,8847,Dhahrat Laban,city Riyadh Dhahrat Laban district_861,Resid.,Open,,,"Jan 24, 25","Jan 24, 25",0.49,0.32,0,0,0,0,14,58,1,0,1,0,57,1,54,2,83,54,14,15,0,-67,2.37,0
2,,4661,Al Andalus,Al Andalus district_99,Resid.,Open,,,,,0.46,0.31,0,0,0,0,14,89,0,0,0,0,89,3,81,5,78,40,25,13,0,0,2.37,0
2,,5584,King Faisal,King Faisal district_125,Resid.,Open,,,,,0.43,0.29,0,0,0,0,14,65,0,0,0,0,65,4,48,13,73,33,20,20,0,0,2.37,YES
2,,7869,Al Rimal,city Riyadh Al Rimal district_19,Mixed.,Off-Plan,fabdelrahman,25-May,"May 5, 25","May 6, 25",1.22,0.31,0,0,0,0,13,193,137,106,31,0,56,3,52,1,174,34,138,2,0,106,2.34,0
2,,2871,Al Mathar,Al Mathar district_10000370,Resid.,Open,,,,,0.19,0.13,0,1,0,0,12,90,0,0,0,0,90,1,83,6,44,9,18,17,0,-27,2.26,0
2,,5146,Assafarat,Assafarat district_10000011,Mixed.,Open,,,"Jan 7, 25","May 5, 25",0.68,0.45,3,2,0,1,10,99,8,1,5,2,91,1,85,5,119,68,25,26,0,-89,2.19,0
2,,5581,King Faisal,King Faisal district_122,Resid.,Open,,,,,0.49,0.33,0,0,0,0,13,72,0,0,0,0,72,1,61,10,78,45,20,13,0,0,2.19,YES
2,,4842,Al Muruj,Al Muruj district_10000398,Resid.,Open,,,,,0.86,0.58,0,0,0,0,12,75,0,0,0,0,75,0,72,3,155,103,16,36,0,-121,2.01,YES
2,,5014,Al Safa,Al Safa district_161,Mixed.,Open,,,,,0.71,0.47,0,0,0,0,12,68,0,0,0,0,68,5,54,9,114,79,19,16,0,-99,2.01,0
2,,5288,Al Rawabi,city Riyadh Al Rawabi district_234,Resid.,Open,,,"Jan 14, 25","Jan 14, 25",0.14,0.1,0,0,0,0,11,58,2,0,2,0,56,3,51,2,25,10,12,3,0,-18,1.98,0
2,,8888,Dhahrat Laban,city Riyadh Dhahrat Laban district_902,Resid.,Off-Plan,,,"February 24, 25","May 10, 25",0.76,0.44,0,0,0,0,11,162,111,43,65,3,51,0,50,1,142,34,87,21,0,29,1.98,0
2,,9146,Irqah,city Riyadh Irqah district_1099,Resid.,Open,,,,,0.44,0.3,0,1,0,0,11,78,0,0,0,0,78,4,71,3,81,41,23,17,0,-62,1.93,0
2,,8880,Dhahrat Laban,city Riyadh Dhahrat Laban district_894,Mixed.,Open,,,"Jan 24, 25","Feb 1, 25",0.36,0.24,0,0,0,0,11,64,3,0,3,0,61,0,60,1,59,33,17,9,0,0,1.93,0
2,,6827,Al Qairawan,Al Qirwan district_275,Resid.,Open,,,,,0.14,0.1,0,6,0,0,7,58,0,0,0,0,58,7,49,2,25,7,14,4,0,-20,1.86,0
2,,4951,Al Quds,Al Quds district_80,Resid.,Open,,,,,0.44,0.29,0,0,0,0,11,51,0,0,0,0,51,1,46,4,76,45,15,16,0,-61,1.83,YES
2,,4971,Ar Rabwah,Al Rabwah district_11,Resid.,Open,,,,,0.44,0.29,0,0,0,0,11,76,0,0,0,0,76,4,68,4,77,43,22,12,0,-61,1.83,YES
2,,4980,Ar Rabwah,Al Rabwah district_166,Resid.,Open,,,,,0.46,0.3,0,0,0,0,11,81,0,0,0,0,81,1,74,6,78,42,19,17,0,-64,1.83,YES
2,,5189,Al Manar,city Riyadh Al Manar district_50,Resid.,Off-Plan,ashuban,25-May,"May 21, 25","May 21, 25",0.36,0.24,0,0,0,0,11,105,45,18,27,0,60,2,55,3,59,38,13,8,0,-50,1.83,YES
2,,5144,Assafarat,Assafarat district_10000009,Mixed.,Open,,,"Jan 6, 25","Jan 7, 25",0.82,0.55,2,2,0,0,9,83,9,0,6,3,74,3,61,10,142,87,28,27,0,-109,1.81,0
2,,5054,Al Wadi,Al Wadi district_317,Resid.,Off-Plan,fabdelrahman,25-May,"May 21, 25","May 21, 25",0.55,0.37,1,0,0,0,11,132,38,6,32,0,94,1,85,8,95,51,22,22,0,-77,1.8,YES
2,,5289,Al Rawabi,city Riyadh Al Rawabi district_235,Mixed.,Open,,,,,0.23,0.15,0,0,0,0,10,55,0,0,0,0,55,3,46,6,39,15,17,7,0,-32,1.8,0
2,,5344,Al Rayan,city Riyadh Al Rayan district_31,Resid.,Off-Plan,ashuban,25-May,"May 22, 25","May 22, 25",0.19,0.13,0,0,0,0,10,102,52,30,22,0,50,3,45,2,34,15,15,4,0,-27,1.8,0
2,,4962,Al Quds,Al Quds district_91,Resid.,Off-Plan,fabdelrahman,25-Apr,"April 27, 25","April 27, 25",0.61,0.28,0,0,0,0,10,111,59,26,33,0,52,2,40,10,98,19,60,19,0,26,1.8,0
2,,4696,Al Izdihar,Al Ezdihar district_70,Resid.,Off-Plan,,,"May 7, 25","May 8, 25",0.79,0.52,0,0,0,0,10,128,61,15,46,0,67,1,58,8,153,57,65,31,0,15,1.8,YES
2,,4751,Al Hamra,Al Hamra district_131,Resid.,Off-Plan,ashuban,25-May,"May 8, 25","May 8, 25",0.6,0.4,0,0,0,0,10,140,80,36,44,0,60,2,53,5,135,36,83,16,0,34,1.8,0
2,,4852,Al Muruj,Al Muruj district_10000408,Mixed.,Open,,,,,1.14,0.76,0,0,0,0,10,76,0,0,0,0,76,1,67,8,188,137,19,32,0,-160,1.65,YES
2,,4954,Al Quds,Al Quds district_83,Resid.,Open,,,,,0.59,0.39,0,0,0,0,10,40,0,0,0,0,40,0,34,6,96,63,15,18,0,-82,1.65,YES
2,,4992,Ar Rabwah,Al Rabwah district_28,Resid.,Open,,,,,0.44,0.29,0,0,0,0,10,76,0,0,0,0,76,3,69,4,79,36,26,17,0,-61,1.65,0
2,,8858,Dhahrat Laban,city Riyadh Dhahrat Laban district_872,Mixed.,Open,,,,,0.4,0.27,0,0,0,0,10,54,2,0,2,0,52,0,51,1,78,40,16,22,0,-54,1.65,0
2,,5357,Al Rayan,city Riyadh Al Rayan district_44,Mixed.,Open,,,,,0.65,0.43,0,0,0,0,10,104,0,0,0,0,104,1,94,9,108,62,27,19,0,-91,1.65,0
2,,9151,Irqah,city Riyadh Irqah district_1104,Mixed.,Open,,,,,0.36,0.24,0,0,0,0,10,68,1,0,1,0,67,0,63,4,69,30,20,19,0,-50,1.65,0
2,,10019,King Khalid International Airport,King Khalid International Airport district_10000010,Indust.,Open,,,,,0.23,0.15,0,0,0,0,10,74,0,0,0,0,74,1,73,0,35,20,13,2,0,-32,1.65,0
2,,4643,Al Andalus,Al Andalus district_104,Resid.,Open,,,,,0.33,0.22,0,0,0,0,10,43,0,0,0,0,43,1,40,2,50,31,14,5,0,0,1.65,0
2,,4648,Al Andalus,Al Andalus district_109,Resid.,Open,,,,,0.2,0.13,0,0,0,0,10,40,0,0,0,0,40,3,36,1,39,18,13,8,0,0,1.65,0
2,,6823,Al Qairawan,Al Qirwan district_271,Resid.,Open,,,,,0.16,0.1,0,0,0,0,9,47,0,0,0,0,47,2,42,3,27,11,11,5,0,-22,1.62,0
2,,4794,Moghrazat,Al Mughrazat district_103,Resid.,Off-Plan,ashuban,25-Apr,"January 28, 25","May 11, 25",1.04,0.47,0,0,0,0,9,256,161,48,86,27,95,0,90,5,153,13,91,49,0,48,1.62,YES
2,,5576,King Abdullah,King Abdullah district_5,Mixed.,Off-Plan,fabdelrahman,25-Apr,"April 26, 25","April 26, 25",0.75,0.5,2,0,0,0,9,83,4,1,3,0,79,2,72,5,125,85,21,19,0,1,1.61,0
2,,5051,Al Wadi,Al Wadi district_21,Resid.,Off-Plan,fabdelrahman,25-May,"May 21, 25","May 21, 25",0.66,0.44,0,0,0,0,10,166,53,24,29,0,113,4,102,7,124,59,36,29,0,-93,1.55,0
2,,5056,Al Wadi,Al Wadi district_5,Resid.,Off-Plan,fabdelrahman,25-May,"May 22, 25","May 22, 25",0.52,0.35,0,0,0,0,10,134,62,33,29,0,72,1,65,6,95,50,23,22,0,-73,1.55,YES
2,,5006,Ar Rabwah,Al Rabwah district_43,Resid.,Open,,,,,0.41,0.28,0,0,0,0,9,65,0,0,0,0,65,4,51,10,74,38,18,18,0,-58,1.47,0
2,,5190,Al Manar,city Riyadh Al Manar district_51,Resid.,Off-Plan,ashuban,25-May,"May 21, 25","May 21, 25",0.26,0.17,0,0,0,0,9,71,43,27,16,0,28,1,24,3,42,26,9,7,0,-36,1.47,0
2,,8850,Dhahrat Laban,city Riyadh Dhahrat Laban district_864,Mixed.,Open,,,,,0.46,0.31,0,0,0,0,9,37,1,0,1,0,36,1,32,3,88,49,14,25,0,-64,1.47,0
2,,2866,Al Mathar,Al Mathar district_10000368,Com,Off-Plan,aalosaimi,25-Apr,"April 27, 25","April 28, 25",0.69,0.46,1,0,0,0,7,161,33,1,32,0,128,3,108,17,123,33,64,26,0,1,1.46,0
2,,4736,Al Hamra,Al Hamra district_116,Resid.,Off-Plan,aalosaimi,25-Apr,"March 13, 25","April 27, 25",0.62,0.36,0,0,0,0,8,163,104,38,61,5,59,1,54,4,114,29,66,19,0,12,1.44,YES
2,,4994,Ar Rabwah,Al Rabwah district_30,Resid.,Open,,,,,0.25,0.17,0,0,0,0,8,79,0,0,0,0,79,1,72,6,43,16,17,10,0,-35,1.44,0
2,,5627,North Mathar,North Mathar district_10000215,Mixed.,Off-Plan,aalosaimi,25-Apr,"  ","  ",0.19,0,0,0,0,0,8,180,78,27,51,0,102,1,90,11,212,90,91,31,0,27,1.44,0
2,,5591,King Faisal,King Faisal district_132,Resid.,Off-Plan,ashuban,25-Apr,"April 26, 25","April 27, 25",0.94,0.4,0,0,0,0,8,174,88,50,38,0,86,5,66,15,148,31,97,20,0,48,1.44,0
2,,4957,Al Quds,Al Quds district_86,Resid.,Off-Plan,fabdelrahman,25-Apr,"April 26, 25","April 26, 25",0.79,0.37,0,0,0,0,8,134,74,33,41,0,60,1,53,6,127,33,75,19,0,33,1.44,YES
2,,6871,Al Qairawan,Al Qirwan district_350,Com,Open,,,,,1.03,0.69,0,0,0,0,8,46,0,0,0,0,46,1,45,0,183,131,14,38,0,-144,1.42,0
2,,5070,Al Zahra,Al Zahra district_10000569,Com,Open,,,,,1.25,0.83,0,0,0,0,8,64,0,0,0,0,64,0,52,12,206,150,15,41,0,-175,1.42,YES
2,,4739,Al Hamra,Al Hamra district_119,Resid.,Closed,surveyor13,25-Mar,"March 11, 25","March 11, 25",0.46,0.28,0,0,0,0,8,76,23,7,11,5,53,3,47,3,78,29,31,18,0,7,1.39,0
2,,4950,Al Quds,Al Quds district_79,Resid.,Open,,,,,0.61,0.41,0,0,0,0,8,43,0,0,0,0,43,3,34,6,101,72,14,15,0,-86,1.29,0
2,,4965,Al Quds,Al Quds district_94,Resid.,Open,,,,,0.24,0.16,0,0,0,0,8,29,0,0,0,0,29,2,25,2,37,24,9,4,0,-33,1.29,0
2,,5012,Ar Rabwah,Al Rabwah district_8,Mixed.,Open,,,,,0.31,0.2,0,0,0,0,8,65,0,0,0,0,65,0,57,8,61,22,17,22,0,-43,1.29,0
2,,8899,Dhahrat Laban,city Riyadh Dhahrat Laban district_913,Resid.,Open,,,,,0.3,0.2,0,0,0,0,8,41,0,0,0,0,41,2,36,3,59,33,12,14,0,-42,1.29,0
2,,5615,North Mathar,North Mathar district_10000203,Mixed.,Off-Plan,ashuban,25-Apr,"  ","  ",0.08,0,0,0,0,0,8,113,51,11,40,0,62,0,58,4,138,65,61,12,0,11,1.29,0
2,,5653,Al Andalus,RUH_Riyardh mall,Mixed.,Open,,,,,0.16,0.11,0,0,0,0,8,24,0,0,0,0,24,7,15,2,32,18,10,4,0,0,1.29,0
2,,4742,Al Hamra,Al Hamra district_122,Resid.,Off-Plan,aalosaimi,25-Apr,"January 22, 25","April 10, 25",1.02,0.36,0,0,0,0,7,222,142,68,35,39,80,5,69,6,164,3,102,59,0,68,1.26,YES
2,,4792,Al Masyaf,Al Maseef district_10000417,Resid.,Off-Plan,ashuban,25-Mar,"March 20, 25","March 23, 25",0.63,0.34,0,0,0,0,7,143,78,16,35,27,65,2,58,5,96,1,49,46,0,16,1.26,YES
2,,5611,North Mathar,North Mathar district_10000033,Mixed.,Off-Plan,ashuban,25-Apr,"  ","  ",0.02,0,0,0,0,0,7,60,10,3,7,0,50,0,47,3,19,4,11,4,0,3,1.26,0
2,,4845,Al Muruj,Al Muruj district_10000401,Mixed.,Off-Plan,fabdelrahman,,"January 7, 25","April 20, 25",0.93,0.41,0,0,0,0,7,247,161,44,83,34,86,2,79,5,147,5,89,53,0,44,1.26,YES
2,,4847,Al Muruj,Al Muruj district_10000403,Resid.,Off-Plan,fabdelrahman,25-Apr,"January 6, 25","April 22, 25",1.77,0.94,0,0,0,0,7,317,202,51,78,73,115,0,110,5,273,51,123,99,0,51,1.26,YES
2,,8890,Dhahrat Laban,city Riyadh Dhahrat Laban district_904,Mixed.,Off-Plan,,,"May 10, 25","May 11, 25",0.46,0.3,0,0,0,0,7,105,54,23,31,0,51,2,49,0,105,31,58,16,0,23,1.26,0
2,,4758,Al Hamra,Al Hamra district_348,Resid.,Closed,surveyor13,25-Mar,"March 10, 25","March 10, 25",0.33,0.18,0,0,0,0,7,69,25,8,8,9,44,2,39,3,59,12,29,18,0,8,1.21,0
2,,5649,Al Wahah,RUH_Masud Al Harthi_03 Comm,Com,Open,,,,,0.35,0.23,0,1,0,0,6,45,1,0,1,0,44,2,36,6,61,38,12,11,0,-48,1.16,YES
2,,2886,Al Mathar,Al Mathar district_10000379,Indust.,Open,,,,,0.12,0.08,1,0,0,0,6,43,0,0,0,0,43,1,40,2,22,3,14,5,0,-17,1.15,0
2,,4754,Al Hamra,Al Hamra district_134,Resid.,Closed,fabdelrahman,25-Mar,"March 11, 25","March 13, 25",0.38,0.17,0,1,0,0,6,81,50,17,24,9,31,1,27,3,62,1,41,20,0,17,1.13,0
2,,5637,Al Wahah,RUH_An Nuzhah 2,Com,Off-Plan,abinsaedan,25-Apr,"April 20, 25","April 20, 25",0.81,0.43,0,1,0,0,5,159,95,24,26,45,64,1,60,3,133,21,52,60,0,24,1.13,YES
2,,5057,Al Wadi,Al Wadi district_6,Resid.,Off-Plan,fabdelrahman,25-May,"May 19, 25","May 20, 25",0.53,0.35,0,1,0,0,7,148,71,47,24,0,77,0,67,10,99,57,14,28,0,-74,1.11,YES
2,,5688,New Industrial City,2nd Industrial City district_129,Mixed.,Open,,,,,0.38,0.25,0,0,0,0,7,118,59,0,0,59,59,51,7,1,57,35,14,8,0,-53,1.11,0
2,,4646,Al Andalus,Al Andalus district_107,Resid.,Open,,,,,0.23,0.15,0,0,0,0,7,29,0,0,0,0,29,1,25,3,38,22,9,7,0,-32,1.11,0
2,,4767,Al Masyaf,Al Maseef district_10000367,Resid.,Open,,,,,0.17,0.11,0,0,0,0,7,30,0,0,0,0,30,0,29,1,31,14,10,7,0,-24,1.11,0
2,,4781,Al Masyaf,Al Maseef district_10000381,Mixed.,Open,,,,,0.79,0.52,0,0,0,0,7,71,1,0,1,0,70,0,66,4,136,83,24,29,0,-109,1.11,YES
2,,4849,Al Muruj,Al Muruj district_10000405,Resid.,Open,,,,,0.46,0.31,0,0,0,0,7,42,0,0,0,0,42,0,40,2,78,53,10,15,0,-65,1.11,YES
2,,4946,Al Quds,Al Quds district_75,Resid.,Open,,,,,0.31,0.2,0,0,0,0,7,35,0,0,0,0,35,2,29,4,49,30,11,8,0,-43,1.11,0
2,,4970,Ar Rabwah,Al Rabwah district_10,Resid.,Open,,,,,0.36,0.24,0,0,0,0,7,58,0,0,0,0,58,1,53,4,61,36,12,13,0,-50,1.11,0
2,,4986,Ar Rabwah,Al Rabwah district_22,Resid.,Open,,,,,0.19,0.12,0,0,0,0,7,43,0,0,0,0,43,1,40,2,32,15,10,7,0,-26,1.11,0
2,,5008,Ar Rabwah,Al Rabwah district_45,Mixed.,Open,,,,,0.39,0.26,0,0,0,0,7,80,0,0,0,0,80,0,73,7,63,34,15,14,0,-54,1.11,0
2,,5009,Ar Rabwah,Al Rabwah district_5,Mixed.,Open,,,,,0.98,0.65,0,0,0,0,7,92,0,0,0,0,92,1,84,7,163,100,31,32,0,-137,1.11,YES
2,,7877,Al Rimal,city Riyadh Al Rimal district_27,Mixed.,Open,,,,,0.41,0.25,0,0,0,0,7,58,11,5,5,1,47,3,40,4,62,38,18,6,0,-43,1.11,0
2,,8836,Dhahrat Laban,city Riyadh Dhahrat Laban district_850,Mixed.,Open,,,,,0.65,0.43,0,0,0,0,7,42,6,0,6,0,36,0,33,3,116,72,18,26,0,-85,1.11,0
2,,8846,Dhahrat Laban,city Riyadh Dhahrat Laban district_860,Resid.,Open,,,,,0.29,0.2,0,0,0,0,7,37,0,0,0,0,37,0,32,5,56,31,8,17,0,-41,1.11,0
2,,8896,Dhahrat Laban,city Riyadh Dhahrat Laban district_910,Mixed.,Open,,,,,1.14,0.76,0,0,0,0,7,30,1,0,1,0,29,0,22,7,198,150,8,40,0,-158,1.11,0
2,,4836,Al Muruj,Al Muruj district_10000392,Indust.,Off-Plan,fabdelrahman,25-Apr,"December 26, 24","April 29, 25",0.35,0.22,0,0,0,0,7,51,12,3,9,0,39,2,36,1,80,32,19,29,0,2,1.11,0
2,,8897,Dhahrat Laban,city Riyadh Dhahrat Laban district_911,Mixed.,Open,,,,,1.01,0.67,0,0,0,0,7,36,2,0,2,0,34,0,30,4,165,129,9,27,0,-139,1.11,0
2,,4744,Al Hamra,Al Hamra district_124,Resid.,Off-Plan,aalosaimi,25-Apr,"April 7, 25","April 8, 25",1.11,0.41,0,0,0,0,6,244,156,69,42,45,88,1,85,2,170,0,111,59,0,69,1.08,YES
2,,4760,Al Masyaf,Al Maseef district_10000360,Resid.,Off-Plan,ashuban,25-May,"May 5, 25","May 5, 25",0.41,0.25,0,0,0,0,6,86,29,5,24,0,57,0,53,4,68,26,29,13,0,5,1.08,YES
2,,4762,Al Masyaf,Al Maseef district_10000362,Resid.,Off-Plan,ashuban,25-May,"May 5, 25","May 5, 25",0.34,0.16,0,0,0,0,6,81,29,13,16,0,52,1,45,6,57,13,31,13,0,13,1.08,YES
2,,5602,King Faisal,King Faisal district_143,Resid.,Off-Plan,ashuban,25-Apr,"April 27, 25","April 27, 25",0.3,0.15,0,0,0,0,6,82,29,10,19,0,53,2,46,5,51,13,28,10,0,10,1.08,0
2,,4693,Al Izdihar,Al Ezdihar district_67,Mixed.,Off-Plan,,,"May 8, 25","May 8, 25",0.56,0.37,0,0,0,0,6,105,43,12,31,0,62,0,55,7,110,39,49,22,0,12,1.08,0
2,,8937,Dhahrat Laban,city Riyadh Dhahrat Laban district_951,Resid.,Open,,,,,0.71,0.48,0,1,0,0,6,38,0,0,0,0,38,0,37,1,106,92,8,6,0,-100,1.03,0
2,,4782,Al Masyaf,Al Maseef district_10000382,Mixed.,Open,,,"May 12, 25","May 12, 25",0.51,0.34,0,0,0,0,6,98,49,20,29,0,49,0,46,3,109,36,54,19,0,20,1.08,YES
2,,4694,Al Izdihar,Al Ezdihar district_68,Resid.,Closed,surveyor3,25-Mar,"February 27, 25","March 4, 25",0.62,0.32,0,0,0,0,6,221,125,20,42,63,96,1,84,11,167,4,64,99,0,20,1.03,YES
2,,5398,Al Salam,city Riyadh Al Salam district_301,Resid.,Off-Plan,ashuban,25-May,"May 18, 25","May 18, 25",0.19,0.12,0,0,0,0,7,67,33,17,16,0,34,0,33,1,29,17,9,3,0,-26,1.01,0
2,,5441,Olaishah,city Riyadh Olaishah district_1268,Mixed.,Open,,,,,0.56,0.37,1,0,0,0,6,53,0,0,0,0,53,1,47,5,90,63,14,13,0,-78,1,YES
2,,4869,Al Nada,Al Nada district_19,Resid.,Open,,,,,0.36,0.24,0,0,0,0,6,59,2,0,2,0,57,0,54,3,59,38,13,8,0,-49,0.93,YES
2,,6830,Al Qairawan,Al Qirwan district_278,Resid.,Open,,,,,0.22,0.15,0,0,0,0,6,32,0,0,0,0,32,1,29,2,36,24,8,4,0,-31,0.93,YES
2,,8036,Al Rimal,city Riyadh Al Rimal district_55,Resid.,Open,,,,,0.39,0.26,0,0,0,0,6,38,0,0,0,0,38,0,37,1,56,49,6,1,0,-55,0.93,0
2,,8468,Al Zahra,city Riyadh Al Zahrah district_167,Mixed.,Open,,,,,0.24,0.16,0,0,0,0,6,38,0,0,0,0,38,1,35,2,38,22,9,7,0,-33,0.93,0
2,,8822,Dhahrat Laban,city Riyadh Dhahrat Laban district_835,Mixed.,Open,,,,,0.49,0.32,0,0,0,0,6,37,0,0,0,0,37,1,33,3,86,54,13,19,0,-68,0.93,0
2,,8917,Dhahrat Laban,city Riyadh Dhahrat Laban district_931,Mixed.,Open,,,,,0.16,0.1,0,0,0,0,6,12,0,0,0,0,12,0,11,1,23,16,6,1,0,-22,0.93,0
2,,8942,Dhahrat Laban,city Riyadh Dhahrat Laban district_956,Resid.,Open,,,,,0.38,0.25,0,0,0,0,6,30,0,0,0,0,30,0,25,5,63,45,7,11,0,-53,0.93,0
2,,5588,King Faisal,King Faisal district_129,Resid.,Open,,,,,0.18,0.12,0,0,0,0,6,35,0,0,0,0,35,2,32,1,31,15,12,4,0,-25,0.93,YES
2,,5636,Al Wahah,RUH_An Nuzhah 1,Mixed.,Open,,,,,0.29,0.2,0,0,0,0,6,43,0,0,0,0,43,0,40,3,55,30,9,16,0,-41,0.93,YES
2,,5268,Al Rawabi,city Riyadh Al Rawabi district_214,Resid.,Open,,,,,0.06,0.04,0,0,0,0,5,24,0,0,0,0,24,2,21,1,14,5,6,3,0,-9,0.9,0
2,,5333,Al Rayan,city Riyadh Al Rayan district_206,Resid.,Open,,,,,0.11,0.07,0,0,0,0,5,34,0,0,0,0,34,1,31,2,21,8,8,5,0,-15,0.9,0
2,,5354,Al Rayan,city Riyadh Al Rayan district_41,Resid.,Open,,,,,0.22,0.15,0,0,0,0,5,44,0,0,0,0,44,2,40,2,40,16,16,8,0,-31,0.9,YES
2,,9118,Irqah,city Riyadh Irqah district_1071,Resid.,Open,,,,,0.11,0.07,0,0,0,0,5,27,0,0,0,0,27,1,24,2,21,7,7,7,0,-15,0.9,0
2,,4743,Al Hamra,Al Hamra district_123,Resid.,Off-Plan,aalosaimi,25-Apr,"April 8, 25","April 8, 25",0.5,0.16,0,0,0,0,5,103,70,36,21,13,33,2,29,2,74,0,57,17,0,36,0.9,0
2,,5618,North Mathar,North Mathar district_10000206,Resid.,Off-Plan,ashuban,25-Apr,"  ","  ",0.02,0,0,0,0,0,5,67,22,3,19,0,45,3,29,13,58,13,28,17,0,3,0.9,0
2,,4790,Al Masyaf,Al Maseef district_10000390,Resid.,Off-Plan,fabdelrahman,25-Mar,"March 24, 25","March 25, 25",1.06,0.51,0,0,0,0,5,230,139,42,43,54,91,0,86,5,170,0,92,78,0,42,0.9,YES
2,,4958,Al Quds,Al Quds district_87,Resid.,Off-Plan,fabdelrahman,25-Apr,"April 26, 25","April 27, 25",0.81,0.36,0,0,0,0,5,110,69,38,31,0,41,3,32,6,128,39,73,16,0,38,0.9,YES
2,,4867,Al Muruj,Al Muruj district_10000426,Mixed.,Off-Plan,surveyor3,25-Mar,"March 23, 25","March 23, 25",0.71,0.44,0,0,0,0,5,232,99,8,47,44,133,7,116,10,126,1,55,70,0,8,0.9,YES
2,,4697,Al Izdihar,Al Ezdihar district_71,Resid.,Off-Plan,fabdelrahman,25-May,"May 7, 25","May 7, 25",0.44,0.3,0,0,0,0,5,99,40,15,25,0,59,0,50,9,97,32,41,24,0,15,0.9,YES
2,,4775,Al Masyaf,Al Maseef district_10000375,Resid.,,,,"May 12, 25","May 12, 25",0.44,0.29,0,0,0,0,5,75,43,28,15,0,32,0,28,4,99,42,46,11,0,28,0.9,YES
2,,4805,Moghrazat,Al Mughrazat district_114,Resid.,Off-Plan,,,"January 29, 25","May 7, 25",0.45,0.3,0,0,0,0,5,102,52,19,33,0,50,0,44,6,103,21,60,22,0,19,0.9,YES
2,,4851,Al Muruj,Al Muruj district_10000407,Resid.,Off-Plan,,,"January 7, 25","May 10, 25",0.45,0.3,0,0,0,0,5,68,34,9,25,0,34,0,33,1,85,34,36,14,1,9,0.9,YES
2,,4853,Al Muruj,Al Muruj district_10000409,Mixed.,Off-Plan,,,"May 10, 25","May 10, 25",0.67,0.45,0,0,0,0,5,122,78,50,28,0,44,1,38,5,167,60,82,24,1,50,0.9,YES
2,,8883,Dhahrat Laban,city Riyadh Dhahrat Laban district_897,Resid.,Off-Plan,,,"February 1, 25","May 10, 25",0.31,0.19,0,0,0,0,5,92,45,20,25,0,47,0,41,6,74,19,37,18,0,17,0.9,0
2,,8439,Al Zahra,city Riyadh Al Zahrah district_138,Resid.,Open,,,,,0.24,0.16,0,1,0,0,5,24,0,0,0,0,24,2,18,4,38,26,7,5,0,-34,0.85,YES
2,,8824,Dhahrat Laban,city Riyadh Dhahrat Laban district_838,Mixed.,Open,,,,,0.44,0.3,0,1,0,0,5,28,0,0,0,0,28,1,26,1,81,52,10,19,0,-62,0.85,0
2,,5609,North Mathar,North Mathar district_10000031,Indust.,Open,,,,,0,0,0,0,0,0,5,28,0,0,0,0,28,2,26,0,42,27,12,3,0,0,0.85,0
2,,4755,Al Hamra,Al Hamra district_135,Resid.,Closed,fabdelrahman,25-Mar,"March 12, 25","March 12, 25",0.19,0.11,0,0,0,0,5,47,26,3,20,3,21,2,18,1,31,1,25,5,0,3,0.85,0
2,,5000,Ar Rabwah,Al Rabwah district_36,Resid.,Open,,,,,0.23,0.15,0,0,0,0,5,53,0,0,0,0,53,1,48,4,36,15,14,7,0,-32,0.83,0
2,,5045,Al Wadi,Al Wadi district_15,Resid.,Off-Plan,fabdelrahman,25-May,"May 24, 25","May 24, 25",0.51,0.34,0,0,0,0,6,118,43,19,24,0,75,2,62,11,94,52,19,23,0,-71,0.83,0
2,,5293,Al Rawabi,city Riyadh Al Rawabi district_239,Mixed.,Open,,,,,0.2,0.13,0,0,0,0,5,40,0,0,0,0,40,4,32,4,35,15,14,6,0,-28,0.83,0
2,,5148,Assafarat,Assafarat district_10000013,Mixed.,Open,,,,,0.7,0.47,1,0,0,0,5,57,4,0,2,2,53,2,41,10,127,73,21,33,0,-97,0.82,0
2,,5156,Al Fakhriyah,city Riyadh Al Fakhriyah district_1220,Resid.,,,,,,0.1,0.07,0,0,0,0,5,30,0,0,0,0,30,1,26,3,18,6,7,5,0,-14,0.8,0
2,,5605,King Faisal,King Faisal district_146,Resid.,Off-Plan,ashuban,25-Apr,"April 27, 25","April 27, 25",0.23,0.08,1,0,0,0,4,53,23,15,8,0,30,0,29,1,32,4,26,2,0,15,0.79,YES
2,,5571,King Abdullah,King Abdullah district_28,Mixed.,Closed,salsiqami,25-Dec,"December 4, 24","December 4, 24",0.16,0.1,0,0,0,0,5,36,5,3,2,0,31,1,30,0,24,11,10,3,0,3,0.78,YES
2,,4926,Al Namudhajiyah,Al Namudhajiyah district_10000393,Mixed.,Off-Plan,aalosaimi,25-Apr,"January 6, 25","January 6, 25",0.2,0.13,0,0,0,0,5,36,3,0,3,0,33,0,33,0,36,15,13,8,0,0,0.76,0
2,,4804,Moghrazat,Al Mughrazat district_113,Resid.,Open,,,,,0.4,0.27,0,0,0,0,5,50,0,0,0,0,50,1,43,6,70,33,21,16,0,-56,0.75,YES
2,,4844,Al Muruj,Al Muruj district_10000400,Resid.,Open,,,,,0.27,0.18,0,0,0,0,5,48,4,0,4,0,44,0,42,2,49,30,8,11,0,-34,0.75,YES
2,,4949,Al Quds,Al Quds district_78,Resid.,Open,,,,,0.22,0.15,0,0,0,0,5,15,0,0,0,0,15,0,14,1,33,24,6,3,0,-31,0.75,YES
2,,4956,Al Quds,Al Quds district_85,Resid.,Open,,,,,0.48,0.32,0,0,0,0,5,43,0,0,0,0,43,2,38,3,81,52,15,14,0,-67,0.75,YES
2,,4963,Al Quds,Al Quds district_92,Resid.,Open,,,,,0.41,0.27,0,0,0,0,5,31,0,0,0,0,31,1,28,2,71,46,10,15,0,-57,0.75,0
2,,4978,Ar Rabwah,Al Rabwah district_163,Resid.,Open,,,,,0.27,0.18,0,0,0,0,5,43,0,0,0,0,43,1,38,4,43,25,11,7,0,-38,0.75,YES
2,,5062,Al Wahah,Al Wahah district_102,Resid.,Open,,,,,0.67,0.45,0,0,0,0,5,46,0,0,0,0,46,2,41,3,117,78,17,22,0,-94,0.75,0
2,,5302,Al Rawabi,city Riyadh Al Rawabi district_248,Mixed.,Open,,,,,0.26,0.17,0,0,0,0,5,50,0,0,0,0,50,2,42,6,46,21,13,12,0,-36,0.75,0
2,,5343,Al Rayan,city Riyadh Al Rayan district_30,Resid.,Off-Plan,ashuban,25-May,"May 22, 25","May 22, 25",0.27,0.18,0,0,0,0,5,67,44,18,26,0,23,1,20,2,43,27,12,4,0,-38,0.75,YES
2,,5346,Al Rayan,city Riyadh Al Rayan district_33,Resid.,Open,,,,,0.31,0.21,0,0,0,0,5,31,0,0,0,0,31,2,22,7,56,30,11,15,0,-44,0.75,0
2,,5348,Al Rayan,city Riyadh Al Rayan district_35,Resid.,Open,,,,,0.29,0.2,0,0,0,0,5,47,0,0,0,0,47,2,39,6,52,27,13,12,0,-41,0.75,YES
2,,7995,Al Rimal,city Riyadh Al Rimal district_42,Mixed.,Open,,,,,0.45,0.3,0,0,0,0,5,26,0,0,0,0,26,2,23,1,68,58,7,3,0,-63,0.75,0
2,,8827,Dhahrat Laban,city Riyadh Dhahrat Laban district_841,Mixed.,Open,,,,,0.35,0.23,0,0,0,0,5,24,1,0,1,0,23,0,20,3,63,37,10,16,0,-48,0.75,0
2,,8852,Dhahrat Laban,city Riyadh Dhahrat Laban district_866,Resid.,Open,,,,,0.21,0.14,0,0,0,0,5,14,0,0,0,0,14,0,14,0,32,24,5,3,0,-29,0.75,0
2,,8859,Dhahrat Laban,city Riyadh Dhahrat Laban district_873,Resid.,Open,,,,,0.28,0.19,0,0,0,0,5,13,2,0,2,0,11,1,10,0,45,33,7,5,0,-37,0.75,0
2,,8916,Dhahrat Laban,city Riyadh Dhahrat Laban district_930,Mixed.,Open,,,,,0.27,0.18,0,0,0,0,5,18,0,0,0,0,18,1,16,1,45,31,7,7,0,-38,0.75,0
2,,9113,Irqah,city Riyadh Irqah district_1066,Resid.,Open,,,,,0.19,0.13,0,0,0,0,5,21,0,0,0,0,21,0,20,1,35,18,8,9,0,-27,0.75,YES
2,,9256,Namar,city Riyadh Namar district_250,Mixed.,Open,,,,,0.13,0.09,0,0,0,0,5,26,0,0,0,0,26,2,17,7,27,11,8,8,0,-18,0.75,0
2,,5538,Jareer,Jareer district_53,Resid.,Open,,,,,0.63,0.42,0,0,0,0,5,24,0,0,0,0,24,1,18,5,103,77,8,18,0,-88,0.75,YES
2,,10023,King Khalid International Airport,King Khalid International Airport district_10000014,Mixed.,Open,,,,,0.66,0.44,0,0,0,0,5,66,1,0,1,0,65,3,60,2,104,80,14,10,0,-91,0.75,0
2,,8902,Dhahrat Laban,city Riyadh Dhahrat Laban district_916,Resid.,Open,,,,,0.54,0.36,0,0,0,0,5,26,0,0,0,0,26,1,23,2,97,67,7,23,0,0,0.75,0
2,,8904,Dhahrat Laban,city Riyadh Dhahrat Laban district_918,Mixed.,Open,,,,,0.16,0.1,0,0,0,0,5,17,0,0,0,0,17,0,17,0,28,16,6,6,0,0,0.75,0
2,,2873,Al Mathar,Al Mathar district_10000371,Resid.,Open,,,,,0.16,0.1,0,0,0,0,4,44,0,0,0,0,44,1,33,10,38,10,11,17,0,-22,0.72,YES
2,,5360,Al Rayan,city Riyadh Al Rayan district_47,Mixed.,Open,,,,,0.22,0.15,0,0,0,0,4,39,0,0,0,0,39,1,34,4,36,14,14,8,0,-31,0.72,0
2,,9262,Namar,city Riyadh Namar district_256,Resid.,Open,,,,,0.14,0.09,0,0,0,0,4,24,0,0,0,0,24,0,21,3,23,8,8,7,0,-19,0.72,0
2,,4684,Al Izdihar,Al Ezdihar district_58,Resid.,Off-Plan,ashuban,25-Apr,"April 23, 25","April 23, 25",0.76,0.36,0,0,0,0,4,129,57,31,26,0,72,0,70,2,121,44,59,18,0,31,0.72,YES
2,,4795,Moghrazat,Al Mughrazat district_104,Resid.,Off-Plan,ashuban,25-Apr,"April 20, 25","May 11, 25",0.69,0.33,0,0,0,0,4,159,93,27,38,28,66,2,60,4,112,2,63,47,0,27,0.72,YES
2,,4798,Moghrazat,Al Mughrazat district_107,Mixed.,Off-Plan,ashuban,25-Apr,"April 23, 25","April 24, 25",0.71,0.39,0,0,0,0,4,116,48,18,30,0,68,1,57,10,123,40,56,27,0,18,0.72,YES
2,,4862,Al Muruj,Al Muruj district_10000421,Resid.,Off-Plan,ashuban,25-May,"May 4, 25","May 4, 25",0.5,0.26,0,0,0,0,4,69,40,15,25,0,29,1,25,3,85,28,42,15,0,15,0.72,0
2,,4858,Al Muruj,Al Muruj district_10000414,Resid.,Off-Plan,fabdelrahman,25-Mar,"March 23, 25","March 24, 25",1.29,0.64,0,0,0,0,4,221,155,46,42,67,66,0,65,1,180,3,88,89,0,46,0.72,YES
2,,4843,Al Muruj,Al Muruj district_10000399,Mixed.,Off-Plan,surveyor3,25-Apr,"January 2, 25","May 4, 25",0.35,0.19,0,0,0,0,4,79,57,9,30,18,22,1,21,0,65,1,31,33,0,9,0.72,YES
2,,5053,Al Wadi,Al Wadi district_316,Resid.,Off-Plan,ashuban,25-Apr,"April 30, 25","April 30, 25",0.38,0.21,0,0,0,0,4,72,29,8,21,0,43,1,35,7,69,20,33,16,0,8,0.72,YES
2,,7952,Al Rimal,city Riyadh Al Rimal district_35,Com,Open,,,,,0.39,0.25,0,0,0,0,4,22,3,2,1,0,19,1,18,0,58,46,8,4,0,-49,0.7,0
2,,4966,Al Quds,Al Quds district_95,Resid.,Open,,,,,0.29,0.19,0,0,0,0,4,21,0,0,0,0,21,2,17,2,42,33,7,2,0,0,0.67,YES
2,,4968,Al Quds,Al Quds district_97,Resid.,Open,,,,,0.26,0.18,0,0,0,0,4,24,0,0,0,0,24,0,21,3,40,28,6,6,0,0,0.67,YES
2,,5058,Al Wadi,Al Wadi district_7,Mixed.,Off-Plan,fabdelrahman,25-May,"May 22, 25","May 22, 25",0.9,0.6,0,0,0,0,5,90,35,14,21,0,55,2,48,5,139,109,17,13,0,-126,0.65,0
2,,4886,Al Nada,Al Nada district_34,Resid.,Open,,,,,0.3,0.2,0,1,0,0,3,67,0,0,0,0,67,3,59,5,51,15,28,8,0,-42,0.64,0
2,,8825,Dhahrat Laban,city Riyadh Dhahrat Laban district_839,Mixed.,Open,,,,,0.46,0.31,0,2,0,0,3,24,0,0,0,0,24,2,18,4,85,56,9,20,0,-65,0.59,0
2,,5623,North Mathar,North Mathar district_10000211,Resid.,Open,,,,,0,0,0,1,0,0,3,17,0,0,0,0,17,2,14,1,25,13,7,5,0,0,0.59,0
2,,5266,Al Rawabi,city Riyadh Al Rawabi district_212,Resid.,Open,,,,,0.15,0.1,0,0,0,0,4,32,0,0,0,0,32,0,30,2,24,11,9,4,0,-21,0.58,0
2,,5349,Al Rayan,city Riyadh Al Rayan district_36,Resid.,Open,,,,,0.22,0.15,0,0,0,0,4,39,0,0,0,0,39,2,31,6,39,16,14,9,0,-31,0.58,0
2,,5682,New Industrial City,2nd Industrial City district_123,Mixed.,Open,,,,,0.26,0.17,0,0,0,0,4,66,33,0,0,33,33,22,9,2,44,24,7,13,0,-36,0.57,0
2,,5689,New Industrial City,2nd Industrial City district_130,Mixed.,Open,,,,,0.19,0.12,0,0,0,0,4,34,17,0,0,17,17,13,2,2,29,17,10,2,0,-26,0.57,0
2,,4647,Al Andalus,Al Andalus district_108,Resid.,Open,,,,,0.24,0.16,0,0,0,0,4,34,0,0,0,0,34,2,29,3,39,24,10,5,0,-34,0.57,YES
2,,4698,Al Izdihar,Al Ezdihar district_72,Resid.,Open,,,,,0.34,0.22,0,0,0,0,4,27,0,0,0,0,27,0,20,7,67,37,9,21,0,-47,0.57,0
2,,4745,Al Hamra,Al Hamra district_125,Resid.,Open,,,,,0.41,0.27,0,0,0,0,4,30,0,0,0,0,30,1,28,1,66,44,14,8,0,-57,0.57,YES
2,,4764,Al Masyaf,Al Maseef district_10000364,Resid.,Open,,,,,0.44,0.29,0,0,0,0,4,36,0,0,0,0,36,1,31,4,74,49,11,14,0,-61,0.57,YES
2,,4857,Al Muruj,Al Muruj district_10000413,Resid.,Open,,,,,0.46,0.31,0,0,0,0,4,22,0,0,0,0,22,1,21,0,76,57,8,11,0,-65,0.57,YES
2,,4868,Al Nada,Al Nada district_18,Resid.,Open,,,,,0.32,0.21,0,0,0,0,4,51,0,0,0,0,51,3,44,4,54,32,14,8,0,-45,0.57,0
2,,4918,Al Namudhajiyah,Al Namudhajiyah district_10000385,Mixed.,Open,,,,,0.33,0.22,0,0,0,0,4,26,0,0,0,0,26,0,21,5,57,36,7,14,0,-46,0.57,0
2,,6825,Al Qairawan,Al Qirwan district_273,Resid.,Open,,,,,0.22,0.15,0,0,0,0,4,23,0,0,0,0,23,0,21,2,38,25,6,7,0,-31,0.57,YES
2,,6851,Al Qairawan,Al Qirwan district_299,Resid.,Open,,,,,0.22,0.15,0,0,0,0,4,28,0,0,0,0,28,1,26,1,35,25,7,3,0,-31,0.57,YES
2,,4955,Al Quds,Al Quds district_84,Resid.,Open,,,,,0.2,0.13,0,0,0,0,4,18,0,0,0,0,18,1,15,2,35,22,6,7,0,-28,0.57,0
2,,4959,Al Quds,Al Quds district_88,Resid.,Open,,,,,0.28,0.19,0,0,0,0,4,14,0,0,0,0,14,1,10,3,50,34,5,11,0,-39,0.57,YES
2,,4972,Ar Rabwah,Al Rabwah district_12,Resid.,Open,,,,,0.29,0.19,0,0,0,0,4,32,0,0,0,0,32,1,28,3,45,28,11,6,0,-40,0.57,0
2,,5068,Al Zahra,Al Zahra district_10000567,Resid.,Open,,,,,0.56,0.38,0,0,0,0,4,33,0,0,0,0,33,2,26,5,89,65,11,13,0,-79,0.57,YES
2,,4996,Ar Rabwah,Al Rabwah district_32,Resid.,Open,,,,,0.15,0.1,0,0,0,0,4,30,0,0,0,0,30,1,26,3,27,15,6,6,0,-21,0.57,0
2,,5320,Al Rayan,city Riyadh Al Rayan district_12,Resid.,Open,,,,,0.17,0.11,0,0,0,0,4,21,0,0,0,0,21,0,19,2,27,18,4,5,0,-24,0.57,0
2,,8473,Al Zahra,city Riyadh Al Zahrah district_172,Resid.,Open,,,,,0.19,0.12,0,0,0,0,4,17,0,0,0,0,17,1,14,2,28,21,5,2,0,-26,0.57,YES
2,,8823,Dhahrat Laban,city Riyadh Dhahrat Laban district_836,Mixed.,Open,,,,,0.35,0.23,0,0,0,0,4,17,1,0,1,0,16,0,16,0,65,41,8,16,0,-48,0.57,0
2,,8849,Dhahrat Laban,city Riyadh Dhahrat Laban district_863,Mixed.,Open,,,,,0.16,0.11,0,0,0,0,4,14,1,0,1,0,13,0,12,1,27,18,5,4,0,-22,0.57,0
2,,8898,Dhahrat Laban,city Riyadh Dhahrat Laban district_912,Resid.,Open,,,,,0.36,0.24,0,0,0,0,4,12,0,0,0,0,12,1,10,1,63,46,6,11,0,-51,0.57,0
2,,8918,Dhahrat Laban,city Riyadh Dhahrat Laban district_932,Resid.,Open,,,,,0.24,0.16,0,0,0,0,4,22,0,0,0,0,22,1,19,2,43,26,8,9,0,-34,0.57,0
2,,9251,Namar,city Riyadh Namar district_245,Mixed.,Open,,,,,0.38,0.25,0,0,0,0,4,39,0,0,0,0,39,0,32,7,60,38,12,10,0,-53,0.57,0
2,,5434,Olaishah,city Riyadh Olaishah district_1215,Mixed.,Open,,,,,0.21,0.14,0,0,0,0,4,24,0,0,0,0,24,0,21,3,34,19,8,7,0,-29,0.57,YES
2,,5542,King Abdulaziz,King Abdulaziz district_10000006,Mixed.,Open,,,,,0.28,0.19,0,0,0,0,4,30,0,0,0,0,30,4,18,8,52,30,7,15,0,-39,0.57,0
2,,4645,Al Andalus,Al Andalus district_106,Resid.,Open,,,,,0.36,0.24,0,0,0,0,4,25,0,0,0,0,25,2,18,5,70,42,8,20,0,0,0.57,0
2,,4686,Al Izdihar,Al Ezdihar district_60,Resid.,Open,,,,,1.04,0.69,0,0,0,0,4,69,9,3,6,0,60,1,52,7,178,115,31,32,0,0,0.57,YES
2,,8940,Dhahrat Laban,city Riyadh Dhahrat Laban district_954,Resid.,Open,,,,,0.3,0.2,0,0,0,0,4,24,0,0,0,0,24,2,20,2,56,34,8,14,0,0,0.57,0
2,,5597,King Faisal,King Faisal district_138,Resid.,Open,,,,,0.47,0.31,0,0,0,0,4,32,0,0,0,0,32,0,31,1,71,52,14,5,0,0,0.57,YES
2,,4746,Al Hamra,Al Hamra district_126,Resid.,Open,,,,,0.73,0.31,0,0,0,0,3,121,76,37,15,24,45,0,43,2,113,23,55,35,0,-13,0.54,YES
2,,8424,Al Zahra,city Riyadh Al Zahrah district_123,Resid.,Open,,,,,0.08,0.05,0,0,0,0,3,18,0,0,0,0,18,1,16,1,12,5,6,1,0,-11,0.54,0
2,,4761,Al Masyaf,Al Maseef district_10000361,Resid.,Off-Plan,ashuban,25-May,"May 4, 25","May 5, 25",0.38,0.17,0,0,0,0,3,73,38,18,20,0,35,0,33,2,62,15,38,9,0,17,0.54,0
2,,4925,Al Namudhajiyah,Al Namudhajiyah district_10000392,Mixed.,Off-Plan,ashuban,25-Apr,"April 28, 25","April 28, 25",0.13,0.06,0,0,0,0,3,22,9,5,4,0,13,0,11,2,20,4,14,2,0,5,0.54,0
2,,5621,North Mathar,North Mathar district_10000209,Mixed.,Off-Plan,ashuban,25-Apr,"  ","  ",0.11,0,0,0,0,0,3,124,76,18,58,0,48,0,46,2,139,60,70,9,0,16,0.54,0
2,,5646,Al Masyaf,RUH_Levels mall,Mixed.,Off-Plan,ashuban,25-May,"May 4, 25","May 4, 25",0.11,0.06,0,0,0,0,3,38,9,4,5,0,29,0,22,7,27,4,12,11,0,4,0.54,0
2,,4835,Al Muruj,Al Muruj district_10000391,Mixed.,Off-Plan,fabdelrahman,25-Apr,"January 7, 25","April 29, 25",0.63,0.35,0,0,0,0,3,85,38,15,23,0,47,6,36,5,117,42,48,27,0,15,0.54,YES
2,,4846,Al Muruj,Al Muruj district_10000402,Resid.,Off-Plan,fabdelrahman,,"January 7, 25","April 20, 25",0.31,0.14,0,0,0,0,3,54,42,14,19,9,12,0,10,2,52,2,31,19,0,14,0.54,YES
2,,4855,Al Muruj,Al Muruj district_10000411,Mixed.,Off-Plan,fabdelrahman,25-Mar,"March 24, 25","March 24, 25",0.76,0.4,0,0,0,0,3,138,103,22,30,51,35,0,35,0,121,1,55,65,0,22,0.54,YES
2,,4877,Al Nada,Al Nada district_26,Mixed.,Off-Plan,fabdelrahman,25-Apr,"May 1, 25","May 1, 25",0.39,0.18,0,0,0,0,3,70,36,16,20,0,34,0,33,1,63,17,37,9,0,16,0.54,YES
2,,4961,Al Quds,Al Quds district_90,Resid.,Off-Plan,fabdelrahman,25-Apr,"April 27, 25","May 6, 25",0.31,0.13,0,0,0,0,3,63,30,16,14,0,33,2,29,2,47,13,30,4,0,16,0.54,YES
2,,4740,Al Hamra,Al Hamra district_120,Resid.,Off-Plan,aalosaimi,,"May 7, 25","May 7, 25",0.14,0.09,0,0,0,0,3,42,5,0,5,0,37,1,33,3,24,9,10,5,0,0,0.54,0
2,,5042,Al Wadi,Al Wadi district_12,Resid.,Off-Plan,ashuban,25-Apr,"April 30, 25","April 30, 25",0.25,0.13,0,0,0,0,3,47,21,8,13,0,26,0,24,2,42,12,23,7,0,8,0.54,0
2,,8892,Dhahrat Laban,city Riyadh Dhahrat Laban district_906,Resid.,Off-Plan,,,"May 11, 25","May 11, 25",0.21,0.14,0,0,0,0,3,69,39,20,19,0,30,0,27,3,57,9,39,9,0,20,0.54,0
2,,8894,Dhahrat Laban,city Riyadh Dhahrat Laban district_908,Resid.,Off-Plan,,,"February 25, 25","May 11, 25",0.19,0.11,0,0,0,0,3,48,37,20,17,0,11,1,9,1,45,9,32,4,0,17,0.54,0
2,,8893,Dhahrat Laban,city Riyadh Dhahrat Laban district_907,Resid.,Off-Plan,,,"May 11, 25","May 11, 25",0.16,0.11,0,0,0,0,3,45,24,10,14,0,21,2,18,1,43,9,25,9,0,10,0.54,0
2,,5075,Al Zahra,Al Zahra district_10000574,Com,Open,,,,,0.51,0.34,0,0,0,0,3,22,0,0,0,0,22,1,16,5,82,59,8,15,0,-71,0.52,0
2,,5265,Al Rawabi,city Riyadh Al Rawabi district_211,Com,Open,,,,,0.37,0.25,0,0,0,0,3,56,0,0,0,0,56,2,50,4,62,36,16,10,0,-52,0.52,0
2,,5078,Al Zahra,Al Zahra district_10000577,Com,Open,,,,,0.39,0.26,0,0,0,0,3,23,0,0,0,0,23,0,23,0,60,45,9,6,0,-54,0.52,YES
2,,10039,King Khalid International Airport,King Khalid International Airport district_10000030,Com,Open,,,,,0.25,0.17,0,0,0,0,3,13,0,0,0,0,13,0,11,2,44,31,4,9,0,-35,0.52,0
2,,6826,Al Qairawan,Al Qirwan district_274,Resid.,Open,,,,,0.24,0.16,0,1,0,0,3,27,0,0,0,0,27,2,24,1,38,27,7,4,0,-34,0.49,YES
2,,8812,Dhahrat Laban,city Riyadh Dhahrat Laban district_1013,Resid.,Open,,,,,0.12,0.08,0,1,0,0,3,16,0,0,0,0,16,1,14,1,22,14,4,4,0,-17,0.49,0
2,,9143,Irqah,city Riyadh Irqah district_1096,Resid.,Open,,,,,0.09,0.06,0,1,0,0,3,15,0,0,0,0,15,0,13,2,17,8,4,5,0,-12,0.49,0
2,,8879,Dhahrat Laban,city Riyadh Dhahrat Laban district_893,Resid.,Open,,,,,0.34,0.23,0,0,0,0,3,5,0,0,0,0,5,0,5,0,61,44,4,13,0,0,0.49,0
2,,9148,Irqah,city Riyadh Irqah district_1101,Resid.,Open,,,,,0.37,0.25,0,1,0,0,3,42,0,0,0,0,42,1,37,4,71,40,12,19,0,-52,0.49,0
2,,5631,North Mathar,North Mathar district_10000219,Resid.,Open,,,,,0,0,0,0,0,0,3,24,0,0,0,0,24,2,20,2,36,19,9,8,0,0,0.49,0
2,,5366,Al Salam,city Riyadh Al Salam district_269,Resid.,Off-Plan,ashuban,25-May,"May 17, 25","May 17, 25",0.13,0.09,0,0,0,0,4,39,26,12,14,0,13,2,11,0,20,15,5,0,0,-18,0.47,0
2,,5399,Al Salam,city Riyadh Al Salam district_302,Resid.,Off-Plan,ashuban,25-May,"May 17, 25","May 17, 25",0.15,0.1,0,0,0,0,4,58,28,15,13,0,30,0,28,2,23,13,7,3,0,-21,0.47,YES
2,,6828,Al Qairawan,Al Qirwan district_276,Resid.,Open,,,,,0.07,0.05,0,0,0,0,3,9,0,0,0,0,9,1,8,0,13,6,5,2,0,-10,0.47,0
2,,8869,Dhahrat Laban,city Riyadh Dhahrat Laban district_883,Resid.,Open,,,,,0.05,0.03,0,0,0,0,3,14,0,0,0,0,14,0,14,0,8,4,3,1,0,-7,0.47,0
2,,8870,Dhahrat Laban,city Riyadh Dhahrat Laban district_884,Resid.,Open,,,,,0.05,0.03,0,0,0,0,3,8,0,0,0,0,8,1,7,0,10,5,4,1,0,-7,0.47,0
2,,9111,Irqah,city Riyadh Irqah district_1064,Resid.,Open,,,,,0.08,0.05,0,0,0,0,3,14,0,0,0,0,14,0,14,0,13,6,5,2,0,-11,0.47,0
2,,5282,Al Rawabi,city Riyadh Al Rawabi district_228,Mixed.,Open,,,,,0.21,0.14,1,0,0,0,3,24,0,0,0,0,24,2,19,3,35,21,10,4,0,-29,0.46,0
2,,5290,Al Rawabi,city Riyadh Al Rawabi district_236,Mixed.,Open,,,,,0.15,0.1,1,0,0,0,3,24,0,0,0,0,24,0,23,1,25,13,8,4,0,-21,0.46,0
2,,8857,Dhahrat Laban,city Riyadh Dhahrat Laban district_871,Resid.,Open,,,,,0.29,0.2,1,0,0,0,3,9,0,0,0,0,9,0,5,4,58,36,4,18,0,-41,0.46,0
2,,4752,Al Hamra,Al Hamra district_132,Resid.,Open,,,,,0.41,0.2,0,0,0,0,2,79,53,14,21,18,26,1,24,1,70,7,38,25,0,14,0.46,YES
2,,5393,Al Salam,city Riyadh Al Salam district_296,Resid.,Off-Plan,ashuban,25-May,"May 25, 25","May 25, 25",0.13,0.09,0,2,0,0,2,54,31,21,10,0,23,6,12,5,28,11,9,8,0,-18,0.42,0
2,,5610,North Mathar,North Mathar district_10000032,Com,Open,,,,,0,0,0,0,0,0,2,5,0,0,0,0,5,0,4,1,372,260,3,109,0,0,0.44,0
2,,5279,Al Rawabi,city Riyadh Al Rawabi district_225,Resid.,Open,,,,,0.11,0.08,0,0,0,0,3,20,0,0,0,0,20,1,17,2,18,9,7,2,0,-16,0.4,0
2,,5353,Al Rayan,city Riyadh Al Rayan district_40,Resid.,Open,,,,,0.16,0.1,0,0,0,0,3,35,0,0,0,0,35,0,33,2,26,11,9,6,0,-22,0.4,0
2,,4924,Al Namudhajiyah,Al Namudhajiyah district_10000391,Mixed.,Off-Plan,ashuban,25-Apr,"January 5, 25","April 28, 25",0.23,0.14,0,0,0,0,3,50,17,3,14,0,33,0,33,0,40,17,15,8,0,3,0.4,YES
2,,5685,New Industrial City,2nd Industrial City district_126,Mixed.,Open,,,,,0.21,0.14,0,0,0,0,3,42,21,0,0,21,21,19,2,0,32,24,6,2,0,-30,0.39,0
2,,5687,New Industrial City,2nd Industrial City district_128,Mixed.,Open,,,,,0.29,0.19,0,0,0,0,3,74,37,0,0,37,37,33,4,0,40,22,14,4,0,-40,0.39,0
2,,4639,Al Andalus,Al Andalus district_100,Resid.,Open,,,,,0.31,0.21,0,0,0,0,3,32,0,0,0,0,32,1,28,3,48,32,11,5,0,-44,0.39,YES
2,,4651,Al Andalus,Al Andalus district_112,Resid.,Open,,,,,0.21,0.14,0,0,0,0,3,21,0,0,0,0,21,2,18,1,31,22,8,1,0,-29,0.39,YES
2,,4654,Al Andalus,Al Andalus district_115,Resid.,Open,,,,,0.11,0.08,0,0,0,0,3,14,0,0,0,0,14,1,12,1,17,10,6,1,0,-16,0.39,0
2,,4689,Al Izdihar,Al Ezdihar district_63,Resid.,Open,,,,,0.47,0.31,0,0,0,0,3,19,0,0,0,0,19,1,14,4,86,56,9,21,0,-66,0.39,YES
2,,4659,Al Andalus,Al Andalus district_120,Resid.,Open,,,,,0.25,0.17,0,0,0,0,3,13,0,0,0,0,13,1,9,3,39,29,4,6,0,-35,0.39,YES
2,,4695,Al Izdihar,Al Ezdihar district_69,Resid.,Open,,,,,0.3,0.2,0,0,0,0,3,25,0,0,0,0,25,1,20,4,61,33,8,20,0,-42,0.39,0
2,,4779,Al Masyaf,Al Maseef district_10000379,Resid.,Open,,,,,0.7,0.47,0,0,0,0,3,44,0,0,0,0,44,2,35,7,116,79,14,23,0,-98,0.39,YES
2,,4861,Al Muruj,Al Muruj district_10000420,Resid.,Open,,,,,0.52,0.35,0,0,0,0,3,19,0,0,0,0,19,0,18,1,82,66,6,10,0,-73,0.39,YES
2,,4864,Al Muruj,Al Muruj district_10000423,Resid.,Open,,,,,0.35,0.23,0,0,0,0,3,68,0,0,0,0,68,3,43,22,64,33,15,16,0,-49,0.39,YES
2,,4920,Al Namudhajiyah,Al Namudhajiyah district_10000387,Mixed.,Open,,,,,0.27,0.18,0,0,0,0,3,20,0,0,0,0,20,2,16,2,47,32,6,9,0,-38,0.39,0
2,,4977,Ar Rabwah,Al Rabwah district_160,Resid.,Open,,,,,0.1,0.07,0,0,0,0,3,23,0,0,0,0,23,2,16,5,20,9,6,5,0,-14,0.39,0
2,,4989,Ar Rabwah,Al Rabwah district_25,Resid.,Open,,,,,0.26,0.17,0,0,0,0,3,37,0,0,0,0,37,1,33,3,44,26,9,9,0,-36,0.39,0
2,,4999,Ar Rabwah,Al Rabwah district_35,Resid.,Open,,,,,0.11,0.08,0,0,0,0,3,13,0,0,0,0,13,1,11,1,17,11,5,1,0,-16,0.39,0
2,,5004,Ar Rabwah,Al Rabwah district_41,Resid.,Open,,,,,0.21,0.14,0,0,0,0,3,24,0,0,0,0,24,1,20,3,35,25,5,5,0,-30,0.39,0
2,,5016,Al Safa,Al Safa district_55,Resid.,Open,,,,,0.27,0.18,0,0,0,0,3,27,0,0,0,0,27,1,23,3,45,33,4,8,0,-38,0.39,0
2,,5066,Al Zahra,Al Zahra district_10000565,Resid.,Open,,,,,0.45,0.3,0,0,0,0,3,13,0,0,0,0,13,0,11,2,70,55,6,9,0,-63,0.39,YES
2,,5069,Al Zahra,Al Zahra district_10000568,Resid.,Open,,,,,0.28,0.19,0,0,0,0,3,12,0,0,0,0,12,0,8,4,47,31,4,12,0,-39,0.39,YES
2,,5072,Al Zahra,Al Zahra district_10000571,Resid.,Open,,,,,0.17,0.11,0,0,0,0,3,12,0,0,0,0,12,0,11,1,27,20,3,4,0,-24,0.39,0
2,,5187,Al Manar,city Riyadh Al Manar district_48,Mixed.,Off-Plan,ashuban,25-May,"May 20, 25","May 20, 25",0.21,0.14,0,0,0,0,3,53,23,10,13,0,30,1,24,5,35,20,7,8,0,-29,0.39,0
2,,5201,Al Manar,city Riyadh Al Manar district_62,Resid.,Off-Plan,ashuban,25-May,"May 24, 25","May 24, 25",0.08,0.05,0,0,0,0,3,22,11,5,6,0,11,0,11,0,11,8,3,0,0,-11,0.39,0
2,,5267,Al Rawabi,city Riyadh Al Rawabi district_213,Mixed.,Open,,,,,0.25,0.17,0,0,0,0,3,33,1,0,1,0,32,4,24,4,44,21,15,8,0,-34,0.39,YES
2,,5269,Al Rawabi,city Riyadh Al Rawabi district_215,Resid.,Open,,,,,0.16,0.1,0,0,0,0,3,22,0,0,0,0,22,1,19,2,27,14,7,6,0,-22,0.39,YES
2,,5273,Al Rawabi,city Riyadh Al Rawabi district_219,Resid.,Open,,,,,0.19,0.12,0,0,0,0,3,25,0,0,0,0,25,0,25,0,27,19,7,1,0,-26,0.39,YES
2,,5281,Al Rawabi,city Riyadh Al Rawabi district_227,Resid.,Open,,,,,0.25,0.17,0,0,0,0,3,22,0,0,0,0,22,1,15,6,41,28,7,6,0,-35,0.39,YES
2,,5283,Al Rawabi,city Riyadh Al Rawabi district_229,Resid.,Open,,,,,0.24,0.16,0,0,0,0,3,18,0,0,0,0,18,3,12,3,40,29,5,6,0,-34,0.39,YES
2,,5294,Al Rawabi,city Riyadh Al Rawabi district_240,Mixed.,Open,,,,,0.29,0.19,0,0,0,0,3,42,0,0,0,0,42,2,35,5,45,27,13,5,0,-40,0.39,YES
2,,5304,Al Rawabi,city Riyadh Al Rawabi district_250,Mixed.,Off-Plan,ashuban,25-May,"May 22, 25","May 24, 25",0.29,0.2,0,0,0,0,3,113,79,39,40,0,34,1,31,2,47,29,12,6,0,-41,0.39,0
2,,5318,Al Rawabi,city Riyadh Al Rawabi district_561,Resid.,Open,,,,,0.15,0.1,0,0,0,0,3,25,0,0,0,0,25,1,20,4,26,12,7,7,0,-21,0.39,0
2,,5334,Al Rayan,city Riyadh Al Rayan district_21,Mixed.,Off-Plan,ashuban,25-May,"May 21, 25","May 21, 25",0.19,0.12,0,0,0,0,3,52,24,11,13,0,28,0,21,7,34,15,6,13,0,-26,0.39,YES
2,,5352,Al Rayan,city Riyadh Al Rayan district_39,Resid.,Open,,,,,0.19,0.13,0,0,0,0,3,36,0,0,0,0,36,2,30,4,34,17,10,7,0,-27,0.39,YES
2,,7940,Al Rimal,city Riyadh Al Rimal district_333,Mixed.,Open,,,,,0.07,0.05,0,0,0,0,3,16,0,0,0,0,16,0,15,1,10,6,3,1,0,-10,0.39,0
2,,7947,Al Rimal,city Riyadh Al Rimal district_34,Mixed.,Open,,,,,0.26,0.18,0,0,0,0,3,27,0,0,0,0,27,3,21,3,43,30,8,5,0,-37,0.39,0
2,,8035,Al Rimal,city Riyadh Al Rimal district_54,Resid.,Open,,,,,0.18,0.12,0,0,0,0,3,20,0,0,0,0,20,2,17,1,28,22,4,2,0,-25,0.39,0
2,,8432,Al Zahra,city Riyadh Al Zahrah district_131,Resid.,Open,,,,,0.36,0.24,0,0,0,0,3,20,0,0,0,0,20,0,15,5,55,42,4,9,0,-50,0.39,YES
2,,8458,Al Zahra,city Riyadh Al Zahrah district_157,Resid.,Open,,,,,0.14,0.09,0,0,0,0,3,23,0,0,0,0,23,1,16,6,22,11,4,7,0,-19,0.39,YES
2,,8860,Dhahrat Laban,city Riyadh Dhahrat Laban district_874,Mixed.,Open,,,,,0.44,0.3,0,0,0,0,3,13,0,0,0,0,13,0,13,0,75,59,3,13,0,-62,0.39,0
2,,8862,Dhahrat Laban,city Riyadh Dhahrat Laban district_876,Resid.,Open,,,,,0.26,0.18,0,0,0,0,3,17,0,0,0,0,17,1,14,2,44,31,6,7,0,-37,0.39,0
2,,8863,Dhahrat Laban,city Riyadh Dhahrat Laban district_877,Resid.,Open,,,,,0.24,0.16,0,0,0,0,3,6,0,0,0,0,6,0,5,1,41,28,5,8,0,-34,0.39,0
2,,8865,Dhahrat Laban,city Riyadh Dhahrat Laban district_879,Resid.,Open,,,,,0.6,0.4,0,0,0,0,3,14,0,0,0,0,14,0,12,2,103,79,4,20,0,-84,0.39,0
2,,8868,Dhahrat Laban,city Riyadh Dhahrat Laban district_882,Resid.,Open,,,,,0.3,0.2,0,0,0,0,3,24,0,0,0,0,24,1,22,1,44,36,6,2,0,-42,0.39,0
2,,8871,Dhahrat Laban,city Riyadh Dhahrat Laban district_885,Resid.,Open,,,,,0.09,0.06,0,0,0,0,3,7,0,0,0,0,7,1,5,1,15,8,5,2,0,-13,0.39,0
2,,8874,Dhahrat Laban,city Riyadh Dhahrat Laban district_888,Resid.,Open,,,,,0.24,0.16,0,0,0,0,3,11,0,0,0,0,11,0,9,2,43,30,4,9,0,-34,0.39,0
2,,8901,Dhahrat Laban,city Riyadh Dhahrat Laban district_915,Resid.,Open,,,,,0.3,0.2,0,0,0,0,3,13,0,0,0,0,13,1,11,1,50,38,4,8,0,-42,0.39,0
2,,8910,Dhahrat Laban,city Riyadh Dhahrat Laban district_924,Resid.,Open,,,,,0.33,0.22,0,0,0,0,3,14,0,0,0,0,14,1,12,1,56,40,6,10,0,-46,0.39,0
2,,8911,Dhahrat Laban,city Riyadh Dhahrat Laban district_925,Resid.,Open,,,,,0.25,0.17,0,0,0,0,3,10,0,0,0,0,10,0,10,0,39,32,3,4,0,-35,0.39,0
2,,8915,Dhahrat Laban,city Riyadh Dhahrat Laban district_929,Resid.,Open,,,,,0.38,0.25,0,0,0,0,3,12,0,0,0,0,12,1,10,1,62,48,5,9,0,-53,0.39,0
2,,8921,Dhahrat Laban,city Riyadh Dhahrat Laban district_935,Resid.,Open,,,,,0.1,0.07,0,0,0,0,3,10,0,0,0,0,10,1,9,0,18,12,3,3,0,-14,0.39,0
2,,8924,Dhahrat Laban,city Riyadh Dhahrat Laban district_938,Resid.,Open,,,,,0.19,0.12,0,0,0,0,3,13,1,0,1,0,12,0,11,1,32,22,4,6,0,-25,0.39,0
2,,8939,Dhahrat Laban,city Riyadh Dhahrat Laban district_953,Resid.,Open,,,,,0.19,0.13,0,0,0,0,3,8,0,0,0,0,8,0,8,0,29,24,3,2,0,-27,0.39,0
2,,9141,Irqah,city Riyadh Irqah district_1094,Mixed.,Open,,,,,0.48,0.32,0,0,0,0,3,27,0,0,0,0,27,0,23,4,88,54,13,21,0,-67,0.39,YES
2,,9266,Namar,city Riyadh Namar district_260,Resid.,Open,,,,,0.31,0.21,0,0,0,0,3,20,0,0,0,0,20,1,14,5,54,35,7,12,0,-44,0.39,0
2,,9269,Namar,city Riyadh Namar district_263,Mixed.,Open,,,,,0.14,0.09,0,0,0,0,3,32,0,0,0,0,32,0,25,7,27,13,5,9,0,-19,0.39,0
2,,5438,Olaishah,city Riyadh Olaishah district_1219,Mixed.,Open,,,,,0.19,0.12,0,0,0,0,3,13,0,0,0,0,13,0,9,4,34,20,4,10,0,-26,0.39,0
2,,5440,Olaishah,city Riyadh Olaishah district_1267,Resid.,Open,,,,,0.14,0.1,0,0,0,0,3,28,0,0,0,0,28,0,27,1,28,15,5,8,0,-20,0.39,0
2,,5531,Jareer,Jareer district_46,Resid.,Open,,,,,0.31,0.2,0,0,0,0,3,37,0,0,0,0,37,3,24,10,56,30,12,14,0,-43,0.39,YES
2,,5539,Jareer,Jareer district_54,Resid.,Open,,,,,0.64,0.43,0,0,0,0,3,43,0,0,0,0,43,3,34,6,101,78,11,12,0,-90,0.39,YES
2,,5546,King Abdulaziz,King Abdulaziz district_10000010,Indust.,Open,,,,,0.06,0.04,0,0,0,0,3,15,0,0,0,0,15,0,15,0,9,6,3,0,0,-9,0.39,0
2,,5593,King Faisal,King Faisal district_134,Resid.,Open,,,,,0.36,0.24,0,0,0,0,3,36,0,0,0,0,36,1,30,5,55,37,10,8,0,-50,0.39,YES
2,,5604,King Faisal,King Faisal district_145,Resid.,Open,,,,,0.1,0.07,0,0,0,0,3,14,0,0,0,0,14,0,11,3,21,10,4,7,0,-14,0.39,YES
2,,4771,Al Masyaf,Al Maseef district_10000371,Mixed.,Open,,,"May 11, 25","May 12, 25",0.49,0.32,0,0,0,0,3,84,34,21,13,0,50,0,47,3,101,49,40,12,0,21,0.39,0
2,,8938,Dhahrat Laban,city Riyadh Dhahrat Laban district_952,Mixed.,Open,,,,,0.41,0.28,0,0,0,0,3,12,0,0,0,0,12,0,12,0,63,53,5,5,0,0,0.39,0
2,,5619,North Mathar,North Mathar district_10000207,Resid.,Open,,,,,0,0,0,0,0,0,2,6,0,0,0,0,6,0,4,2,11,4,3,4,0,0,0.39,0
2,,4838,Al Muruj,Al Muruj district_10000394,Com,Off-Plan,ashuban,,"May 4, 25","May 4, 25",0.19,0.12,1,0,0,0,1,26,15,1,14,0,11,0,11,0,32,10,17,5,0,1,0.38,0
2,,4865,Al Muruj,Al Muruj district_10000424,Resid.,Open,,,,,0.17,0.11,0,0,0,0,2,29,0,0,0,0,29,6,12,11,39,11,13,15,0,-24,0.36,YES
2,,2869,Al Mathar,Al Mathar district_10000369,Indust.,Open,,,,,0.14,0.09,0,0,0,0,2,32,0,0,0,0,32,0,27,5,31,8,11,12,0,-19,0.36,0
2,,2876,Al Mathar,Al Mathar district_10000373,Resid.,Open,,,,,0.31,0.21,0,0,0,0,2,70,0,0,0,0,70,0,56,14,73,13,31,29,0,-44,0.36,YES
2,,4952,Al Quds,Al Quds district_81,Resid.,Open,,,,,0.06,0.04,0,0,0,0,2,6,0,0,0,0,6,1,4,1,12,4,4,4,0,-8,0.36,0
2,,5223,Al Nasiriyah,city Riyadh Al Nasiriyah district_1240,Mixed.,Open,,,,,0.11,0.07,0,0,0,0,2,21,0,0,0,0,21,1,11,9,19,4,4,11,0,-15,0.36,0
2,,5223,Al Nasiriyah,city Riyadh Al Nasiriyah district_1240,Mixed.,Open,,,,,0.11,0.07,0,0,0,0,2,21,0,0,0,0,21,1,11,9,19,4,4,11,0,-15,0.36,0
2,,5224,Al Nasiriyah,city Riyadh Al Nasiriyah district_1241,Mixed.,Open,,,,,0.06,0.04,0,0,0,0,2,12,0,0,0,0,12,0,9,3,9,3,3,3,0,-8,0.36,0
2,,5270,Al Rawabi,city Riyadh Al Rawabi district_216,Resid.,Open,,,,,0.1,0.07,0,0,0,0,2,29,0,0,0,0,29,0,27,2,17,7,7,3,0,-14,0.36,0
2,,5335,Al Rayan,city Riyadh Al Rayan district_22,Resid.,Open,,,,,0.09,0.06,0,0,0,0,2,9,0,0,0,0,9,0,9,0,15,6,6,3,0,-12,0.36,YES
2,,5336,Al Rayan,city Riyadh Al Rayan district_23,Resid.,Open,,,,,0.08,0.05,0,0,0,0,2,17,0,0,0,0,17,2,12,3,16,3,8,5,0,-11,0.36,0
2,,5437,Olaishah,city Riyadh Olaishah district_1218,Mixed.,Open,,,,,0.08,0.05,0,0,0,0,2,12,0,0,0,0,12,0,12,0,14,5,6,3,0,-11,0.36,0
2,,4799,Moghrazat,Al Mughrazat district_108,Resid.,Off-Plan,ashuban,25-Apr,"April 24, 25","April 24, 25",0.59,0.25,0,0,0,0,2,83,54,31,23,0,29,0,28,1,88,28,54,6,0,31,0.36,YES
2,,4840,Al Muruj,Al Muruj district_10000396,Resid.,Off-Plan,ashuban,25-May,"May 4, 25","May 4, 25",0.44,0.21,0,0,0,0,2,47,36,17,19,0,11,0,8,3,79,28,34,17,0,17,0.36,YES
2,,5614,North Mathar,North Mathar district_10000202,Mixed.,Off-Plan,ashuban,25-Apr,"  ","  ",0.01,0,0,0,0,0,2,52,16,2,14,0,36,0,34,2,48,19,19,10,0,2,0.36,0
2,,8891,Dhahrat Laban,city Riyadh Dhahrat Laban district_905,Mixed.,Off-Plan,,,"February 1, 25","May 11, 25",0.11,0.08,0,0,0,0,2,23,15,4,11,0,8,0,8,0,26,5,15,6,0,4,0.36,0
2,,8895,Dhahrat Laban,city Riyadh Dhahrat Laban district_909,Resid.,Off-Plan,,,"February 1, 25","May 12, 25",0.06,0.04,0,0,0,0,2,25,16,8,8,0,9,2,7,0,23,4,15,4,0,8,0.36,0
2,,8931,Dhahrat Laban,city Riyadh Dhahrat Laban district_945,Resid.,Off-Plan,,,"May 12, 25","May 12, 25",0.23,0.15,0,0,0,0,2,59,43,27,16,0,16,0,16,0,64,16,43,5,0,27,0.36,0
2,,7878,Al Rimal,city Riyadh Al Rimal district_277,Com,Open,,,,,0.14,0.1,0,0,0,0,2,9,0,0,0,0,9,0,7,2,23,17,2,4,0,-20,0.34,0
2,,7962,Al Rimal,city Riyadh Al Rimal district_39,Com,Open,,,,,0.41,0.28,0,0,0,0,2,10,0,0,0,0,10,0,9,1,72,54,4,14,0,-58,0.34,0
2,,5638,Al Wahah,RUH_An Nuzhah 4,Mixed.,Closed,abinsaedan,25-Apr,"May 4, 25","May 4, 25",0.19,0.12,0,0,0,0,3,18,1,1,0,0,17,0,15,2,28,19,6,3,0,0,0.34,YES
2,,5055,Al Wadi,Al Wadi district_4,Resid.,Off-Plan,fabdelrahman,25-May,"May 20, 25","May 20, 25",0.22,0.15,0,4,0,0,1,63,30,13,17,0,33,0,33,0,36,18,13,5,0,-31,0.33,0
2,,2892,Al Mathar,Al Mathar district_10000382,Resid.,Open,,,,,0.06,0.04,2,0,0,0,1,21,0,0,0,0,21,1,16,4,15,3,6,6,0,-9,0.32,0
2,,4848,Al Muruj,Al Muruj district_10000404,Resid.,Open,,,,,0.23,0.15,0,1,0,0,2,17,0,0,0,0,17,0,14,3,44,25,4,15,0,-32,0.31,0
2,,9147,Irqah,city Riyadh Irqah district_1100,Resid.,Open,,,,,0.16,0.11,0,1,0,0,2,15,0,0,0,0,15,0,13,2,30,14,9,7,0,-23,0.31,0
2,,10024,King Khalid International Airport,King Khalid International Airport district_10000015,Com,Open,,,,,0.04,0.03,1,0,0,0,1,15,0,0,0,0,15,0,14,1,7,3,2,2,0,-6,0.31,0
2,,4967,Al Quds,Al Quds district_96,Resid.,Open,,,,,0.23,0.15,0,0,0,0,2,7,0,0,0,0,7,1,4,2,35,28,3,4,0,0,0.31,0
2,,4753,Al Hamra,Al Hamra district_133,Resid.,Closed,fabdelrahman,25-Mar,"March 11, 25","March 16, 25",0.21,0.11,0,0,0,0,2,45,32,5,18,9,13,2,10,1,35,2,18,15,0,5,0.31,0
2,,5553,King Abdullah,King Abdullah district_10,Mixed.,Closed,salsiqami,25-Dec,,,0.03,0.02,0,0,0,0,2,10,0,0,0,0,10,0,10,0,4,2,2,0,0,0,0.31,0
2,,5559,King Abdullah,King Abdullah district_16,Resid.,Closed,salsiqami,25-Dec,"December 1, 24","December 1, 24",0.1,0.07,0,0,0,0,2,29,5,0,5,0,24,0,24,0,18,7,7,4,0,0,0.31,0
2,,5562,King Abdullah,King Abdullah district_19,Mixed.,Closed,salsiqami,25-Dec,"December 1, 24","December 4, 24",0.49,0.24,0,0,0,0,2,175,34,17,17,0,141,1,136,4,58,14,36,8,0,17,0.31,YES
2,,4747,Al Hamra,Al Hamra district_127,Resid.,Closed,surveyor13,25-Mar,"March 16, 25","March 16, 25",0.54,0.22,0,0,0,0,2,92,50,30,11,9,42,0,41,1,59,8,38,13,0,30,0.31,0
2,,5379,Al Salam,city Riyadh Al Salam district_282,Resid.,Off-Plan,ashuban,25-May,"May 17, 25","May 17, 25",0.14,0.09,0,0,0,0,3,51,38,28,10,0,13,0,13,0,19,15,4,0,0,-19,0.29,0
2,,5381,Al Salam,city Riyadh Al Salam district_284,Resid.,Off-Plan,ashuban,25-May,"May 18, 25","May 18, 25",0.1,0.07,0,0,0,0,3,35,17,6,11,0,18,3,13,2,17,9,6,2,0,-14,0.29,0
2,,5046,Al Wadi,Al Wadi district_16,Resid.,Off-Plan,fabdelrahman,25-May,"May 24, 25","May 24, 25",0.27,0.18,0,0,0,0,3,64,24,12,12,0,40,1,34,5,51,28,10,13,0,-38,0.29,YES
2,,5047,Al Wadi,Al Wadi district_17,Resid.,Off-Plan,fabdelrahman,25-May,"May 22, 25","May 24, 25",0.31,0.21,0,0,0,0,3,82,21,10,11,0,61,1,52,8,58,23,20,15,0,-44,0.29,0
2,,5048,Al Wadi,Al Wadi district_18,Resid.,Off-Plan,fabdelrahman,25-May,"May 25, 25","May 25, 25",0.48,0.32,0,0,0,0,3,105,78,54,24,0,27,0,25,2,94,55,11,28,0,-67,0.29,YES
2,,5060,Al Wadi,Al Wadi district_9,Resid.,Off-Plan,fabdelrahman,25-May,"May 26, 25","May 26, 25",0.17,0.11,0,0,0,0,3,39,13,4,9,0,26,1,22,3,30,17,7,6,0,-24,0.29,0
2,,5177,Al Khuzama,city Riyadh Al Khuzama district_1372,Resid.,,,,,,0.14,0.1,0,0,0,0,3,19,0,0,0,0,19,0,19,0,27,16,4,7,0,-20,0.29,0
2,,5355,Al Rayan,city Riyadh Al Rayan district_42,Resid.,Open,,,,,0.14,0.09,0,0,0,0,2,22,0,0,0,0,22,1,17,4,26,9,8,9,0,-19,0.29,0
2,,5371,Al Salam,city Riyadh Al Salam district_274,Resid.,Off-Plan,ashuban,25-May,"May 19, 25","May 19, 25",0.13,0.09,0,0,0,0,3,43,24,15,9,0,19,2,11,6,22,10,4,8,0,-18,0.29,0
2,,9258,Namar,city Riyadh Namar district_252,Resid.,Open,,,,,0.09,0.06,0,0,0,0,2,19,0,0,0,0,19,1,16,2,15,6,5,4,0,-12,0.29,0
2,,5530,Jareer,Jareer district_173,Resid.,Open,,,,,0.1,0.07,0,0,0,0,2,20,0,0,0,0,20,4,9,7,25,7,6,12,0,-14,0.29,0
2,,10038,King Khalid International Airport,King Khalid International Airport district_10000029,Indust.,Open,,,,,0.26,0.17,1,0,0,0,2,27,2,2,0,0,25,1,22,2,41,28,7,6,0,-33,0.28,0
2,,8819,Dhahrat Laban,city Riyadh Dhahrat Laban district_832,Resid.,Open,,,,,0.58,0.35,1,0,0,0,2,45,12,7,5,0,33,0,29,4,92,50,23,19,0,-62,0.28,0
2,,6831,Al Qairawan,Al Qirwan district_279,Resid.,Open,,,,,0.01,0.01,0,0,0,0,1,4,0,0,0,0,4,0,4,0,2,1,1,0,0,-2,0.28,0
2,,5337,Al Rayan,city Riyadh Al Rayan district_24,Resid.,Open,,,,,0.01,0.01,0,0,0,0,1,4,0,0,0,0,4,1,2,1,3,0,2,1,0,-2,0.28,0
2,,8032,Al Rimal,city Riyadh Al Rimal district_52,Resid.,Open,,,,,0.01,0.01,0,0,0,0,1,6,0,0,0,0,6,0,6,0,2,1,1,0,0,-2,0.28,0
2,,9157,Irqah,city Riyadh Irqah district_1110,Mixed.,Open,,,,,0.01,0.01,0,0,0,0,1,1,0,0,0,0,1,0,1,0,2,1,1,0,0,-2,0.28,0
2,,5429,Olaishah,city Riyadh Olaishah district_1210,Resid.,Open,,,,,0.04,0.02,1,0,0,0,1,12,0,0,0,0,12,1,7,4,10,2,3,5,0,-5,0.25,0
2,,5577,King Abdullah,King Abdullah district_6,Indust.,Off-Plan,fabdelrahman,25-Apr,"January 16, 25","April 26, 25",0.06,0.03,1,0,0,0,1,8,2,1,1,0,6,0,5,1,10,4,4,2,0,1,0.25,0
2,,4982,Ar Rabwah,Al Rabwah district_18,Com,Open,,,,,0.1,0.07,1,0,0,0,1,9,0,0,0,0,9,0,7,2,16,10,3,3,0,-14,0.23,0
2,,7898,Al Rimal,city Riyadh Al Rimal district_295,Com,Open,,,,,0.01,0.01,0,0,0,0,0,1,0,0,0,0,1,0,0,1,3,2,0,1,0,-2,0.23,0
2,,7901,Al Rimal,city Riyadh Al Rimal district_298,Com,Open,,,,,0.01,0,0,0,0,0,0,0,0,0,0,0,0,0,0,0,1,1,0,0,0,-1,0.23,0
2,,7905,Al Rimal,city Riyadh Al Rimal district_301,Com,Open,,,,,0.01,0,0,0,0,0,0,1,0,0,0,0,1,0,0,1,2,1,0,1,0,-1,0.23,0
2,,7916,Al Rimal,city Riyadh Al Rimal district_311,Com,Open,,,,,0.01,0,0,0,0,0,0,0,0,0,0,0,0,0,0,0,1,1,0,0,0,-1,0.23,0
2,,4881,Al Nada,Al Nada district_3,Com,Open,,,,,0.01,0,0,0,0,0,0,0,0,0,0,0,0,0,0,0,1,1,0,0,0,-1,0.23,0
2,,5063,Al Wahah,Al Wahah district_97,Com,Open,,,,,0.01,0,0,0,0,0,0,0,0,0,0,0,0,0,0,0,1,1,0,0,0,-1,0.23,0
2,,5136,Assafarat,Assafarat district_10000001,Com,Open,,,,,0.01,0,0,0,0,0,0,0,0,0,0,0,0,0,0,0,1,1,0,0,0,-1,0.23,0
2,,7882,Al Rimal,city Riyadh Al Rimal district_280,Com,Open,,,,,0.01,0,0,0,0,0,0,0,0,0,0,0,0,0,0,0,1,1,0,0,0,-1,0.23,0
2,,7884,Al Rimal,city Riyadh Al Rimal district_282,Com,Open,,,,,0.01,0,0,0,0,0,0,0,0,0,0,0,0,0,0,0,1,1,0,0,0,-1,0.23,0
2,,7885,Al Rimal,city Riyadh Al Rimal district_283,Com,Open,,,,,0.01,0,0,0,0,0,0,0,0,0,0,0,0,0,0,0,1,1,0,0,0,-1,0.23,0
2,,7886,Al Rimal,city Riyadh Al Rimal district_284,Com,Open,,,,,0.01,0.01,0,0,0,0,0,0,0,0,0,0,0,0,0,0,2,2,0,0,0,-2,0.23,0
2,,7887,Al Rimal,city Riyadh Al Rimal district_285,Com,Open,,,,,0.01,0.01,0,0,0,0,0,0,0,0,0,0,0,0,0,0,2,2,0,0,0,-2,0.23,0
2,,7888,Al Rimal,city Riyadh Al Rimal district_286,Com,Open,,,,,0.01,0,0,0,0,0,0,0,0,0,0,0,0,0,0,0,1,1,0,0,0,-1,0.23,0
2,,7889,Al Rimal,city Riyadh Al Rimal district_287,Com,Open,,,,,0.01,0,0,0,0,0,0,0,0,0,0,0,0,0,0,0,1,1,0,0,0,-1,0.23,0
2,,7895,Al Rimal,city Riyadh Al Rimal district_292,Com,Open,,,,,0.01,0,0,0,0,0,0,1,0,0,0,0,1,0,0,1,2,1,0,1,0,-1,0.23,0
2,,7899,Al Rimal,city Riyadh Al Rimal district_296,Com,Open,,,,,0.01,0,0,0,0,0,0,1,0,0,0,0,1,0,0,1,2,1,0,1,0,-1,0.23,0
2,,7912,Al Rimal,city Riyadh Al Rimal district_308,Com,Open,,,,,0.01,0,0,0,0,0,0,0,0,0,0,0,0,0,0,0,2,1,0,1,0,-1,0.23,0
2,,7913,Al Rimal,city Riyadh Al Rimal district_309,Com,Open,,,,,0.01,0,0,0,0,0,0,0,0,0,0,0,0,0,0,0,1,1,0,0,0,-1,0.23,0
2,,7918,Al Rimal,city Riyadh Al Rimal district_313,Com,Open,,,,,0.01,0,0,0,0,0,0,0,0,0,0,0,0,0,0,0,2,1,0,1,0,-1,0.23,0
2,,7927,Al Rimal,city Riyadh Al Rimal district_321,Com,Open,,,,,0.01,0.01,0,0,0,0,0,0,0,0,0,0,0,0,0,0,2,2,0,0,0,-2,0.23,0
2,,7930,Al Rimal,city Riyadh Al Rimal district_324,Com,Open,,,,,0.01,0,0,0,0,0,0,0,0,0,0,0,0,0,0,0,1,1,0,0,0,-1,0.23,0
2,,7933,Al Rimal,city Riyadh Al Rimal district_327,Com,Open,,,,,0.01,0,0,0,0,0,0,1,0,0,0,0,1,0,0,1,2,1,0,1,0,-1,0.23,0
2,,7974,Al Rimal,city Riyadh Al Rimal district_400,Com,Open,,,,,0.01,0,0,0,0,0,0,0,0,0,0,0,0,0,0,0,1,1,0,0,0,-1,0.23,0
2,,7975,Al Rimal,city Riyadh Al Rimal district_401,Com,Open,,,,,0.01,0,0,0,0,0,0,0,0,0,0,0,0,0,0,0,1,1,0,0,0,-1,0.23,0
2,,7977,Al Rimal,city Riyadh Al Rimal district_403,Com,Open,,,,,0.01,0,0,0,0,0,0,0,0,0,0,0,0,0,0,0,1,1,0,0,0,-1,0.23,0
2,,8012,Al Rimal,city Riyadh Al Rimal district_435,Com,Open,,,,,0.01,0.01,0,0,0,0,0,0,0,0,0,0,0,0,0,0,2,2,0,0,0,-2,0.23,0
2,,2858,Al Mathar,Al Mathar district_10000035,Com,Open,,,,,0.01,0.01,0,0,0,0,0,3,0,0,0,0,3,1,1,1,3,1,1,1,0,-2,0.23,0
2,,7879,Al Rimal,city Riyadh Al Rimal district_278,Com,Open,,,,,0,0,0,0,0,0,0,0,0,0,0,0,0,0,0,0,0,0,0,0,0,0,0.23,0
2,,7883,Al Rimal,city Riyadh Al Rimal district_281,Com,Open,,,,,0,0,0,0,0,0,0,0,0,0,0,0,0,0,0,0,0,0,0,0,0,0,0.23,0
2,,7893,Al Rimal,city Riyadh Al Rimal district_290,Com,Open,,,,,0,0,0,0,0,0,0,0,0,0,0,0,0,0,0,0,0,0,0,0,0,0,0.23,0
2,,7897,Al Rimal,city Riyadh Al Rimal district_294,Com,Open,,,,,0.01,0,0,0,0,0,0,3,0,0,0,0,3,1,1,1,2,0,1,1,0,-1,0.23,0
2,,7900,Al Rimal,city Riyadh Al Rimal district_297,Com,Open,,,,,0,0,0,0,0,0,0,0,0,0,0,0,0,0,0,0,0,0,0,0,0,0,0.23,0
2,,7906,Al Rimal,city Riyadh Al Rimal district_302,Com,Open,,,,,0.01,0.01,0,0,0,0,0,3,0,0,0,0,3,1,1,1,3,1,1,1,0,-2,0.23,0
2,,7920,Al Rimal,city Riyadh Al Rimal district_315,Com,Open,,,,,0,0,0,0,0,0,0,0,0,0,0,0,0,0,0,0,0,0,0,0,0,0,0.23,0
2,,7957,Al Rimal,city Riyadh Al Rimal district_385,Com,Open,,,,,0.01,0.01,0,0,0,0,0,5,0,0,0,0,5,0,4,1,2,1,1,0,0,-2,0.23,0
2,,7972,Al Rimal,city Riyadh Al Rimal district_399,Com,Open,,,,,0,0,0,0,0,0,0,0,0,0,0,0,0,0,0,0,0,0,0,0,0,0,0.23,0
2,,7976,Al Rimal,city Riyadh Al Rimal district_402,Com,Open,,,,,0,0,0,0,0,0,0,0,0,0,0,0,0,0,0,0,0,0,0,0,0,0,0.23,0
2,,7978,Al Rimal,city Riyadh Al Rimal district_404,Com,Open,,,,,0,0,0,0,0,0,0,0,0,0,0,0,0,0,0,0,0,0,0,0,0,0,0.23,0
2,,7980,Al Rimal,city Riyadh Al Rimal district_406,Com,Open,,,,,0.01,0.01,0,0,0,0,0,3,0,0,0,0,3,1,1,1,3,1,1,1,0,-2,0.23,0
2,,7996,Al Rimal,city Riyadh Al Rimal district_420,Com,Open,,,,,0,0,0,0,0,0,0,0,0,0,0,0,0,0,0,0,0,0,0,0,0,0,0.23,0
2,,7999,Al Rimal,city Riyadh Al Rimal district_423,Com,Open,,,,,0,0,0,0,0,0,0,0,0,0,0,0,0,0,0,0,0,0,0,0,0,0,0.23,0
2,,8001,Al Rimal,city Riyadh Al Rimal district_425,Com,Open,,,,,0,0,0,0,0,0,0,0,0,0,0,0,0,0,0,0,0,0,0,0,0,0,0.23,0
2,,8004,Al Rimal,city Riyadh Al Rimal district_428,Com,Open,,,,,0,0,0,0,0,0,0,0,0,0,0,0,0,0,0,0,0,0,0,0,0,0,0.23,0
2,,8021,Al Rimal,city Riyadh Al Rimal district_443,Com,Open,,,,,0,0,0,0,0,0,0,1,0,0,0,0,1,0,0,1,1,0,0,1,0,0,0.23,0
2,,9265,Namar,city Riyadh Namar district_259,Resid.,Open,,,,,0.09,0.06,0,0,0,0,2,16,0,0,0,0,16,0,15,1,18,7,5,6,0,-13,0.22,YES
2,,5059,Al Wadi,Al Wadi district_8,Mixed.,Off-Plan,fabdelrahman,25-May,"May 20, 25","May 20, 25",0.53,0.35,0,1,0,0,2,118,61,37,24,0,57,1,49,7,91,53,20,18,0,-74,0.21,YES
2,,5683,New Industrial City,2nd Industrial City district_124,Mixed.,Open,,,,,0.24,0.16,0,0,0,0,2,30,15,0,0,15,15,12,2,1,37,26,6,5,0,-33,0.21,0
2,,5693,New Industrial City,2nd Industrial City district_134,Mixed.,Open,,,,,0.26,0.17,0,0,0,0,2,38,19,0,0,19,19,16,1,2,38,25,12,1,0,-36,0.21,0
2,,4652,Al Andalus,Al Andalus district_113,Resid.,Open,,,,,0.26,0.18,0,0,0,0,2,21,1,0,1,0,20,6,11,3,46,28,13,5,0,-36,0.21,0
2,,4655,Al Andalus,Al Andalus district_116,Resid.,Open,,,,,0.19,0.13,0,0,0,0,2,16,0,0,0,0,16,2,11,3,32,22,5,5,0,-27,0.21,YES
2,,4656,Al Andalus,Al Andalus district_117,Resid.,Open,,,,,0.19,0.13,0,0,0,0,2,17,0,0,0,0,17,1,13,3,30,22,4,4,0,-27,0.21,0
2,,4699,Al Izdihar,Al Ezdihar district_73,Resid.,Open,,,,,0.15,0.1,0,0,0,0,2,18,0,0,0,0,18,0,17,1,24,16,4,4,0,-21,0.21,YES
2,,4748,Al Hamra,Al Hamra district_128,Resid.,Open,,,,,0.34,0.23,0,0,0,0,2,31,1,0,1,0,30,2,22,6,61,43,5,13,0,-47,0.21,0
2,,4765,Al Masyaf,Al Maseef district_10000365,Resid.,Open,,,,,0.39,0.26,0,0,0,0,2,24,0,0,0,0,24,1,21,2,63,50,5,8,0,-55,0.21,YES
2,,4768,Al Masyaf,Al Maseef district_10000368,Mixed.,Open,,,,,0.44,0.3,0,0,0,0,2,24,0,0,0,0,24,0,23,1,81,51,11,19,0,-62,0.21,0
2,,4793,Al Masyaf,Al Maseef district_10000418,Resid.,Open,,,,,0.29,0.19,0,0,0,0,2,22,0,0,0,0,22,1,17,4,51,31,6,14,0,-40,0.21,YES
2,,4850,Al Muruj,Al Muruj district_10000406,Resid.,Open,,,,,0.11,0.08,0,0,0,0,2,18,0,0,0,0,18,1,11,6,27,11,5,11,0,-16,0.21,0
2,,4917,Al Namudhajiyah,Al Namudhajiyah district_10000384,Resid.,Open,,,,,0.26,0.17,0,0,0,0,2,14,1,0,0,1,13,0,13,0,43,30,6,7,0,-36,0.21,YES
2,,6857,Al Qairawan,Al Qirwan district_305,Resid.,Open,,,,,0.18,0.12,0,0,0,0,2,16,0,0,0,0,16,2,10,4,30,20,5,5,0,-25,0.21,YES
2,,6858,Al Qairawan,Al Qirwan district_306,Resid.,Open,,,,,0.11,0.07,0,0,0,0,2,15,0,0,0,0,15,0,13,2,20,13,2,5,0,-15,0.21,0
2,,4953,Al Quds,Al Quds district_82,Resid.,Open,,,,,0.23,0.15,0,0,0,0,2,10,0,0,0,0,10,1,7,2,39,25,7,7,0,-32,0.21,YES
2,,4979,Ar Rabwah,Al Rabwah district_164,Resid.,Open,,,,,0.31,0.2,0,0,0,0,2,29,0,0,0,0,29,1,27,1,49,31,12,6,0,-43,0.21,0
2,,4987,Ar Rabwah,Al Rabwah district_23,Resid.,Open,,,,,0.16,0.11,0,0,0,0,2,21,0,0,0,0,21,1,18,2,26,17,6,3,0,-23,0.21,YES
2,,4993,Ar Rabwah,Al Rabwah district_29,Resid.,Open,,,,,0.3,0.2,0,0,0,0,2,29,0,0,0,0,29,1,27,1,44,29,13,2,0,-42,0.21,0
2,,5010,Ar Rabwah,Al Rabwah district_6,Resid.,Open,,,,,0.25,0.17,0,0,0,0,2,19,0,0,0,0,19,0,18,1,41,28,6,7,0,-35,0.21,0
2,,5015,Al Safa,Al Safa district_167,Mixed.,Open,,,,,0.29,0.2,0,0,0,0,2,22,0,0,0,0,22,0,19,3,48,34,6,8,0,-41,0.21,YES
2,,5067,Al Zahra,Al Zahra district_10000566,Resid.,Open,,,,,0.5,0.33,0,0,0,0,2,18,0,0,0,0,18,0,16,2,73,62,6,5,0,-70,0.21,YES
2,,5188,Al Manar,city Riyadh Al Manar district_49,Resid.,Off-Plan,ashuban,25-May,"May 21, 25","May 21, 25",0.22,0.15,0,0,0,0,2,57,33,13,20,0,24,4,13,7,45,23,7,15,0,-31,0.21,0
2,,5200,Al Manar,city Riyadh Al Manar district_61,Resid.,Off-Plan,ashuban,25-May,"May 24, 25","May 24, 25",0.17,0.11,0,0,0,0,2,40,36,29,7,0,4,0,3,1,24,21,2,1,0,-24,0.21,0
2,,5209,Al Manar,city Riyadh Al Manar district_70,Resid.,Off-Plan,ashuban,25-May,"May 25, 25","May 25, 25",0.16,0.11,0,0,0,0,2,44,37,30,7,0,7,0,5,2,25,19,2,4,0,-23,0.21,YES
2,,5217,Al Nasiriyah,city Riyadh Al Nasiriyah district_1234,Mixed.,Open,,,,,0.12,0.08,0,0,0,0,2,6,0,0,0,0,6,0,5,1,20,13,3,4,0,-17,0.21,YES
2,,5310,Al Rawabi,city Riyadh Al Rawabi district_256,Resid.,Open,,,,,0.2,0.13,0,0,0,0,2,9,0,0,0,0,9,0,8,1,28,25,2,1,0,-28,0.21,YES
2,,5311,Al Rawabi,city Riyadh Al Rawabi district_257,Mixed.,Open,,,,,0.14,0.1,0,0,0,0,2,9,0,0,0,0,9,2,6,1,22,15,6,1,0,-20,0.21,YES
2,,5316,Al Rawabi,city Riyadh Al Rawabi district_262,Mixed.,Open,,,,,0.09,0.06,0,0,0,0,2,13,0,0,0,0,13,0,13,0,12,9,3,0,0,-12,0.21,YES
2,,5329,Al Rayan,city Riyadh Al Rayan district_202,Resid.,Open,,,,,0.26,0.18,0,0,0,0,2,20,0,0,0,0,20,1,16,3,45,27,8,10,0,-37,0.21,YES
2,,5351,Al Rayan,city Riyadh Al Rayan district_38,Resid.,Open,,,,,0.22,0.15,0,0,0,0,2,20,0,0,0,0,20,1,17,2,36,22,8,6,0,-31,0.21,0
2,,7875,Al Rimal,city Riyadh Al Rimal district_25,Resid.,Open,,,,,0.34,0.23,0,0,0,0,2,20,0,0,0,0,20,2,16,2,51,43,5,3,0,-48,0.21,0
2,,7892,Al Rimal,city Riyadh Al Rimal district_29,Mixed.,Open,,,,,0.23,0.15,0,0,0,0,2,19,0,0,0,0,19,0,19,0,36,29,3,4,0,-32,0.21,0
2,,8019,Al Rimal,city Riyadh Al Rimal district_441,Mixed.,Open,,,,,0.08,0.05,0,0,0,0,2,11,0,0,0,0,11,0,9,2,12,7,3,2,0,-11,0.21,0
2,,8030,Al Rimal,city Riyadh Al Rimal district_51,Resid.,Open,,,,,0.44,0.29,0,0,0,0,2,17,0,0,0,0,17,1,14,2,65,56,5,4,0,-61,0.21,0
2,,8039,Al Rimal,city Riyadh Al Rimal district_58,Resid.,Open,,,,,0.24,0.16,0,0,0,0,2,10,0,0,0,0,10,0,10,0,40,32,3,5,0,-34,0.21,0
2,,5373,Al Salam,city Riyadh Al Salam district_276,Mixed.,Open,,,,,0.16,0.11,0,0,0,0,2,7,0,0,0,0,7,0,5,2,25,19,2,4,0,-23,0.21,YES
2,,8425,Al Zahra,city Riyadh Al Zahrah district_124,Resid.,Open,,,,,0.14,0.1,0,0,0,0,2,10,0,0,0,0,10,2,5,3,23,14,5,4,0,-20,0.21,0
2,,8427,Al Zahra,city Riyadh Al Zahrah district_126,Resid.,Open,,,,,0.09,0.06,0,0,0,0,2,6,0,0,0,0,6,2,3,1,15,10,3,2,0,-12,0.21,YES
2,,8429,Al Zahra,city Riyadh Al Zahrah district_128,Resid.,Open,,,,,0.13,0.09,0,0,0,0,2,10,0,0,0,0,10,1,8,1,20,14,4,2,0,-18,0.21,YES
2,,8435,Al Zahra,city Riyadh Al Zahrah district_134,Resid.,Open,,,,,0.07,0.05,0,0,0,0,2,6,0,0,0,0,6,2,3,1,12,8,3,1,0,-10,0.21,0
2,,8436,Al Zahra,city Riyadh Al Zahrah district_135,Resid.,Open,,,,,0.26,0.18,0,0,0,0,2,5,0,0,0,0,5,0,4,1,38,32,4,2,0,-37,0.21,YES
2,,8445,Al Zahra,city Riyadh Al Zahrah district_144,Resid.,Open,,,,,0.07,0.05,0,0,0,0,2,7,0,0,0,0,7,2,4,1,12,7,4,1,0,-10,0.21,0
2,,8449,Al Zahra,city Riyadh Al Zahrah district_148,Resid.,Open,,,,,0.07,0.05,0,0,0,0,2,6,0,0,0,0,6,0,6,0,11,8,2,1,0,-10,0.21,0
2,,8452,Al Zahra,city Riyadh Al Zahrah district_151,Resid.,Open,,,,,0.28,0.19,0,0,0,0,2,11,0,0,0,0,11,1,3,7,44,30,3,11,0,-39,0.21,YES
2,,8826,Dhahrat Laban,city Riyadh Dhahrat Laban district_840,Resid.,Open,,,,,0.23,0.15,0,0,0,0,2,7,0,0,0,0,7,0,7,0,38,30,2,6,0,-32,0.21,0
2,,8906,Dhahrat Laban,city Riyadh Dhahrat Laban district_920,Mixed.,Open,,,,,0.31,0.2,0,0,0,0,2,2,0,0,0,0,2,0,2,0,55,41,2,12,0,-43,0.21,0
2,,8909,Dhahrat Laban,city Riyadh Dhahrat Laban district_923,Resid.,Open,,,,,0.23,0.15,0,0,0,0,2,7,0,0,0,0,7,0,6,1,41,28,3,10,0,-32,0.21,0
2,,8913,Dhahrat Laban,city Riyadh Dhahrat Laban district_927,Resid.,Open,,,,,0.14,0.09,0,0,0,0,2,11,0,0,0,0,11,0,9,2,27,17,2,8,0,-19,0.21,0
2,,8922,Dhahrat Laban,city Riyadh Dhahrat Laban district_936,Resid.,Open,,,,,0.29,0.19,0,0,0,0,2,8,0,0,0,0,8,0,7,1,43,36,4,3,0,-40,0.21,0
2,,8981,Dhahrat Laban,city Riyadh Dhahrat Laban district_999,Resid.,Open,,,,,0.09,0.06,0,0,0,0,2,9,0,0,0,0,9,1,7,1,14,10,3,1,0,-12,0.21,0
2,,9114,Irqah,city Riyadh Irqah district_1067,Resid.,Open,,,,,0.23,0.15,0,0,0,0,2,13,0,0,0,0,13,0,13,0,38,27,5,6,0,-32,0.21,0
2,,5426,Olaishah,city Riyadh Olaishah district_1207,Resid.,Open,,,,,0.13,0.09,0,0,0,0,2,2,0,0,0,0,2,0,2,0,20,16,2,2,0,-18,0.21,0
2,,5427,Olaishah,city Riyadh Olaishah district_1208,Resid.,Open,,,,,0.14,0.09,0,0,0,0,2,12,0,0,0,0,12,1,9,2,22,16,3,3,0,-19,0.21,0
2,,5428,Olaishah,city Riyadh Olaishah district_1209,Mixed.,Open,,,,,0.09,0.06,0,0,0,0,2,16,0,0,0,0,16,0,14,2,15,8,4,3,0,-13,0.21,0
2,,5442,Olaishah,city Riyadh Olaishah district_16,Mixed.,Open,,,,,0.27,0.18,0,0,0,0,2,11,0,0,0,0,11,0,11,0,40,35,3,2,0,-38,0.21,YES
2,,5537,Jareer,Jareer district_52,Resid.,Open,,,,,0.33,0.22,0,0,0,0,2,30,0,0,0,0,30,1,25,4,57,38,7,12,0,-46,0.21,0
2,,5540,Jareer,Jareer district_56,Resid.,Open,,,,,0.14,0.1,0,0,0,0,2,19,0,0,0,0,19,5,10,4,32,15,9,8,0,-20,0.21,0
2,,5541,King Abdulaziz,King Abdulaziz district_10000004,Resid.,Open,,,,,0.89,0.59,0,0,0,0,2,29,0,0,0,0,29,1,24,4,141,115,7,19,0,-124,0.21,0
2,,5583,King Faisal,King Faisal district_124,Resid.,Open,,,,,0.26,0.17,0,0,0,0,2,17,0,0,0,0,17,0,17,0,38,27,9,2,0,-36,0.21,YES
2,,5586,King Faisal,King Faisal district_127,Resid.,Open,,,,,0.28,0.19,0,0,0,0,2,17,0,0,0,0,17,1,14,2,45,32,6,7,0,-39,0.21,YES
2,,5587,King Faisal,King Faisal district_128,Resid.,Open,,,,,0.16,0.11,0,0,0,0,2,13,0,0,0,0,13,1,11,1,25,18,5,2,0,-23,0.21,YES
2,,5595,King Faisal,King Faisal district_136,Resid.,Open,,,,,0.29,0.2,0,0,0,0,2,24,0,0,0,0,24,1,17,6,49,31,8,10,0,-41,0.21,0
2,,5601,King Faisal,King Faisal district_142,Resid.,Open,,,,,0.23,0.15,0,0,0,0,2,20,0,0,0,0,20,0,19,1,32,23,9,0,0,-32,0.21,YES
2,,6872,Al Qairawan,Al Qirwan district_351,Mixed.,Off-Plan,abinsaedan,25-Apr,"April 29, 25","April 29, 25",0.06,0.04,0,0,0,0,2,11,1,0,1,0,10,1,9,0,10,6,3,1,0,0,0.21,0
2,,4640,Al Andalus,Al Andalus district_101,Resid.,Open,,,,,0.2,0.13,0,0,0,0,2,14,0,0,0,0,14,2,8,4,31,20,6,5,0,0,0.21,YES
2,,4854,Al Muruj,Al Muruj district_10000410,Mixed.,Off-Plan,,,"May 10, 25","May 11, 25",0.66,0.44,0,0,0,0,2,64,40,15,25,0,24,0,24,0,136,61,47,28,0,15,0.21,YES
2,,8907,Dhahrat Laban,city Riyadh Dhahrat Laban district_921,Resid.,Open,,,,,0.44,0.29,0,0,0,0,2,8,0,0,0,0,8,0,8,0,71,59,2,10,0,0,0.21,0
2,,8908,Dhahrat Laban,city Riyadh Dhahrat Laban district_922,Resid.,Open,,,,,0.22,0.15,0,0,0,0,2,8,0,0,0,0,8,0,6,2,41,28,2,11,0,0,0.21,0
2,,5590,King Faisal,King Faisal district_131,Resid.,Open,,,,,0.33,0.22,0,0,0,0,2,14,0,0,0,0,14,0,10,4,50,39,5,6,0,0,0.21,YES
2,,5222,Al Nasiriyah,city Riyadh Al Nasiriyah district_1239,Mixed.,Open,,,,,0.09,0.06,1,0,0,0,1,18,0,0,0,0,18,0,15,3,12,5,4,3,0,-12,0.18,0
2,,5545,King Abdulaziz,King Abdulaziz district_10000009,Mixed.,Open,,,,,0.04,0.02,0,0,0,0,1,3,0,0,0,0,3,0,1,2,7,5,0,2,0,-5,0.18,0
2,,2875,Al Mathar,Al Mathar district_10000372,Resid.,Open,,,,,0.04,0.02,0,0,0,0,1,5,0,0,0,0,5,0,3,2,11,1,3,7,0,-5,0.18,0
2,,2878,Al Mathar,Al Mathar district_10000374,Resid.,Open,,,,,0.06,0.04,0,0,0,0,1,10,0,0,0,0,10,0,9,1,12,2,6,4,0,-8,0.18,0
2,,2883,Al Mathar,Al Mathar district_10000377,Resid.,Open,,,,,0.04,0.03,0,0,0,0,1,5,0,0,0,0,5,0,5,0,7,1,5,1,0,-6,0.18,0
2,,2885,Al Mathar,Al Mathar district_10000378,Mixed.,Open,,,,,0.06,0.04,0,0,0,0,1,10,0,0,0,0,10,0,9,1,10,2,7,1,0,-9,0.18,0
2,,2888,Al Mathar,Al Mathar district_10000380,Resid.,Open,,,,,0.03,0.02,0,0,0,0,1,2,0,0,0,0,2,0,2,0,4,2,2,0,0,-4,0.18,0
2,,4916,Al Namudhajiyah,Al Namudhajiyah district_10000046,Mixed.,Open,,,,,0.02,0.01,0,0,0,0,1,5,1,0,0,1,4,0,3,1,6,0,3,3,0,-3,0.18,0
2,,4927,Al Namudhajiyah,Al Namudhajiyah district_10000394,Mixed.,Open,,,,,0.02,0.01,0,0,0,0,1,5,0,0,0,0,5,0,4,1,5,0,3,2,0,-3,0.18,0
2,,6883,Al Qairawan,Al Qirwan district_362,Mixed.,Open,,,,,0.02,0.01,0,0,0,0,1,3,0,0,0,0,3,0,1,2,3,0,1,2,0,-3,0.18,0
2,,5164,Al Fakhriyah,city Riyadh Al Fakhriyah district_1228,Mixed.,Open,,,,,0.04,0.03,0,0,0,0,1,6,0,0,0,0,6,1,3,2,8,3,3,2,0,-6,0.18,0
2,,5274,Al Rawabi,city Riyadh Al Rawabi district_220,Mixed.,Open,,,,,0.05,0.03,0,0,0,0,1,10,0,0,0,0,10,1,6,3,13,3,4,6,0,-7,0.18,0
2,,5296,Al Rawabi,city Riyadh Al Rawabi district_242,Resid.,Open,,,,,0.03,0.02,0,0,0,0,1,6,0,0,0,0,6,0,6,0,6,1,3,2,0,-4,0.18,0
2,,5341,Al Rayan,city Riyadh Al Rayan district_28,Resid.,Open,,,,,0.03,0.02,0,0,0,0,1,5,0,0,0,0,5,1,2,2,8,2,2,4,0,-4,0.18,0
2,,5358,Al Rayan,city Riyadh Al Rayan district_45,Resid.,Open,,,,,0.02,0.01,0,0,0,0,1,4,0,0,0,0,4,0,3,1,5,1,2,2,0,-3,0.18,0
2,,5359,Al Rayan,city Riyadh Al Rayan district_46,Resid.,Open,,,,,0.05,0.03,0,0,0,0,1,10,0,0,0,0,10,3,5,2,10,4,4,2,0,-7,0.18,0
2,,8475,Al Zahra,city Riyadh Al Zahrah district_174,Resid.,Open,,,,,0.03,0.02,0,0,0,0,1,4,0,0,0,0,4,1,2,1,5,2,2,1,0,-4,0.18,0
2,,8837,Dhahrat Laban,city Riyadh Dhahrat Laban district_851,Resid.,Open,,,,,0.06,0.04,0,0,0,0,1,8,2,0,2,0,6,0,6,0,8,4,4,0,0,-6,0.18,0
2,,9249,Namar,city Riyadh Namar district_243,Resid.,Open,,,,,0.04,0.03,0,0,0,0,1,6,0,0,0,0,6,0,5,1,7,3,3,1,0,-6,0.18,0
2,,9257,Namar,city Riyadh Namar district_251,Resid.,Open,,,,,0.02,0.01,0,0,0,0,1,4,0,0,0,0,4,1,2,1,4,1,2,1,0,-3,0.18,0
2,,2890,Al Mathar,Al Mathar district_10000381,Resid.,Off-Plan,aalosaimi,25-Apr,"April 27, 25","April 27, 25",0.06,0.04,0,0,0,0,1,10,4,0,4,0,6,0,4,2,12,3,6,3,0,0,0.18,0
2,,6832,Al Qairawan,Al Qirwan district_280,Resid.,Off-Plan,abinsaedan,25-Apr,"April 30, 25","April 30, 25",0.26,0.06,0,0,0,0,1,31,29,25,4,0,2,1,1,0,39,8,30,1,0,25,0.18,YES
2,,6848,Al Qairawan,Al Qirwan district_296,Resid.,Off-Plan,abinsaedan,25-Apr,"April 29, 25","April 29, 25",0.13,0.05,0,0,0,0,1,22,12,8,4,0,10,0,10,0,20,6,12,2,0,8,0.18,0
2,,6850,Al Qairawan,Al Qirwan district_298,Resid.,Off-Plan,abinsaedan,25-Apr,"April 29, 25","April 29, 25",0.1,0.02,0,0,0,0,1,15,11,9,2,0,4,0,4,0,14,3,10,1,0,9,0.18,0
2,,4797,Moghrazat,Al Mughrazat district_106,Resid.,Off-Plan,ashuban,25-Apr,"March 11, 25","April 24, 25",0.24,0.12,0,0,0,0,1,51,20,9,11,0,31,2,24,5,40,6,22,12,0,9,0.18,YES
2,,4884,Al Nada,Al Nada district_32,Resid.,Off-Plan,fabdelrahman,25-May,"May 1, 25","May 1, 25",0.09,0.05,0,0,0,0,1,19,3,0,3,0,16,2,7,7,19,5,6,8,0,1,0.18,0
2,,4837,Al Muruj,Al Muruj district_10000393,Resid.,Off-Plan,surveyor3,25-Apr,"January 2, 25","May 5, 25",0.31,0.2,0,0,0,0,1,59,47,2,19,26,12,0,12,0,52,0,17,35,0,2,0.18,YES
2,,4741,Al Hamra,Al Hamra district_121,Resid.,Off-Plan,fabdelrahman,,"May 7, 25","May 7, 25",0.06,0.04,0,0,0,0,1,11,4,0,4,0,7,0,5,2,14,3,5,6,0,0,0.18,0
2,,4756,Al Hamra,Al Hamra district_136,Resid.,Off-Plan,fabdelrahman,,"January 26, 25","May 8, 25",0.14,0.1,0,0,0,0,1,29,27,15,12,0,2,0,2,0,41,8,27,6,0,14,0.18,0
2,,8943,Dhahrat Laban,city Riyadh Dhahrat Laban district_960,Resid.,Off-Plan,,,"May 12, 25","May 12, 25",0.12,0.08,0,0,0,0,1,37,28,19,9,0,9,0,9,0,37,8,28,1,0,19,0.18,0
2,,8946,Dhahrat Laban,city Riyadh Dhahrat Laban district_963,Resid.,Off-Plan,,,"May 12, 25","May 12, 25",0.04,0.03,0,0,0,0,1,20,14,10,4,0,6,0,6,0,16,2,14,0,0,10,0.18,0
2,,8950,Dhahrat Laban,city Riyadh Dhahrat Laban district_967,Resid.,Off-Plan,,,"May 12, 25","May 12, 25",0.14,0.1,0,0,0,0,1,54,51,39,12,0,3,0,3,0,61,8,51,2,0,30,0.18,0
2,,7984,Al Rimal,city Riyadh Al Rimal district_41,Com,Open,,,,,0.31,0.21,0,0,0,0,1,17,0,0,0,0,17,0,15,2,49,40,4,5,0,-44,0.16,0
2,,5573,King Abdullah,King Abdullah district_3,Resid.,Closed,aalngedan,25-Dec,,,0.21,0.14,0,0,0,0,2,19,0,0,0,0,19,0,16,3,40,23,7,10,0,0,0.16,0
2,,5612,North Mathar,North Mathar district_10000034,Indust.,Closed,ashuban,25-Apr,"  ","  ",0,0,0,0,0,0,2,12,0,0,0,0,12,1,5,6,21,9,4,8,0,0,0.16,0
2,,9145,Irqah,city Riyadh Irqah district_1098,Resid.,Open,,,,,0.14,0.09,0,3,0,0,0,25,1,0,1,0,24,1,22,1,24,14,6,4,0,-19,0.15,0
2,,6838,Al Qairawan,Al Qirwan district_286,Resid.,Open,,,,,0.1,0.07,0,1,0,0,1,9,0,0,0,0,9,0,8,1,16,11,3,2,0,-14,0.13,YES
2,,8463,Al Zahra,city Riyadh Al Zahrah district_162,Resid.,Open,,,,,0.1,0.07,0,1,0,0,1,8,0,0,0,0,8,2,5,1,17,9,5,3,0,-14,0.13,0
2,,5616,North Mathar,North Mathar district_10000204,Resid.,Open,,,,,0,0,0,0,0,0,1,7,0,0,0,0,7,1,3,3,25,16,3,6,0,0,0.13,0
2,,5620,North Mathar,North Mathar district_10000208,Mixed.,Open,,,,,0,0,0,0,0,0,1,1,0,0,0,0,1,0,1,0,10,8,1,1,0,0,0.13,0
2,,5622,North Mathar,North Mathar district_10000210,Mixed.,Open,,,,,0,0,0,0,0,0,1,15,0,0,0,0,15,1,9,5,103,70,6,27,0,0,0.13,0
2,,7896,Al Rimal,city Riyadh Al Rimal district_293,Com,Open,,,,,0.02,0.01,0,0,0,0,0,0,0,0,0,0,0,0,0,0,3,3,0,0,0,-3,0.13,0
2,,4870,Al Nada,Al Nada district_2,Com,Open,,,,,0.03,0.02,0,0,0,0,0,1,0,0,0,0,1,0,0,1,4,3,0,1,0,-4,0.13,0
2,,7880,Al Rimal,city Riyadh Al Rimal district_279,Com,Open,,,,,0.05,0.03,0,0,0,0,0,0,0,0,0,0,0,0,0,0,7,7,0,0,0,-7,0.13,0
2,,5206,Al Manar,city Riyadh Al Manar district_67,Com,Open,,,,,0.41,0.28,0,0,0,0,0,5,0,0,0,0,5,0,0,5,60,53,0,7,0,-58,0.13,YES
2,,7903,Al Rimal,city Riyadh Al Rimal district_30,Com,Open,,,,,0.11,0.07,0,0,0,0,0,0,0,0,0,0,0,0,0,0,15,15,0,0,0,-15,0.13,0
2,,7894,Al Rimal,city Riyadh Al Rimal district_291,Com,Open,,,,,0.02,0.01,0,0,0,0,0,2,0,0,0,0,2,0,0,2,6,3,0,3,0,-3,0.13,0
2,,7904,Al Rimal,city Riyadh Al Rimal district_300,Com,Open,,,,,0.02,0.01,0,0,0,0,0,0,0,0,0,0,0,0,0,0,3,3,0,0,0,-3,0.13,0
2,,7928,Al Rimal,city Riyadh Al Rimal district_322,Com,Open,,,,,0.03,0.02,0,0,0,0,0,1,0,0,0,0,1,0,0,1,5,4,0,1,0,-4,0.13,0
2,,7941,Al Rimal,city Riyadh Al Rimal district_334,Com,Open,,,,,0.03,0.02,0,0,0,0,0,0,0,0,0,0,0,0,0,0,5,4,0,1,0,-4,0.13,0
2,,7942,Al Rimal,city Riyadh Al Rimal district_335,Com,Open,,,,,0.03,0.02,0,0,0,0,0,0,0,0,0,0,0,0,0,0,5,4,0,1,0,-4,0.13,0
2,,7943,Al Rimal,city Riyadh Al Rimal district_336,Com,Open,,,,,0.03,0.02,0,0,0,0,0,0,0,0,0,0,0,0,0,0,4,4,0,0,0,-4,0.13,0
2,,7979,Al Rimal,city Riyadh Al Rimal district_405,Com,Open,,,,,0.02,0.01,0,0,0,0,0,0,0,0,0,0,0,0,0,0,3,3,0,0,0,-3,0.13,0
2,,7981,Al Rimal,city Riyadh Al Rimal district_407,Com,Open,,,,,0.05,0.03,0,0,0,0,0,0,0,0,0,0,0,0,0,0,7,7,0,0,0,-7,0.13,0
2,,7993,Al Rimal,city Riyadh Al Rimal district_418,Com,Open,,,,,0.03,0.02,0,0,0,0,0,0,0,0,0,0,0,0,0,0,4,4,0,0,0,-4,0.13,0
2,,8027,Al Rimal,city Riyadh Al Rimal district_48,Com,Open,,,,,0.36,0.24,0,0,0,0,0,2,0,0,0,0,2,0,1,1,63,50,0,13,0,-50,0.13,0
2,,8029,Al Rimal,city Riyadh Al Rimal district_50,Com,Open,,,,,0.4,0.27,0,0,0,0,0,0,0,0,0,0,0,0,0,0,63,56,0,7,0,-56,0.13,0
2,,5563,King Abdullah,King Abdullah district_20,Indust.,Closed,salsiqami,25-Dec,,,0.01,0,0,0,0,0,1,3,0,0,0,0,3,0,3,0,1,0,1,0,0,0,0.13,0
2,,5574,King Abdullah,King Abdullah district_30,Mixed.,Closed,salsiqami,25-Dec,"December 4, 24","December 4, 24",0.04,0.03,0,0,0,0,1,9,2,0,2,0,7,0,7,0,6,3,3,0,0,0,0.13,YES
2,,7902,Al Rimal,city Riyadh Al Rimal district_299,Com,Off-Plan,fabdelrahman,25-May,,,0.01,0.01,0,0,0,0,0,0,0,0,0,0,0,0,0,0,2,2,0,0,0,0,0.13,0
2,,8003,Al Rimal,city Riyadh Al Rimal district_427,Com,Open,,,,,0.03,0.02,0,0,0,0,0,4,0,0,0,0,4,1,2,1,5,2,2,1,0,-4,0.13,0
2,,6833,Al Qairawan,Al Qirwan district_281,Com,Off-Plan,abinsaedan,25-Apr,"April 30, 25","April 30, 25",0.16,0.07,0,0,0,0,0,34,14,9,5,0,20,0,17,3,28,4,18,6,0,9,0.13,0
2,,7911,Al Rimal,city Riyadh Al Rimal district_307,Com,Off-Plan,fabdelrahman,25-May,"May 6, 25","May 6, 25",0.01,0.01,0,0,0,0,0,5,5,4,1,0,0,0,0,0,6,1,5,0,0,4,0.13,0
2,,8829,Dhahrat Laban,city Riyadh Dhahrat Laban district_843,Mixed.,Open,,,,,0.09,0.06,1,0,0,0,1,13,0,0,0,0,13,2,8,3,16,7,5,4,0,-12,0.11,0
2,,5040,Al Wadi,Al Wadi district_10,Resid.,Off-Plan,fabdelrahman,25-May,"May 26, 25","May 26, 25",0.3,0.2,0,0,0,0,2,54,33,16,17,0,21,0,18,3,53,30,10,13,0,-42,0.11,YES
2,,5368,Al Salam,city Riyadh Al Salam district_271,Resid.,Off-Plan,ashuban,25-May,"May 18, 25","May 18, 25",0.27,0.18,0,0,0,0,2,79,57,40,17,0,22,1,14,7,43,29,5,9,0,-38,0.11,0
2,,5372,Al Salam,city Riyadh Al Salam district_275,Resid.,Off-Plan,ashuban,25-May,"May 19, 25","May 19, 25",0.09,0.06,0,0,0,0,2,23,12,9,3,0,11,0,9,2,15,9,2,4,0,-13,0.11,0
2,,5380,Al Salam,city Riyadh Al Salam district_283,Resid.,Off-Plan,ashuban,25-May,"May 19, 25","May 19, 25",0.17,0.11,0,0,0,0,2,51,37,24,13,0,14,0,11,3,25,19,2,4,0,-24,0.11,0
2,,5391,Al Salam,city Riyadh Al Salam district_294,Mixed.,Off-Plan,ashuban,25-May,"May 19, 25","May 19, 25",0.17,0.11,0,0,0,0,2,38,26,14,12,0,12,1,9,2,28,20,3,5,0,-24,0.11,YES
2,,4882,Al Nada,Al Nada district_30,Resid.,Open,,,,,0.04,0.03,0,0,0,0,1,7,1,1,0,0,6,0,4,2,11,4,3,4,0,-6,0.11,0
2,,4919,Al Namudhajiyah,Al Namudhajiyah district_10000386,Mixed.,Open,,,,,0.02,0.01,0,0,0,0,1,2,1,0,0,1,1,0,1,0,5,2,1,2,0,-3,0.11,0
2,,5049,Al Wadi,Al Wadi district_19,Resid.,Off-Plan,fabdelrahman,25-May,"May 26, 25","May 26, 25",0.27,0.18,0,0,0,0,2,35,21,11,10,0,14,0,14,0,43,32,6,5,0,-38,0.11,0
2,,5285,Al Rawabi,city Riyadh Al Rawabi district_231,Resid.,Open,,,,,0.05,0.03,0,0,0,0,1,5,0,0,0,0,5,1,3,1,10,4,3,3,0,-7,0.11,YES
2,,5295,Al Rawabi,city Riyadh Al Rawabi district_241,Mixed.,Open,,,,,0.04,0.02,0,0,0,0,1,4,0,0,0,0,4,1,2,1,6,3,2,1,0,-5,0.11,0
2,,5303,Al Rawabi,city Riyadh Al Rawabi district_249,Mixed.,Off-Plan,ashuban,25-May,"May 22, 25","May 22, 25",0.06,0.04,0,0,0,0,1,8,1,0,1,0,7,0,5,2,14,5,4,5,0,-9,0.11,YES
2,,10037,King Khalid International Airport,King Khalid International Airport district_10000028,Mixed.,Open,,,,,0.02,0.01,0,0,0,0,1,1,0,0,0,0,1,0,1,0,3,2,1,0,0,-3,0.11,0
2,,4997,Ar Rabwah,Al Rabwah district_33,Resid.,Open,,,,,0.06,0.04,1,0,0,0,1,3,0,0,0,0,3,0,3,0,8,6,2,0,0,-8,0.1,0
2,,10021,King Khalid International Airport,King Khalid International Airport district_10000012,Mixed.,Open,,,,,0.3,0.2,1,0,0,0,1,40,1,1,0,0,39,0,37,2,47,31,10,6,0,-40,0.1,0
2,,7872,Al Rimal,city Riyadh Al Rimal district_22,Mixed.,Open,,,,,0.01,0.01,0,0,0,0,0,1,0,0,0,0,1,0,0,1,3,2,0,1,0,-2,0.1,0
2,,4644,Al Andalus,Al Andalus district_105,Resid.,Open,,,,,0.01,0,0,0,0,0,0,0,0,0,0,0,0,0,0,0,1,1,0,0,0,-1,0.1,0
2,,4871,Al Nada,Al Nada district_20,Resid.,Open,,,,,0.01,0.01,0,0,0,0,0,1,0,0,0,0,1,0,0,1,3,2,0,1,0,-2,0.1,0
2,,4872,Al Nada,Al Nada district_21,Resid.,Open,,,,,0.01,0,0,0,0,0,0,1,0,0,0,0,1,1,0,0,1,1,0,0,0,-1,0.1,0
2,,4874,Al Nada,Al Nada district_23,Resid.,Open,,,,,0.01,0.01,0,0,0,0,0,0,0,0,0,0,0,0,0,0,3,2,0,1,0,-2,0.1,0
2,,6821,Al Qairawan,Al Qirwan district_1,Mixed.,Open,,,,,0.01,0,0,0,0,0,0,0,0,0,0,0,0,0,0,0,1,1,0,0,0,-1,0.1,0
2,,6835,Al Qairawan,Al Qirwan district_283,Resid.,Open,,,,,0.01,0,0,0,0,0,0,0,0,0,0,0,0,0,0,0,1,1,0,0,0,-1,0.1,0
2,,6849,Al Qairawan,Al Qirwan district_297,Resid.,Open,,,,,0.01,0,0,0,0,0,0,0,0,0,0,0,0,0,0,0,1,1,0,0,0,-1,0.1,0
2,,6859,Al Qairawan,Al Qirwan district_307,Resid.,Open,,,,,0.01,0,0,0,0,0,0,0,0,0,0,0,0,0,0,0,2,1,0,1,0,-1,0.1,0
2,,6874,Al Qairawan,Al Qirwan district_353,Indust.,Open,,,,,0.01,0.01,0,0,0,0,0,0,0,0,0,0,0,0,0,0,2,2,0,0,0,-2,0.1,0
2,,6876,Al Qairawan,Al Qirwan district_355,Indust.,Open,,,,,0.01,0,0,0,0,0,0,0,0,0,0,0,0,0,0,0,2,1,0,1,0,-1,0.1,0
2,,6881,Al Qairawan,Al Qirwan district_360,Indust.,Open,,,,,0.01,0,0,0,0,0,0,0,0,0,0,0,0,0,0,0,1,1,0,0,0,-1,0.1,0
2,,5158,Al Fakhriyah,city Riyadh Al Fakhriyah district_1222,Resid.,Open,,,,,0.01,0,0,0,0,0,0,0,0,0,0,0,0,0,0,0,2,1,0,1,0,-1,0.1,0
2,,5161,Al Fakhriyah,city Riyadh Al Fakhriyah district_1225,Resid.,Open,,,,,0.01,0,0,0,0,0,0,1,0,0,0,0,1,0,0,1,2,1,0,1,0,-1,0.1,0
2,,5162,Al Fakhriyah,city Riyadh Al Fakhriyah district_1226,Resid.,Open,,,,,0.01,0.01,0,0,0,0,0,0,0,0,0,0,0,0,0,0,2,2,0,0,0,-2,0.1,0
2,,5181,Al Khuzama,city Riyadh Al Khuzama district_1376,Resid.,Open,,,,,0.01,0,0,0,0,0,0,0,0,0,0,0,0,0,0,0,4,1,0,3,0,-1,0.1,0
2,,5196,Al Manar,city Riyadh Al Manar district_57,Resid.,Open,,,,,0.01,0,0,0,0,0,0,0,0,0,0,0,0,0,0,0,2,1,0,1,0,-1,0.1,0
2,,5225,Al Nasiriyah,city Riyadh Al Nasiriyah district_1242,Mixed.,Open,,,,,0.01,0.01,0,0,0,0,0,0,0,0,0,0,0,0,0,0,3,2,0,1,0,-2,0.1,0
2,,5280,Al Rawabi,city Riyadh Al Rawabi district_226,Resid.,Open,,,,,0.01,0,0,0,0,0,0,0,0,0,0,0,0,0,0,0,1,1,0,0,0,-1,0.1,0
2,,5312,Al Rawabi,city Riyadh Al Rawabi district_258,Mixed.,Open,,,,,0.01,0.01,0,0,0,0,0,0,0,0,0,0,0,0,0,0,2,2,0,0,0,-2,0.1,0
2,,5328,Al Rayan,city Riyadh Al Rayan district_20,Resid.,Open,,,,,0.01,0.01,0,0,0,0,0,0,0,0,0,0,0,0,0,0,2,2,0,0,0,-2,0.1,0
2,,5331,Al Rayan,city Riyadh Al Rayan district_204,Resid.,Open,,,,,0.01,0,0,0,0,0,0,0,0,0,0,0,0,0,0,0,1,1,0,0,0,-1,0.1,0
2,,7922,Al Rimal,city Riyadh Al Rimal district_317,Mixed.,Open,,,,,0.01,0.01,0,0,0,0,0,0,0,0,0,0,0,0,0,0,2,2,0,0,0,-2,0.1,0
2,,7891,Al Rimal,city Riyadh Al Rimal district_289,Mixed.,Open,,,,,0.01,0.01,0,0,0,0,0,0,0,0,0,0,0,0,0,0,2,2,0,0,0,-2,0.1,0
2,,7924,Al Rimal,city Riyadh Al Rimal district_319,Mixed.,Open,,,,,0.01,0,0,0,0,0,0,0,0,0,0,0,0,0,0,0,1,1,0,0,0,-1,0.1,0
2,,7926,Al Rimal,city Riyadh Al Rimal district_320,Mixed.,Open,,,,,0.01,0,0,0,0,0,0,1,0,0,0,0,1,0,0,1,2,1,0,1,0,-1,0.1,0
2,,7931,Al Rimal,city Riyadh Al Rimal district_325,Mixed.,Open,,,,,0.01,0,0,0,0,0,0,0,0,0,0,0,0,0,0,0,1,1,0,0,0,-1,0.1,0
2,,7938,Al Rimal,city Riyadh Al Rimal district_331,Resid.,Open,,,,,0.01,0.01,0,0,0,0,0,0,0,0,0,0,0,0,0,0,3,2,0,1,0,-2,0.1,0
2,,7946,Al Rimal,city Riyadh Al Rimal district_339,Mixed.,Open,,,,,0.01,0,0,0,0,0,0,0,0,0,0,0,0,0,0,0,1,1,0,0,0,-1,0.1,0
2,,7948,Al Rimal,city Riyadh Al Rimal district_340,Mixed.,Open,,,,,0.01,0.01,0,0,0,0,0,0,0,0,0,0,0,0,0,0,2,2,0,0,0,-2,0.1,0
2,,7951,Al Rimal,city Riyadh Al Rimal district_343,Mixed.,Open,,,,,0.01,0,0,0,0,0,0,0,0,0,0,0,0,0,0,0,1,1,0,0,0,-1,0.1,0
2,,7958,Al Rimal,city Riyadh Al Rimal district_386,Mixed.,Open,,,,,0.01,0,0,0,0,0,0,0,0,0,0,0,0,0,0,0,1,1,0,0,0,-1,0.1,0
2,,7963,Al Rimal,city Riyadh Al Rimal district_390,Mixed.,Open,,,,,0.01,0,0,0,0,0,0,0,0,0,0,0,0,0,0,0,1,1,0,0,0,-1,0.1,0
2,,7966,Al Rimal,city Riyadh Al Rimal district_393,Mixed.,Open,,,,,0.01,0.01,0,0,0,0,0,0,0,0,0,0,0,0,0,0,2,2,0,0,0,-2,0.1,0
2,,7970,Al Rimal,city Riyadh Al Rimal district_397,Mixed.,Open,,,,,0.01,0,0,0,0,0,0,0,0,0,0,0,0,0,0,0,1,1,0,0,0,-1,0.1,0
2,,7982,Al Rimal,city Riyadh Al Rimal district_408,Mixed.,Open,,,,,0.01,0,0,0,0,0,0,0,0,0,0,0,0,0,0,0,1,1,0,0,0,-1,0.1,0
2,,7986,Al Rimal,city Riyadh Al Rimal district_411,Mixed.,Open,,,,,0.01,0,0,0,0,0,0,0,0,0,0,0,0,0,0,0,1,1,0,0,0,-1,0.1,0
2,,7988,Al Rimal,city Riyadh Al Rimal district_413,Mixed.,Open,,,,,0.01,0,0,0,0,0,0,0,0,0,0,0,0,0,0,0,1,1,0,0,0,-1,0.1,0
2,,7991,Al Rimal,city Riyadh Al Rimal district_416,Mixed.,Open,,,,,0.01,0,0,0,0,0,0,0,0,0,0,0,0,0,0,0,1,1,0,0,0,-1,0.1,0
2,,8017,Al Rimal,city Riyadh Al Rimal district_44,Resid.,Open,,,,,0.01,0,0,0,0,0,0,0,0,0,0,0,0,0,0,0,1,1,0,0,0,-1,0.1,0
2,,8040,Al Rimal,city Riyadh Al Rimal district_59,Resid.,Open,,,,,0.01,0,0,0,0,0,0,0,0,0,0,0,0,0,0,0,2,1,0,1,0,-1,0.1,0
2,,8042,Al Rimal,city Riyadh Al Rimal district_61,Resid.,Open,,,,,0.01,0,0,0,0,0,0,0,0,0,0,0,0,0,0,0,1,1,0,0,0,-1,0.1,0
2,,5375,Al Salam,city Riyadh Al Salam district_278,Resid.,Open,,,,,0.01,0.01,0,0,0,0,0,0,0,0,0,0,0,0,0,0,3,2,0,1,0,-2,0.1,0
2,,5390,Al Salam,city Riyadh Al Salam district_293,Resid.,Open,,,,,0.01,0.01,0,0,0,0,0,0,0,0,0,0,0,0,0,0,2,2,0,0,0,-2,0.1,0
2,,5377,Al Salam,city Riyadh Al Salam district_280,Resid.,Open,,,,,0.01,0.01,0,0,0,0,0,0,0,0,0,0,0,0,0,0,2,2,0,0,0,-2,0.1,0
2,,8431,Al Zahra,city Riyadh Al Zahrah district_130,Resid.,Open,,,,,0.01,0,0,0,0,0,0,0,0,0,0,0,0,0,0,0,1,1,0,0,0,-1,0.1,0
2,,5394,Al Salam,city Riyadh Al Salam district_297,Resid.,Open,,,,,0.01,0,0,0,0,0,0,0,0,0,0,0,0,0,0,0,1,1,0,0,0,-1,0.1,0
2,,8434,Al Zahra,city Riyadh Al Zahrah district_133,Resid.,Open,,,,,0.01,0.01,0,0,0,0,0,0,0,0,0,0,0,0,0,0,2,2,0,0,0,-2,0.1,0
2,,8450,Al Zahra,city Riyadh Al Zahrah district_149,Resid.,Open,,,,,0.01,0.01,0,0,0,0,0,0,0,0,0,0,0,0,0,0,2,2,0,0,0,-2,0.1,0
2,,8471,Al Zahra,city Riyadh Al Zahrah district_170,Resid.,Open,,,,,0.01,0.01,0,0,0,0,0,0,0,0,0,0,0,0,0,0,2,2,0,0,0,-2,0.1,0
2,,8803,Dhahrat Laban,city Riyadh Dhahrat Laban district_1004,Resid.,Open,,,,,0.01,0.01,0,0,0,0,0,0,0,0,0,0,0,0,0,0,2,2,0,0,0,-2,0.1,0
2,,8807,Dhahrat Laban,city Riyadh Dhahrat Laban district_1008,Resid.,Open,,,,,0.01,0,0,0,0,0,0,0,0,0,0,0,0,0,0,0,1,1,0,0,0,-1,0.1,0
2,,8816,Dhahrat Laban,city Riyadh Dhahrat Laban district_1017,Resid.,Open,,,,,0.01,0.01,0,0,0,0,0,0,0,0,0,0,0,0,0,0,2,2,0,0,0,-2,0.1,0
2,,8817,Dhahrat Laban,city Riyadh Dhahrat Laban district_1018,Resid.,Open,,,,,0.01,0.01,0,0,0,0,0,1,0,0,0,0,1,0,0,1,3,2,0,1,0,-2,0.1,0
2,,8821,Dhahrat Laban,city Riyadh Dhahrat Laban district_834,Resid.,Open,,,,,0.01,0,0,0,0,0,0,0,0,0,0,0,0,0,0,0,1,1,0,0,0,-1,0.1,0
2,,8828,Dhahrat Laban,city Riyadh Dhahrat Laban district_842,Resid.,Open,,,,,0.01,0,0,0,0,0,0,1,0,0,0,0,1,0,0,1,2,1,0,1,0,-1,0.1,0
2,,8889,Dhahrat Laban,city Riyadh Dhahrat Laban district_903,Resid.,Open,,,,,0.01,0,0,0,0,0,0,0,0,0,0,0,0,0,0,0,1,1,0,0,0,-1,0.1,0
2,,8980,Dhahrat Laban,city Riyadh Dhahrat Laban district_998,Resid.,Open,,,,,0.01,0.01,0,0,0,0,0,0,0,0,0,0,0,0,0,0,2,2,0,0,0,-2,0.1,0
2,,9125,Irqah,city Riyadh Irqah district_1078,Resid.,Open,,,,,0.01,0.01,0,0,0,0,0,0,0,0,0,0,0,0,0,0,2,2,0,0,0,-2,0.1,0
2,,9127,Irqah,city Riyadh Irqah district_1080,Resid.,Open,,,,,0.01,0,0,0,0,0,0,0,0,0,0,0,0,0,0,0,1,1,0,0,0,-1,0.1,0
2,,9136,Irqah,city Riyadh Irqah district_1089,Resid.,Open,,,,,0.01,0.01,0,0,0,0,0,0,0,0,0,0,0,0,0,0,2,2,0,0,0,-2,0.1,0
2,,9150,Irqah,city Riyadh Irqah district_1103,Resid.,Open,,,,,0.01,0.01,0,0,0,0,0,0,0,0,0,0,0,0,0,0,2,2,0,0,0,-2,0.1,0
2,,9154,Irqah,city Riyadh Irqah district_1107,Mixed.,Open,,,,,0.01,0.01,0,0,0,0,0,1,0,0,0,0,1,0,0,1,3,2,0,1,0,-2,0.1,0
2,,9160,Irqah,city Riyadh Irqah district_1113,Resid.,Open,,,,,0.01,0.01,0,0,0,0,0,0,0,0,0,0,0,0,0,0,2,2,0,0,0,-2,0.1,0
2,,9255,Namar,city Riyadh Namar district_249,Mixed.,Open,,,,,0.01,0,0,0,0,0,0,0,0,0,0,0,0,0,0,0,1,1,0,0,0,-1,0.1,0
2,,5432,Olaishah,city Riyadh Olaishah district_1213,Resid.,Open,,,,,0.01,0,0,0,0,0,0,0,0,0,0,0,0,0,0,0,1,1,0,0,0,-1,0.1,0
2,,5439,Olaishah,city Riyadh Olaishah district_1266,Resid.,Open,,,,,0.01,0.01,0,0,0,0,0,0,0,0,0,0,0,0,0,0,2,2,0,0,0,-2,0.1,0
2,,5547,King Abdulaziz,King Abdulaziz district_10000011,Mixed.,Open,,,,,0.01,0,0,0,0,0,0,0,0,0,0,0,0,0,0,0,1,1,0,0,0,-1,0.1,0
2,,10014,King Khalid International Airport,King Khalid International Airport district_10000002,Resid.,Open,,,,,0.01,0,0,0,0,0,0,0,0,0,0,0,0,0,0,0,1,1,0,0,0,-1,0.1,0
2,,10015,King Khalid International Airport,King Khalid International Airport district_10000003,Resid.,Open,,,,,0.01,0.01,0,0,0,0,0,0,0,0,0,0,0,0,0,0,2,2,0,0,0,-2,0.1,0
2,,10028,King Khalid International Airport,King Khalid International Airport district_10000019,Resid.,Open,,,,,0.01,0,0,0,0,0,0,3,0,0,0,0,3,1,0,2,3,1,0,2,0,-1,0.1,0
2,,10032,King Khalid International Airport,King Khalid International Airport district_10000023,,Open,,,,,0.01,0,0,0,0,0,0,0,0,0,0,0,0,0,0,0,1,1,0,0,0,-1,0.1,0
2,,10045,King Khalid International Airport,King Khalid International Airport district_10000036,Resid.,Open,,,,,0.01,0,0,0,0,0,0,0,0,0,0,0,0,0,0,0,1,1,0,0,0,-1,0.1,0
2,,10054,King Khalid International Airport,King Khalid International Airport district_10000045,Resid.,Open,,,,,0.01,0.01,0,0,0,0,0,0,0,0,0,0,0,0,0,0,2,2,0,0,0,-2,0.1,0
2,,10055,King Khalid International Airport,King Khalid International Airport district_10000047,Resid.,Open,,,,,0.01,0,0,0,0,0,0,0,0,0,0,0,0,0,0,0,1,1,0,0,0,-1,0.1,0
2,,10056,King Khalid International Airport,King Khalid International Airport district_10000048,Resid.,Open,,,,,0.01,0,0,0,0,0,0,0,0,0,0,0,0,0,0,0,1,1,0,0,0,-1,0.1,0
2,,5624,North Mathar,North Mathar district_10000212,Resid.,Open,,,,,0,0,0,0,0,0,0,0,0,0,0,0,0,0,0,0,8,6,0,2,0,0,0.1,0
2,,5626,North Mathar,North Mathar district_10000214,Resid.,Open,,,,,0,0,0,0,0,0,0,0,0,0,0,0,0,0,0,0,4,3,0,1,0,0,0.1,0
2,,5634,King Abdulaziz,RUH_Alamabani Old Airport Office,Mixed.,Open,,,,,0.01,0,0,0,0,0,0,2,0,0,0,0,2,0,0,2,3,1,0,2,0,-1,0.1,0
2,,4618,Al Wahah,RUH_Janeen,Resid.,Open,,,,,0.01,0.01,0,0,0,0,0,0,0,0,0,0,0,0,0,0,3,2,0,1,0,-2,0.1,0
2,,7915,Al Rimal,city Riyadh Al Rimal district_310,Mixed.,Open,,,,,0,0,0,0,0,0,0,0,0,0,0,0,0,0,0,0,0,0,0,0,0,0,0.1,0
2,,4749,Al Hamra,Al Hamra district_129,Mixed.,Open,,,,,0.01,0,0,0,0,0,0,3,0,0,0,0,3,1,1,1,2,0,1,1,0,-1,0.1,0
2,,7919,Al Rimal,city Riyadh Al Rimal district_314,Mixed.,Open,,,,,0,0,0,0,0,0,0,0,0,0,0,0,0,0,0,0,0,0,0,0,0,0,0.1,0
2,,4783,Al Masyaf,Al Maseef district_10000383,Resid.,Open,,,,,0.01,0.01,0,0,0,0,0,1,0,0,0,0,1,0,1,0,2,1,1,0,0,-2,0.1,0
2,,4784,Al Masyaf,Al Maseef district_10000384,Resid.,Open,,,,,0.01,0,0,0,0,0,0,3,0,0,0,0,3,0,2,1,3,0,2,1,0,-1,0.1,0
2,,2895,Al Mathar,Al Mathar district_10000383,Mixed.,Open,,,,,0,0,0,0,0,0,0,2,0,0,0,0,2,0,0,2,1,0,0,1,0,0,0.1,0
2,,4883,Al Nada,Al Nada district_31,Resid.,Open,,,,,0.01,0.01,0,0,0,0,0,3,0,0,0,0,3,0,3,0,3,1,1,1,0,-2,0.1,0
2,,6842,Al Qairawan,Al Qirwan district_290,Resid.,Open,,,,,0.01,0.01,0,0,0,0,0,1,0,0,0,0,1,0,1,0,2,1,1,0,0,-2,0.1,0
2,,6844,Al Qairawan,Al Qirwan district_292,Resid.,Open,,,,,0.01,0.01,0,0,0,0,0,4,0,0,0,0,4,1,1,2,4,1,1,2,0,-2,0.1,0
2,,6845,Al Qairawan,Al Qirwan district_293,Resid.,Open,,,,,0,0,0,0,0,0,0,0,0,0,0,0,0,0,0,0,0,0,0,0,0,0,0.1,0
2,,6846,Al Qairawan,Al Qirwan district_294,Resid.,Open,,,,,0,0,0,0,0,0,0,0,0,0,0,0,0,0,0,0,1,0,0,1,0,0,0.1,0
2,,6861,Al Qairawan,Al Qirwan district_309,Resid.,Open,,,,,0,0,0,0,0,0,0,0,0,0,0,0,0,0,0,0,0,0,0,0,0,0,0.1,0
2,,6864,Al Qairawan,Al Qirwan district_312,Resid.,Open,,,,,0.01,0,0,0,0,0,0,3,0,0,0,0,3,1,1,1,2,0,1,1,0,-1,0.1,0
2,,6866,Al Qairawan,Al Qirwan district_314,Resid.,Open,,,,,0,0,0,0,0,0,0,0,0,0,0,0,0,0,0,0,0,0,0,0,0,0,0.1,0
2,,6868,Al Qairawan,Al Qirwan district_316,Resid.,Open,,,,,0,0,0,0,0,0,0,0,0,0,0,0,0,0,0,0,0,0,0,0,0,0,0.1,0
2,,6870,Al Qairawan,Al Qirwan district_349,Indust.,Open,,,,,0,0,0,0,0,0,0,0,0,0,0,0,0,0,0,0,0,0,0,0,0,0,0.1,0
2,,6880,Al Qairawan,Al Qirwan district_359,Mixed.,Open,,,,,0,0,0,0,0,0,0,0,0,0,0,0,0,0,0,0,0,0,0,0,0,0,0.1,0
2,,6882,Al Qairawan,Al Qirwan district_361,Mixed.,Open,,,,,0.01,0.01,0,0,0,0,0,2,0,0,0,0,2,0,0,2,2,0,0,2,0,-2,0.1,0
2,,6886,Al Qairawan,Al Qirwan district_386,Mixed.,Open,,,,,0,0,0,0,0,0,0,0,0,0,0,0,0,0,0,0,0,0,0,0,0,0,0.1,0
2,,6885,Al Qairawan,Al Qirwan district_364,Mixed.,Open,,,,,0,0,0,0,0,0,0,0,0,0,0,0,0,0,0,0,0,0,0,0,0,0,0.1,0
2,,6888,Al Qairawan,Al Qirwan district_8,Indust.,Open,,,,,0,0,0,0,0,0,0,0,0,0,0,0,0,0,0,0,0,0,0,0,0,0,0.1,0
2,,5013,Ar Rabwah,Al Rabwah district_9,Resid.,Open,,,,,0.01,0.01,0,0,0,0,0,6,0,0,0,0,6,0,6,0,3,0,2,1,0,-2,0.1,0
2,,5160,Al Fakhriyah,city Riyadh Al Fakhriyah district_1224,Resid.,Open,,,,,0.01,0,0,0,0,0,0,4,0,0,0,0,4,1,1,2,3,0,1,2,0,-1,0.1,0
2,,5219,Al Nasiriyah,city Riyadh Al Nasiriyah district_1236,Mixed.,Open,,,,,0,0,0,0,0,0,0,0,0,0,0,0,0,0,0,0,0,0,0,0,0,0,0.1,0
2,,5271,Al Rawabi,city Riyadh Al Rawabi district_217,Resid.,Open,,,,,0.01,0.01,0,0,0,0,0,3,0,0,0,0,3,1,1,1,3,1,1,1,0,-2,0.1,0
2,,5284,Al Rawabi,city Riyadh Al Rawabi district_230,Resid.,Open,,,,,0,0,0,0,0,0,0,0,0,0,0,0,0,0,0,0,0,0,0,0,0,0,0.1,0
2,,5306,Al Rawabi,city Riyadh Al Rawabi district_252,Mixed.,Open,,,,,0,0,0,0,0,0,0,0,0,0,0,0,0,0,0,0,0,0,0,0,0,0,0.1,0
2,,5307,Al Rawabi,city Riyadh Al Rawabi district_253,Resid.,Open,,,,,0.01,0,0,0,0,0,0,3,0,0,0,0,3,1,1,1,2,0,1,1,0,-1,0.1,0
2,,5313,Al Rawabi,city Riyadh Al Rawabi district_259,Resid.,Open,,,,,0.01,0,0,0,0,0,0,3,0,0,0,0,3,1,1,1,2,0,1,1,0,-1,0.1,0
2,,5315,Al Rawabi,city Riyadh Al Rawabi district_261,Mixed.,Open,,,,,0,0,0,0,0,0,0,0,0,0,0,0,0,0,0,0,0,0,0,0,0,0,0.1,0
2,,5325,Al Rayan,city Riyadh Al Rayan district_17,Resid.,Open,,,,,0,0,0,0,0,0,0,0,0,0,0,0,0,0,0,0,0,0,0,0,0,0,0.1,0
2,,5332,Al Rayan,city Riyadh Al Rayan district_205,Resid.,Open,,,,,0.01,0.01,0,0,0,0,0,3,0,0,0,0,3,1,1,1,3,1,1,1,0,-2,0.1,0
2,,7865,Al Rimal,city Riyadh Al Rimal district_10,Mixed.,Open,,,,,0.01,0,0,0,0,0,0,3,0,0,0,0,3,1,1,1,2,0,1,1,0,-1,0.1,0
2,,7866,Al Rimal,city Riyadh Al Rimal district_11,Mixed.,Open,,,,,0,0,0,0,0,0,0,0,0,0,0,0,0,0,0,0,0,0,0,0,0,0,0.1,0
2,,7873,Al Rimal,city Riyadh Al Rimal district_23,Resid.,Open,,,,,0,0,0,0,0,0,0,0,0,0,0,0,0,0,0,0,0,0,0,0,0,0,0.1,0
2,,7917,Al Rimal,city Riyadh Al Rimal district_312,Mixed.,Open,,,,,0,0,0,0,0,0,0,0,0,0,0,0,0,0,0,0,0,0,0,0,0,0,0.1,0
2,,7921,Al Rimal,city Riyadh Al Rimal district_316,Mixed.,Open,,,,,0,0,0,0,0,0,0,0,0,0,0,0,0,0,0,0,0,0,0,0,0,0,0.1,0
2,,7929,Al Rimal,city Riyadh Al Rimal district_323,Mixed.,Open,,,,,0.01,0,0,0,0,0,0,3,0,0,0,0,3,0,3,0,1,0,1,0,0,-1,0.1,0
2,,7934,Al Rimal,city Riyadh Al Rimal district_328,Mixed.,Open,,,,,0,0,0,0,0,0,0,0,0,0,0,0,0,0,0,0,0,0,0,0,0,0,0.1,0
2,,7935,Al Rimal,city Riyadh Al Rimal district_329,Resid.,Open,,,,,0,0,0,0,0,0,0,0,0,0,0,0,0,0,0,0,0,0,0,0,0,0,0.1,0
2,,7949,Al Rimal,city Riyadh Al Rimal district_341,Mixed.,Open,,,,,0.01,0,0,0,0,0,0,2,0,0,0,0,2,0,0,2,2,0,0,2,0,-1,0.1,0
2,,7950,Al Rimal,city Riyadh Al Rimal district_342,Mixed.,Open,,,,,0,0,0,0,0,0,0,0,0,0,0,0,0,0,0,0,0,0,0,0,0,0,0.1,0
2,,7953,Al Rimal,city Riyadh Al Rimal district_36,Resid.,Open,,,,,0.01,0.01,0,0,0,0,0,3,0,0,0,0,3,1,1,1,3,1,1,1,0,-2,0.1,0
2,,7959,Al Rimal,city Riyadh Al Rimal district_387,Mixed.,Open,,,,,0,0,0,0,0,0,0,1,0,0,0,0,1,0,0,1,1,0,0,1,0,0,0.1,0
2,,7961,Al Rimal,city Riyadh Al Rimal district_389,Mixed.,Open,,,,,0,0,0,0,0,0,0,0,0,0,0,0,0,0,0,0,0,0,0,0,0,0,0.1,0
2,,7964,Al Rimal,city Riyadh Al Rimal district_391,Mixed.,Open,,,,,0.01,0,0,0,0,0,0,3,0,0,0,0,3,1,1,1,2,0,1,1,0,-1,0.1,0
2,,7965,Al Rimal,city Riyadh Al Rimal district_392,Mixed.,Open,,,,,0,0,0,0,0,0,0,0,0,0,0,0,0,0,0,0,0,0,0,0,0,0,0.1,0
2,,7969,Al Rimal,city Riyadh Al Rimal district_396,Resid.,Open,,,,,0.01,0.01,0,0,0,0,0,3,0,0,0,0,3,1,1,1,3,1,1,1,0,-2,0.1,0
2,,7971,Al Rimal,city Riyadh Al Rimal district_398,Resid.,Open,,,,,0.01,0,0,0,0,0,0,3,0,0,0,0,3,1,1,1,2,0,1,1,0,-1,0.1,0
2,,7990,Al Rimal,city Riyadh Al Rimal district_415,Mixed.,Open,,,,,0.01,0,0,0,0,0,0,3,0,0,0,0,3,1,1,1,2,0,1,1,0,-1,0.1,0
2,,7997,Al Rimal,city Riyadh Al Rimal district_421,Mixed.,Open,,,,,0,0,0,0,0,0,0,0,0,0,0,0,0,0,0,0,0,0,0,0,0,0,0.1,0
2,,7998,Al Rimal,city Riyadh Al Rimal district_422,Mixed.,Open,,,,,0,0,0,0,0,0,0,0,0,0,0,0,0,0,0,0,0,0,0,0,0,0,0.1,0
2,,8000,Al Rimal,city Riyadh Al Rimal district_424,Mixed.,Open,,,,,0,0,0,0,0,0,0,0,0,0,0,0,0,0,0,0,0,0,0,0,0,0,0.1,0
2,,8013,Al Rimal,city Riyadh Al Rimal district_436,Resid.,Open,,,,,0,0,0,0,0,0,0,0,0,0,0,0,0,0,0,0,0,0,0,0,0,0,0.1,0
2,,8014,Al Rimal,city Riyadh Al Rimal district_437,Resid.,Open,,,,,0,0,0,0,0,0,0,0,0,0,0,0,0,0,0,0,0,0,0,0,0,0,0.1,0
2,,8015,Al Rimal,city Riyadh Al Rimal district_438,Resid.,Open,,,,,0,0,0,0,0,0,0,0,0,0,0,0,0,0,0,0,0,0,0,0,0,0,0.1,0
2,,8016,Al Rimal,city Riyadh Al Rimal district_439,Resid.,Open,,,,,0,0,0,0,0,0,0,0,0,0,0,0,0,0,0,0,0,0,0,0,0,0,0.1,0
2,,8020,Al Rimal,city Riyadh Al Rimal district_442,Mixed.,Open,,,,,0.01,0,0,0,0,0,0,1,0,0,0,0,1,0,1,0,1,0,1,0,0,-1,0.1,0
2,,8022,Al Rimal,city Riyadh Al Rimal district_444,Mixed.,Open,,,,,0,0,0,0,0,0,0,0,0,0,0,0,0,0,0,0,0,0,0,0,0,0,0.1,0
2,,8023,Al Rimal,city Riyadh Al Rimal district_445,Mixed.,Open,,,,,0,0,0,0,0,0,0,0,0,0,0,0,0,0,0,0,0,0,0,0,0,0,0.1,0
2,,8031,Al Rimal,city Riyadh Al Rimal district_518,Mixed.,Open,,,,,0,0,0,0,0,0,0,0,0,0,0,0,0,0,0,0,0,0,0,0,0,0,0.1,0
2,,8044,Al Rimal,city Riyadh Al Rimal district_7,Mixed.,Open,,,,,0,0,0,0,0,0,0,0,0,0,0,0,0,0,0,0,0,0,0,0,0,0,0.1,0
2,,8045,Al Rimal,city Riyadh Al Rimal district_8,Mixed.,Open,,,,,0,0,0,0,0,0,0,0,0,0,0,0,0,0,0,0,0,0,0,0,0,0,0.1,0
2,,5402,Al Salam,city Riyadh Al Salam district_310,Resid.,Open,,,,,0,0,0,0,0,0,0,0,0,0,0,0,0,0,0,0,0,0,0,0,0,0,0.1,0
2,,8469,Al Zahra,city Riyadh Al Zahrah district_168,Resid.,Open,,,,,0.01,0.01,0,0,0,0,0,3,0,0,0,0,3,1,1,1,3,1,1,1,0,-2,0.1,0
2,,8474,Al Zahra,city Riyadh Al Zahrah district_173,Resid.,Open,,,,,0,0,0,0,0,0,0,0,0,0,0,0,0,0,0,0,0,0,0,0,0,0,0.1,0
2,,8805,Dhahrat Laban,city Riyadh Dhahrat Laban district_1006,Resid.,Open,,,,,0.01,0.01,0,0,0,0,0,3,0,0,0,0,3,1,1,1,3,1,1,1,0,-2,0.1,0
2,,8815,Dhahrat Laban,city Riyadh Dhahrat Laban district_1016,Resid.,Open,,,,,0,0,0,0,0,0,0,0,0,0,0,0,0,0,0,0,0,0,0,0,0,0,0.1,0
2,,8884,Dhahrat Laban,city Riyadh Dhahrat Laban district_898,Resid.,Open,,,,,0,0,0,0,0,0,0,0,0,0,0,0,0,0,0,0,1,0,0,1,0,0,0.1,0
2,,8945,Dhahrat Laban,city Riyadh Dhahrat Laban district_962,Resid.,Open,,,,,0,0,0,0,0,0,0,0,0,0,0,0,0,0,0,0,0,0,0,0,0,0,0.1,0
2,,8949,Dhahrat Laban,city Riyadh Dhahrat Laban district_966,Resid.,Open,,,,,0.01,0,0,0,0,0,0,3,0,0,0,0,3,1,1,1,2,0,1,1,0,-1,0.1,0
2,,8954,Dhahrat Laban,city Riyadh Dhahrat Laban district_971,Resid.,Open,,,,,0,0,0,0,0,0,0,0,0,0,0,0,0,0,0,0,0,0,0,0,0,0,0.1,0
2,,8956,Dhahrat Laban,city Riyadh Dhahrat Laban district_973,Resid.,Open,,,,,0,0,0,0,0,0,0,0,0,0,0,0,0,0,0,0,0,0,0,0,0,0,0.1,0
2,,8961,Dhahrat Laban,city Riyadh Dhahrat Laban district_978,Resid.,Open,,,,,0,0,0,0,0,0,0,0,0,0,0,0,0,0,0,0,0,0,0,0,0,0,0.1,0
2,,8957,Dhahrat Laban,city Riyadh Dhahrat Laban district_974,Resid.,Open,,,,,0.01,0.01,0,0,0,0,0,3,0,0,0,0,3,1,1,1,3,1,1,1,0,-2,0.1,0
2,,8962,Dhahrat Laban,city Riyadh Dhahrat Laban district_979,Resid.,Open,,,,,0,0,0,0,0,0,0,0,0,0,0,0,0,0,0,0,0,0,0,0,0,0,0.1,0
2,,8963,Dhahrat Laban,city Riyadh Dhahrat Laban district_980,Resid.,Open,,,,,0,0,0,0,0,0,0,0,0,0,0,0,0,0,0,0,0,0,0,0,0,0,0.1,0
2,,8966,Dhahrat Laban,city Riyadh Dhahrat Laban district_983,Resid.,Open,,,,,0,0,0,0,0,0,0,0,0,0,0,0,0,0,0,0,0,0,0,0,0,0,0.1,0
2,,9165,Irqah,city Riyadh Irqah district_1118,Mixed.,Open,,,,,0.01,0,0,0,0,0,0,1,0,0,0,0,1,0,0,1,1,0,0,1,0,-1,0.1,0
2,,9245,Namar,city Riyadh Namar district_239,Resid.,Open,,,,,0.01,0.01,0,0,0,0,0,4,0,0,0,0,4,1,2,1,6,0,2,4,0,-2,0.1,0
2,,10013,King Khalid International Airport,King Khalid International Airport district_10000001,Indust.,Open,,,,,0,0,0,0,0,0,0,1,0,0,0,0,1,0,0,1,1,0,0,1,0,0,0.1,0
2,,10017,King Khalid International Airport,King Khalid International Airport district_10000008,Indust.,Open,,,,,0.05,0.02,0,0,0,0,0,15,3,2,1,0,12,5,6,1,13,3,6,4,0,-2,0.1,0
2,,10027,King Khalid International Airport,King Khalid International Airport district_10000018,Resid.,Open,,,,,0.01,0,0,0,0,0,0,1,0,0,0,0,1,0,0,1,1,0,0,1,0,-1,0.1,0
2,,10030,King Khalid International Airport,King Khalid International Airport district_10000021,,Open,,,,,0,0,0,0,0,0,0,0,0,0,0,0,0,0,0,0,0,0,0,0,0,0,0.1,0
2,,10031,King Khalid International Airport,King Khalid International Airport district_10000022,,Open,,,,,0,0,0,0,0,0,0,0,0,0,0,0,0,0,0,0,0,0,0,0,0,0,0.1,0
2,,10033,King Khalid International Airport,King Khalid International Airport district_10000024,,Open,,,,,0,0,0,0,0,0,0,0,0,0,0,0,0,0,0,0,0,0,0,0,0,0,0.1,0
2,,10034,King Khalid International Airport,King Khalid International Airport district_10000025,,Open,,,,,0,0,0,0,0,0,0,0,0,0,0,0,0,0,0,0,0,0,0,0,0,0,0.1,0
2,,10035,King Khalid International Airport,King Khalid International Airport district_10000026,,Open,,,,,0,0,0,0,0,0,0,0,0,0,0,0,0,0,0,0,0,0,0,0,0,0,0.1,0
2,,10036,King Khalid International Airport,King Khalid International Airport district_10000027,,Open,,,,,0,0,0,0,0,0,0,0,0,0,0,0,0,0,0,0,0,0,0,0,0,0,0.1,0
2,,10041,King Khalid International Airport,King Khalid International Airport district_10000032,Resid.,Open,,,,,0,0,0,0,0,0,0,0,0,0,0,0,0,0,0,0,0,0,0,0,0,0,0.1,0
2,,10042,King Khalid International Airport,King Khalid International Airport district_10000033,Resid.,Open,,,,,0,0,0,0,0,0,0,0,0,0,0,0,0,0,0,0,0,0,0,0,0,0,0.1,0
2,,10043,King Khalid International Airport,King Khalid International Airport district_10000034,Resid.,Open,,,,,0,0,0,0,0,0,0,0,0,0,0,0,0,0,0,0,0,0,0,0,0,0,0.1,0
2,,10044,King Khalid International Airport,King Khalid International Airport district_10000035,Resid.,Open,,,,,0,0,0,0,0,0,0,0,0,0,0,0,0,0,0,0,0,0,0,0,0,0,0.1,0
2,,10046,King Khalid International Airport,King Khalid International Airport district_10000037,Resid.,Open,,,,,0,0,0,0,0,0,0,0,0,0,0,0,0,0,0,0,0,0,0,0,0,0,0.1,0
2,,10047,King Khalid International Airport,King Khalid International Airport district_10000038,Resid.,Open,,,,,0,0,0,0,0,0,0,0,0,0,0,0,0,0,0,0,0,0,0,0,0,0,0.1,0
2,,10048,King Khalid International Airport,King Khalid International Airport district_10000039,Resid.,Open,,,,,0,0,0,0,0,0,0,0,0,0,0,0,0,0,0,0,0,0,0,0,0,0,0.1,0
2,,10049,King Khalid International Airport,King Khalid International Airport district_10000040,Resid.,Open,,,,,0,0,0,0,0,0,0,0,0,0,0,0,0,0,0,0,0,0,0,0,0,0,0.1,0
2,,10050,King Khalid International Airport,King Khalid International Airport district_10000041,Resid.,Open,,,,,0,0,0,0,0,0,0,0,0,0,0,0,0,0,0,0,0,0,0,0,0,0,0.1,0
2,,10051,King Khalid International Airport,King Khalid International Airport district_10000042,Resid.,Open,,,,,0,0,0,0,0,0,0,0,0,0,0,0,0,0,0,0,0,0,0,0,0,0,0.1,0
2,,10052,King Khalid International Airport,King Khalid International Airport district_10000043,Resid.,Open,,,,,0,0,0,0,0,0,0,0,0,0,0,0,0,0,0,0,0,0,0,0,0,0,0.1,0
2,,10053,King Khalid International Airport,King Khalid International Airport district_10000044,Mixed.,Open,,,,,0,0,0,0,0,0,0,0,0,0,0,0,0,0,0,0,0,0,0,0,0,0,0.1,0
2,,10058,King Khalid International Airport,King Khalid International Airport district_10000050,Resid.,Open,,,,,0,0,0,0,0,0,0,0,0,0,0,0,0,0,0,0,0,0,0,0,0,0,0.1,0
2,,10059,King Khalid International Airport,King Khalid International Airport district_10000051,Resid.,Open,,,,,0,0,0,0,0,0,0,0,0,0,0,0,0,0,0,0,0,0,0,0,0,0,0.1,0
2,,5639,Al Wahah,RUH_At Tawarif,Resid.,Open,,,,,0.01,0,0,0,0,0,0,4,0,0,0,0,4,1,1,2,3,0,1,2,0,-1,0.1,0
2,,5640,Al Wahah,RUH_At Tawarif 2,Resid.,Open,,,,,0.01,0,0,0,0,0,0,3,0,0,0,0,3,1,1,1,3,0,1,2,0,-1,0.1,0
2,,5641,Al Wahah,RUH_At Tawarif 3,,Open,,,,,0.01,0,0,0,0,0,0,3,0,0,0,0,3,0,3,0,2,0,1,1,0,-1,0.1,0
2,,5607,North Mathar,North Mathar district_10000029,Com,Open,,,,,0,0,0,0,0,0,0,5,0,0,0,0,5,0,5,0,22,18,4,0,0,0,0.08,0
2,,5613,North Mathar,North Mathar district_10000201,Com,Open,,,,,0,0,0,0,0,0,0,25,0,0,0,0,25,3,13,9,42,22,7,13,0,0,0.08,0
2,,5361,Al Salam,city Riyadh Al Salam district_264,Com,Off-Plan,ashuban,25-May,"May 20, 25","May 20, 25",0.04,0.02,0,0,0,0,1,3,1,0,1,0,2,0,1,1,5,3,1,1,0,-5,0.07,0
2,,6839,Al Qairawan,Al Qirwan district_287,Resid.,Open,,,,,0.07,0.05,0,2,0,0,0,14,0,0,0,0,14,2,12,0,10,6,4,0,0,-10,0.06,0
2,,7994,Al Rimal,city Riyadh Al Rimal district_419,Com,Open,,,,,0.02,0.01,0,0,0,0,0,3,0,0,0,0,3,1,1,1,4,2,1,1,0,-3,0.06,0
2,,5578,King Abdullah,King Abdullah district_7,Mixed.,Closed,salsiqami,25-Dec,,,0.09,0.06,1,0,0,0,1,6,0,0,0,0,6,0,5,1,16,9,4,3,0,0,0.05,0
2,,4657,Al Andalus,Al Andalus district_118,Resid.,Open,,,,,0.06,0.04,0,0,0,0,1,7,0,0,0,0,7,2,3,2,10,5,3,2,0,-8,0.04,YES
2,,2864,Al Mathar,Al Mathar district_10000367,Mixed.,Open,,,,,0.16,0.1,0,0,0,0,1,21,0,0,0,0,21,0,18,3,25,12,10,3,0,-22,0.04,0
2,,4800,Moghrazat,Al Mughrazat district_109,Resid.,Open,,,,,0.13,0.09,0,0,0,0,1,11,0,0,0,0,11,0,10,1,28,10,8,10,0,-18,0.04,0
2,,6837,Al Qairawan,Al Qirwan district_285,Resid.,Open,,,,,0.04,0.03,0,0,0,0,1,10,0,0,0,0,10,0,10,0,8,4,2,2,0,-6,0.04,0
2,,4948,Al Quds,Al Quds district_77,Resid.,Open,,,,,0.04,0.02,0,0,0,0,1,7,0,0,0,0,7,0,6,1,5,3,1,1,0,-5,0.04,0
2,,5174,Al Khuzama,city Riyadh Al Khuzama district_1369,Resid.,Open,,,,,0.06,0.04,0,0,0,0,1,3,0,0,0,0,3,0,3,0,10,5,3,2,0,-8,0.04,0
2,,5305,Al Rawabi,city Riyadh Al Rawabi district_251,Resid.,Open,,,,,0.04,0.02,0,0,0,0,1,2,0,0,0,0,2,0,1,1,5,3,1,1,0,-5,0.04,0
2,,8007,Al Rimal,city Riyadh Al Rimal district_430,Resid.,Open,,,,,0.02,0.01,0,0,0,0,1,2,0,0,0,0,2,1,1,0,4,3,1,0,0,-3,0.04,0
2,,8011,Al Rimal,city Riyadh Al Rimal district_434,Resid.,Open,,,,,0.03,0.02,0,0,0,0,1,2,0,0,0,0,2,0,2,0,4,3,1,0,0,-4,0.04,0
2,,5374,Al Salam,city Riyadh Al Salam district_277,Resid.,Open,,,,,0.03,0.02,0,0,0,0,1,1,0,0,0,0,1,0,1,0,4,3,1,0,0,-4,0.04,0
2,,8838,Dhahrat Laban,city Riyadh Dhahrat Laban district_852,Mixed.,Open,,,,,0.04,0.03,0,0,0,0,1,7,0,0,0,0,7,2,3,2,10,4,2,4,0,-6,0.04,0
2,,8972,Dhahrat Laban,city Riyadh Dhahrat Laban district_990,Resid.,Open,,,,,0.03,0.02,0,0,0,0,1,6,0,0,0,0,6,0,6,0,5,3,1,1,0,-4,0.04,0
2,,5680,New Industrial City,2nd Industrial City district_121,Mixed.,Open,,,,,0.14,0.1,0,0,0,0,1,24,12,0,0,12,12,10,2,0,20,16,2,2,0,-20,0.03,0
2,,5681,New Industrial City,2nd Industrial City district_122,Resid.,Open,,,,,0.21,0.14,0,0,0,0,1,28,14,0,0,14,14,11,2,1,34,22,6,6,0,-29,0.03,0
2,,5684,New Industrial City,2nd Industrial City district_125,Mixed.,Open,,,,,0.24,0.16,0,0,0,0,1,8,4,0,0,4,4,3,1,0,38,31,3,4,0,-34,0.03,0
2,,5686,New Industrial City,2nd Industrial City district_127,Mixed.,Open,,,,,0.21,0.14,0,0,0,0,1,16,8,0,0,8,8,8,0,0,30,23,6,1,0,-29,0.03,0
2,,5690,New Industrial City,2nd Industrial City district_131,Mixed.,Open,,,,,0.2,0.13,0,0,0,0,1,26,13,0,0,13,13,9,2,2,32,19,9,4,0,-28,0.03,0
2,,5691,New Industrial City,2nd Industrial City district_132,Mixed.,Open,,,,,0.12,0.08,0,0,0,0,1,20,10,0,0,10,10,6,2,2,21,13,4,4,0,-17,0.03,0
2,,5694,New Industrial City,2nd Industrial City district_135,Mixed.,Open,,,,,0.13,0.09,0,0,0,0,1,20,10,0,0,10,10,7,2,1,21,12,6,3,0,-18,0.03,0
2,,5695,New Industrial City,2nd Industrial City district_136,Mixed.,Open,,,,,0.13,0.09,0,0,0,0,1,8,4,0,0,4,4,4,0,0,18,17,1,0,0,-18,0.03,0
2,,5698,New Industrial City,2nd Industrial City district_139,Indust.,Open,,,,,0.23,0.15,0,0,0,0,1,10,5,0,0,5,5,5,0,0,32,27,5,0,0,-32,0.03,0
2,,5700,New Industrial City,2nd Industrial City district_141,Indust.,Open,,,,,0.14,0.1,0,0,0,0,1,22,11,0,0,11,11,5,4,2,24,16,4,4,0,-20,0.03,0
2,,4658,Al Andalus,Al Andalus district_119,Resid.,Open,,,,,0.09,0.06,0,0,0,0,1,7,0,0,0,0,7,0,6,1,15,12,1,2,0,-13,0.03,YES
2,,4683,Al Izdihar,Al Ezdihar district_57,Mixed.,Open,,,,,0.2,0.13,0,0,0,0,1,14,0,0,0,0,14,0,13,1,36,19,9,8,0,-28,0.03,0
2,,4770,Al Masyaf,Al Maseef district_10000370,Resid.,Open,,,,,0.17,0.11,0,0,0,0,1,8,0,0,0,0,8,0,8,0,26,22,2,2,0,-24,0.03,0
2,,4772,Al Masyaf,Al Maseef district_10000372,Resid.,Open,,,,,0.14,0.09,0,0,0,0,1,10,0,0,0,0,10,2,4,4,26,15,4,7,0,-19,0.03,0
2,,4773,Al Masyaf,Al Maseef district_10000373,Mixed.,Open,,,,,0.42,0.28,0,0,0,0,1,20,0,0,0,0,20,1,16,3,72,49,9,14,0,-59,0.03,YES
2,,4786,Al Masyaf,Al Maseef district_10000386,Resid.,Open,,,,,0.06,0.04,0,0,0,0,1,7,0,0,0,0,7,0,7,0,10,7,1,2,0,-8,0.03,YES
2,,2880,Al Mathar,Al Mathar district_10000375,Resid.,Open,,,,,0.04,0.03,0,0,0,0,1,2,0,0,0,0,2,0,1,1,8,5,1,2,0,-6,0.03,0
2,,4796,Moghrazat,Al Mughrazat district_105,Resid.,Open,,,,,0.18,0.12,0,0,0,0,1,19,0,0,0,0,19,1,14,4,34,16,8,10,0,-25,0.03,YES
2,,4859,Al Muruj,Al Muruj district_10000415,Resid.,Open,,,,,0.11,0.08,0,0,0,0,1,13,0,0,0,0,13,1,10,2,20,11,4,5,0,-16,0.03,0
2,,4880,Al Nada,Al Nada district_29,Resid.,Open,,,,,0.09,0.06,0,0,0,0,1,12,0,0,0,0,12,0,10,2,16,8,4,4,0,-12,0.03,0
2,,4915,Al Namudhajiyah,Al Namudhajiyah district_10000045,Mixed.,Open,,,,,0.12,0.08,0,0,0,0,1,6,0,0,0,0,6,0,5,1,22,13,4,5,0,-17,0.03,0
2,,4921,Al Namudhajiyah,Al Namudhajiyah district_10000388,Mixed.,Open,,,,,0.07,0.05,0,0,0,0,1,1,0,0,0,0,1,0,1,0,13,9,1,3,0,-10,0.03,0
2,,4922,Al Namudhajiyah,Al Namudhajiyah district_10000389,Resid.,Open,,,,,0.1,0.07,0,0,0,0,1,14,0,0,0,0,14,1,9,4,18,11,3,4,0,-14,0.03,0
2,,4928,Al Namudhajiyah,Al Namudhajiyah district_10000395,Mixed.,Open,,,,,0.14,0.09,0,0,0,0,1,10,1,0,0,1,9,1,7,1,21,13,6,2,0,-19,0.03,0
2,,6853,Al Qairawan,Al Qirwan district_301,Resid.,Open,,,,,0.17,0.11,0,0,0,0,1,12,0,0,0,0,12,1,9,2,31,21,3,7,0,-24,0.03,0
2,,6854,Al Qairawan,Al Qirwan district_302,Resid.,Open,,,,,0.14,0.09,0,0,0,0,1,8,0,0,0,0,8,1,6,1,22,15,4,3,0,-19,0.03,YES
2,,6862,Al Qairawan,Al Qirwan district_310,Resid.,Open,,,,,0.09,0.06,0,0,0,0,1,4,0,0,0,0,4,1,3,0,16,11,2,3,0,-12,0.03,0
2,,4960,Al Quds,Al Quds district_89,Resid.,Open,,,,,0.23,0.15,0,0,0,0,1,11,0,0,0,0,11,0,9,2,39,28,2,9,0,-32,0.03,YES
2,,4964,Al Quds,Al Quds district_93,Resid.,Open,,,,,0.34,0.23,0,0,0,0,1,16,0,0,0,0,16,0,10,6,62,40,3,19,0,-48,0.03,0
2,,4973,Ar Rabwah,Al Rabwah district_13,Resid.,Open,,,,,0.13,0.09,0,0,0,0,1,27,0,0,0,0,27,1,22,4,25,11,7,7,0,-18,0.03,0
2,,4981,Ar Rabwah,Al Rabwah district_17,Mixed.,Open,,,,,0.39,0.26,0,0,0,0,1,27,0,0,0,0,27,1,18,8,62,39,10,13,0,-55,0.03,YES
2,,4991,Ar Rabwah,Al Rabwah district_27,Resid.,Open,,,,,0.11,0.07,0,0,0,0,1,14,3,1,2,0,11,1,9,1,18,11,4,3,0,-12,0.03,0
2,,4995,Ar Rabwah,Al Rabwah district_31,Resid.,Open,,,,,0.31,0.2,0,0,0,0,1,26,0,0,0,0,26,1,21,4,51,33,8,10,0,-43,0.03,YES
2,,5003,Ar Rabwah,Al Rabwah district_40,Resid.,Open,,,,,0.24,0.16,0,0,0,0,1,14,0,0,0,0,14,1,11,2,39,29,4,6,0,-34,0.03,YES
2,,5139,Assafarat,Assafarat district_10000004,Mixed.,Open,,,,,0.14,0.09,0,0,0,0,1,5,0,0,0,0,5,0,4,1,21,16,3,2,0,-19,0.03,0
2,,5140,Assafarat,Assafarat district_10000005,Mixed.,Open,,,,,0.13,0.09,0,0,0,0,1,9,0,0,0,0,9,1,5,3,25,14,4,7,0,-18,0.03,0
2,,5145,Assafarat,Assafarat district_10000010,Resid.,Open,,,,,0.22,0.15,0,0,0,0,1,19,2,0,0,2,17,2,7,8,51,27,4,20,0,-31,0.03,0
2,,5147,Assafarat,Assafarat district_10000012,Resid.,Open,,,,,0.12,0.08,0,0,0,0,1,14,0,0,0,0,14,1,9,4,22,13,4,5,0,-17,0.03,0
2,,5167,Al Khuzama,city Riyadh Al Khuzama district_1362,Resid.,Open,,,,,0.09,0.06,0,0,0,0,1,10,0,0,0,0,10,2,4,4,16,8,4,4,0,-12,0.03,0
2,,5168,Al Khuzama,city Riyadh Al Khuzama district_1363,Resid.,Open,,,,,0.09,0.06,0,0,0,0,1,8,0,0,0,0,8,2,4,2,14,8,4,2,0,-12,0.03,0
2,,5185,Al Manar,city Riyadh Al Manar district_208,Resid.,Open,,,,,0.18,0.12,0,0,0,0,1,11,0,0,0,0,11,0,8,3,26,19,3,4,0,-25,0.03,YES
2,,5193,Al Manar,city Riyadh Al Manar district_54,Resid.,Open,,,,,0.23,0.15,0,0,0,0,1,8,0,0,0,0,8,2,3,3,40,29,3,8,0,-32,0.03,0
2,,5202,Al Manar,city Riyadh Al Manar district_63,Resid.,Open,,,,,0.06,0.04,0,0,0,0,1,8,0,0,0,0,8,0,8,0,9,6,3,0,0,-9,0.03,0
2,,5204,Al Manar,city Riyadh Al Manar district_65,Resid.,Off-Plan,ashuban,25-May,"May 24, 25","May 24, 25",0.08,0.05,0,0,0,0,1,28,27,2,25,0,1,0,1,0,12,10,1,1,0,-11,0.03,0
2,,5210,Al Manar,city Riyadh Al Manar district_71,Mixed.,Open,,,,,0.21,0.14,0,0,0,0,1,4,0,0,0,0,4,0,3,1,33,26,2,5,0,-29,0.03,YES
2,,5214,Al Nasiriyah,city Riyadh Al Nasiriyah district_1231,Resid.,Open,,,,,0.06,0.04,0,0,0,0,1,7,0,0,0,0,7,1,4,2,12,7,2,3,0,-9,0.03,0
2,,5216,Al Nasiriyah,city Riyadh Al Nasiriyah district_1233,Resid.,Open,,,,,0.04,0.03,0,0,0,0,1,1,0,0,0,0,1,0,1,0,7,5,1,1,0,-6,0.03,0
2,,5272,Al Rawabi,city Riyadh Al Rawabi district_218,Mixed.,Open,,,,,0.19,0.12,0,0,0,0,1,14,0,0,0,0,14,0,14,0,29,19,7,3,0,-26,0.03,0
2,,5276,Al Rawabi,city Riyadh Al Rawabi district_222,Resid.,Open,,,,,0.26,0.17,0,0,0,0,1,9,0,0,0,0,9,0,4,5,40,29,3,8,0,-36,0.03,0
2,,5286,Al Rawabi,city Riyadh Al Rawabi district_232,Resid.,Open,,,,,0.09,0.06,0,0,0,0,1,9,0,0,0,0,9,2,5,2,15,8,4,3,0,-12,0.03,YES
2,,5287,Al Rawabi,city Riyadh Al Rawabi district_233,Resid.,Open,,,,,0.11,0.07,0,0,0,0,1,5,0,0,0,0,5,0,5,0,18,11,4,3,0,-15,0.03,0
2,,5291,Al Rawabi,city Riyadh Al Rawabi district_237,Resid.,Open,,,,,0.13,0.09,0,0,0,0,1,22,0,0,0,0,22,0,19,3,22,13,5,4,0,-18,0.03,0
2,,5297,Al Rawabi,city Riyadh Al Rawabi district_243,Mixed.,Off-Plan,ashuban,25-May,"May 22, 25","May 24, 25",0.14,0.09,0,0,0,0,1,31,16,2,14,0,15,1,11,3,24,15,4,5,0,-19,0.03,YES
2,,5314,Al Rawabi,city Riyadh Al Rawabi district_260,Mixed.,Open,,,,,0.19,0.12,0,0,0,0,1,16,0,0,0,0,16,1,15,0,31,21,6,4,0,-26,0.03,0
2,,5317,Al Rawabi,city Riyadh Al Rawabi district_263,Mixed.,Open,,,,,0.05,0.03,0,0,0,0,1,4,0,0,0,0,4,1,2,1,9,5,2,2,0,-7,0.03,0
2,,5326,Al Rayan,city Riyadh Al Rayan district_18,Resid.,Open,,,,,0.07,0.05,0,0,0,0,1,2,0,0,0,0,2,0,2,0,10,9,1,0,0,-10,0.03,YES
2,,5338,Al Rayan,city Riyadh Al Rayan district_25,Mixed.,Open,,,,,0.08,0.05,0,0,0,0,1,5,0,0,0,0,5,0,4,1,14,7,4,3,0,-11,0.03,0
2,,5342,Al Rayan,city Riyadh Al Rayan district_29,Resid.,Open,,,,,0.13,0.09,0,0,0,0,1,12,0,0,0,0,12,2,7,3,21,12,6,3,0,-18,0.03,0
2,,5345,Al Rayan,city Riyadh Al Rayan district_32,Resid.,Open,,,,,0.13,0.09,0,0,0,0,1,7,0,0,0,0,7,1,5,1,19,15,3,1,0,-18,0.03,0
2,,5356,Al Rayan,city Riyadh Al Rayan district_43,Resid.,Open,,,,,0.17,0.11,0,0,0,0,1,8,0,0,0,0,8,0,7,1,26,20,4,2,0,-24,0.03,YES
2,,7914,Al Rimal,city Riyadh Al Rimal district_31,Mixed.,Open,,,,,0.13,0.09,0,0,0,0,1,2,0,0,0,0,2,0,1,1,20,17,1,2,0,-18,0.03,0
2,,7960,Al Rimal,city Riyadh Al Rimal district_388,Mixed.,Open,,,,,0.05,0.03,0,0,0,0,1,4,0,0,0,0,4,1,2,1,8,5,2,1,0,-7,0.03,0
2,,8008,Al Rimal,city Riyadh Al Rimal district_431,Mixed.,Open,,,,,0.1,0.07,0,0,0,0,1,8,0,0,0,0,8,0,8,0,15,12,2,1,0,-14,0.03,0
2,,8034,Al Rimal,city Riyadh Al Rimal district_53,Resid.,Open,,,,,0.17,0.11,0,0,0,0,1,6,0,0,0,0,6,0,4,2,27,22,2,3,0,-24,0.03,0
2,,8037,Al Rimal,city Riyadh Al Rimal district_56,Resid.,Open,,,,,0.17,0.11,0,0,0,0,1,4,0,0,0,0,4,1,3,0,28,24,1,3,0,-24,0.03,0
2,,8038,Al Rimal,city Riyadh Al Rimal district_57,Resid.,Open,,,,,0.14,0.1,0,0,0,0,1,1,0,0,0,0,1,0,1,0,21,19,1,1,0,-20,0.03,0
2,,5392,Al Salam,city Riyadh Al Salam district_295,Resid.,Open,,,,,0.11,0.07,0,0,0,0,1,1,0,0,0,0,1,0,1,0,15,14,1,0,0,-15,0.03,YES
2,,5395,Al Salam,city Riyadh Al Salam district_298,Resid.,Open,,,,,0.11,0.07,0,0,0,0,1,3,0,0,0,0,3,0,1,2,16,12,1,3,0,-15,0.03,0
2,,5401,Al Salam,city Riyadh Al Salam district_309,Resid.,Open,,,,,0.11,0.08,0,0,0,0,1,25,0,0,0,0,25,3,18,4,20,11,4,5,0,-16,0.03,0
2,,8426,Al Zahra,city Riyadh Al Zahrah district_125,Resid.,Open,,,,,0.08,0.05,0,0,0,0,1,2,0,0,0,0,2,0,1,1,11,9,1,1,0,-11,0.03,0
2,,8428,Al Zahra,city Riyadh Al Zahrah district_127,Resid.,Open,,,,,0.08,0.05,0,0,0,0,1,1,0,0,0,0,1,0,1,0,11,10,1,0,0,-11,0.03,0
2,,8433,Al Zahra,city Riyadh Al Zahrah district_132,Resid.,Open,,,,,0.15,0.1,0,0,0,0,1,2,0,0,0,0,2,0,1,1,21,19,1,1,0,-21,0.03,YES
2,,8442,Al Zahra,city Riyadh Al Zahrah district_141,Resid.,Open,,,,,0.19,0.13,0,0,0,0,1,2,0,0,0,0,2,0,2,0,27,25,2,0,0,-27,0.03,0
2,,8443,Al Zahra,city Riyadh Al Zahrah district_142,Resid.,Open,,,,,0.11,0.07,0,0,0,0,1,4,0,0,0,0,4,1,2,1,16,13,2,1,0,-15,0.03,YES
2,,8447,Al Zahra,city Riyadh Al Zahrah district_146,Mixed.,Open,,,,,0.12,0.08,0,0,0,0,1,11,0,0,0,0,11,0,11,0,19,15,2,2,0,-17,0.03,YES
2,,8455,Al Zahra,city Riyadh Al Zahrah district_154,Resid.,Open,,,,,0.15,0.1,0,0,0,0,1,10,0,0,0,0,10,2,6,2,24,17,3,4,0,-21,0.03,0
2,,8459,Al Zahra,city Riyadh Al Zahrah district_158,Resid.,Open,,,,,0.12,0.08,0,0,0,0,1,6,0,0,0,0,6,1,4,1,20,15,2,3,0,-17,0.03,0
2,,8470,Al Zahra,city Riyadh Al Zahrah district_169,Resid.,Open,,,,,0.11,0.07,0,0,0,0,1,4,0,0,0,0,4,0,3,1,15,12,2,1,0,-15,0.03,YES
2,,8476,Al Zahra,city Riyadh Al Zahrah district_175,Resid.,Open,,,,,0.09,0.06,0,0,0,0,1,1,0,0,0,0,1,0,1,0,12,11,1,0,0,-12,0.03,0
2,,8478,Al Zahra,city Riyadh Al Zahrah district_224,Resid.,Open,,,,,0.25,0.17,0,0,0,0,1,9,0,0,0,0,9,0,3,6,37,28,3,6,0,-35,0.03,YES
2,,8806,Dhahrat Laban,city Riyadh Dhahrat Laban district_1007,Resid.,Open,,,,,0.06,0.04,0,0,0,0,1,2,0,0,0,0,2,1,1,0,10,8,1,1,0,-8,0.03,0
2,,8802,Dhahrat Laban,city Riyadh Dhahrat Laban district_1003,Resid.,Open,,,,,0.06,0.04,0,0,0,0,1,6,0,0,0,0,6,1,4,1,11,7,2,2,0,-9,0.03,0
2,,8818,Dhahrat Laban,city Riyadh Dhahrat Laban district_1270,Resid.,Open,,,,,0.04,0.03,0,0,0,0,1,5,0,0,0,0,5,0,5,0,7,5,1,1,0,-6,0.03,0
2,,8830,Dhahrat Laban,city Riyadh Dhahrat Laban district_844,Resid.,Open,,,,,0.09,0.06,0,0,0,0,1,4,0,0,0,0,4,0,3,1,18,12,1,5,0,-13,0.03,0
2,,8834,Dhahrat Laban,city Riyadh Dhahrat Laban district_848,Resid.,Open,,,,,0.12,0.08,0,0,0,0,1,9,3,0,3,0,6,0,4,2,24,13,3,8,0,-14,0.03,0
2,,8839,Dhahrat Laban,city Riyadh Dhahrat Laban district_853,Mixed.,Open,,,,,0.09,0.06,0,0,0,0,1,7,0,0,0,0,7,0,7,0,13,10,2,1,0,-12,0.03,0
2,,8841,Dhahrat Laban,city Riyadh Dhahrat Laban district_855,Resid.,Open,,,,,0.33,0.22,0,0,0,0,1,6,0,0,0,0,6,0,6,0,59,43,3,13,0,-46,0.03,0
2,,8844,Dhahrat Laban,city Riyadh Dhahrat Laban district_858,Resid.,Open,,,,,0.21,0.14,0,0,0,0,1,6,0,0,0,0,6,0,4,2,38,27,1,10,0,-30,0.03,0
2,,8848,Dhahrat Laban,city Riyadh Dhahrat Laban district_862,Resid.,Open,,,,,0.06,0.04,0,0,0,0,1,3,0,0,0,0,3,1,2,0,12,8,2,2,0,-9,0.03,0
2,,8851,Dhahrat Laban,city Riyadh Dhahrat Laban district_865,Resid.,Open,,,,,0.12,0.08,0,0,0,0,1,5,0,0,0,0,5,0,5,0,20,16,1,3,0,-17,0.03,0
2,,8854,Dhahrat Laban,city Riyadh Dhahrat Laban district_868,Resid.,Open,,,,,0.08,0.05,0,0,0,0,1,2,0,0,0,0,2,0,2,0,11,9,2,0,0,-11,0.03,0
2,,8855,Dhahrat Laban,city Riyadh Dhahrat Laban district_869,Resid.,Open,,,,,0.13,0.09,0,0,0,0,1,5,0,0,0,0,5,0,5,0,24,15,3,6,0,-18,0.03,0
2,,8861,Dhahrat Laban,city Riyadh Dhahrat Laban district_875,Resid.,Open,,,,,0.11,0.08,0,0,0,0,1,2,0,0,0,0,2,0,1,1,18,15,1,2,0,-16,0.03,0
2,,8864,Dhahrat Laban,city Riyadh Dhahrat Laban district_878,Resid.,Open,,,,,0.21,0.14,0,0,0,0,1,9,0,0,0,0,9,0,8,1,37,26,3,8,0,-29,0.03,0
2,,8867,Dhahrat Laban,city Riyadh Dhahrat Laban district_881,Resid.,Open,,,,,0.36,0.24,0,0,0,0,1,14,0,0,0,0,14,2,10,2,57,46,4,7,0,-50,0.03,0
2,,8873,Dhahrat Laban,city Riyadh Dhahrat Laban district_887,Resid.,Open,,,,,0.06,0.04,0,0,0,0,1,1,0,0,0,0,1,0,1,0,10,7,1,2,0,-8,0.03,0
2,,8881,Dhahrat Laban,city Riyadh Dhahrat Laban district_895,Mixed.,Open,,,,,0.31,0.2,0,0,0,0,1,5,0,0,0,0,5,0,5,0,57,42,1,14,0,-43,0.03,0
2,,8903,Dhahrat Laban,city Riyadh Dhahrat Laban district_917,Resid.,Open,,,,,0.13,0.09,0,0,0,0,1,5,0,0,0,0,5,0,3,2,24,16,2,6,0,-18,0.03,0
2,,8914,Dhahrat Laban,city Riyadh Dhahrat Laban district_928,Resid.,Open,,,,,0.22,0.15,0,0,0,0,1,8,0,0,0,0,8,0,6,2,36,30,1,5,0,-31,0.03,0
2,,8905,Dhahrat Laban,city Riyadh Dhahrat Laban district_919,Resid.,Open,,,,,0.31,0.21,0,0,0,0,1,5,0,0,0,0,5,1,3,1,48,42,2,4,0,-44,0.03,0
2,,8925,Dhahrat Laban,city Riyadh Dhahrat Laban district_939,Resid.,Open,,,,,0.12,0.08,0,0,0,0,1,4,0,0,0,0,4,1,2,1,23,15,2,6,0,-17,0.03,0
2,,8927,Dhahrat Laban,city Riyadh Dhahrat Laban district_941,Resid.,Open,,,,,0.13,0.09,0,0,0,0,1,4,0,0,0,0,4,0,3,1,21,17,1,3,0,-18,0.03,0
2,,8929,Dhahrat Laban,city Riyadh Dhahrat Laban district_943,Resid.,Open,,,,,0.06,0.04,0,0,0,0,1,7,0,0,0,0,7,0,7,0,10,8,1,1,0,-9,0.03,0
2,,8953,Dhahrat Laban,city Riyadh Dhahrat Laban district_970,Resid.,Open,,,,,0.06,0.04,0,0,0,0,1,1,0,0,0,0,1,0,1,0,9,8,1,0,0,-9,0.03,0
2,,8974,Dhahrat Laban,city Riyadh Dhahrat Laban district_992,Resid.,Open,,,,,0.04,0.03,0,0,0,0,1,1,0,0,0,0,1,0,1,0,7,5,1,1,0,-6,0.03,0
2,,8979,Dhahrat Laban,city Riyadh Dhahrat Laban district_997,Resid.,Open,,,,,0.04,0.03,0,0,0,0,1,2,0,0,0,0,2,1,1,0,8,6,1,1,0,-6,0.03,0
2,,9126,Irqah,city Riyadh Irqah district_1079,Resid.,Open,,,,,0.08,0.05,0,0,0,0,1,7,0,0,0,0,7,0,7,0,14,9,2,3,0,-11,0.03,YES
2,,9131,Irqah,city Riyadh Irqah district_1084,Resid.,Open,,,,,0.06,0.04,0,0,0,0,1,3,0,0,0,0,3,0,3,0,9,6,2,1,0,-8,0.03,0
2,,9134,Irqah,city Riyadh Irqah district_1087,Resid.,Open,,,,,0.23,0.15,0,0,0,0,1,13,0,0,0,0,13,0,13,0,39,24,8,7,0,-32,0.03,YES
2,,9135,Irqah,city Riyadh Irqah district_1088,Resid.,Open,,,,,0.16,0.11,0,0,0,0,1,14,0,0,0,0,14,0,14,0,33,18,6,9,0,-23,0.03,0
2,,9246,Namar,city Riyadh Namar district_240,Resid.,Open,,,,,0.14,0.1,0,0,0,0,1,13,0,0,0,0,13,0,12,1,27,14,5,8,0,-20,0.03,YES
2,,9247,Namar,city Riyadh Namar district_241,Mixed.,Open,,,,,0.08,0.05,0,0,0,0,1,5,0,0,0,0,5,0,5,0,13,8,3,2,0,-11,0.03,0
2,,9260,Namar,city Riyadh Namar district_254,Resid.,Open,,,,,0.11,0.08,0,0,0,0,1,9,0,0,0,0,9,1,7,1,21,13,3,5,0,-16,0.03,0
2,,9267,Namar,city Riyadh Namar district_261,Resid.,Open,,,,,0.12,0.08,0,0,0,0,1,8,0,0,0,0,8,2,3,3,23,14,3,6,0,-17,0.03,0
2,,9268,Namar,city Riyadh Namar district_262,Resid.,Open,,,,,0.2,0.13,0,0,0,0,1,32,0,0,0,0,32,1,27,4,40,17,10,13,0,-28,0.03,0
2,,5534,Jareer,Jareer district_49,Resid.,Open,,,,,0.12,0.08,0,0,0,0,1,17,0,0,0,0,17,1,12,4,24,13,3,8,0,-17,0.03,YES
2,,5536,Jareer,Jareer district_51,Resid.,Open,,,,,0.2,0.13,0,0,0,0,1,4,0,0,0,0,4,0,2,2,32,25,1,6,0,-28,0.03,YES
2,,5548,King Abdulaziz,King Abdulaziz district_10000012,Mixed.,Open,,,,,0.22,0.15,0,0,0,0,1,4,0,0,0,0,4,0,3,1,36,28,2,6,0,-31,0.03,0
2,,5594,King Faisal,King Faisal district_135,Resid.,Open,,,,,0.22,0.15,0,0,0,0,1,17,0,0,0,0,17,1,10,6,37,21,6,10,0,-31,0.03,0
2,,5596,King Faisal,King Faisal district_137,Resid.,Open,,,,,0.17,0.11,0,0,0,0,1,11,0,0,0,0,11,0,11,0,24,20,3,1,0,-24,0.03,YES
2,,5598,King Faisal,King Faisal district_139,Mixed.,Open,,,,,0.13,0.09,0,0,0,0,1,5,0,0,0,0,5,0,5,0,21,14,4,3,0,-18,0.03,0
2,,5603,King Faisal,King Faisal district_144,Resid.,Open,,,,,0.08,0.05,0,0,0,0,1,1,0,0,0,0,1,0,1,0,12,10,1,1,0,-11,0.03,0
2,,10016,King Khalid International Airport,King Khalid International Airport district_10000004,Resid.,Open,,,,,0.08,0.05,0,0,0,0,1,5,0,0,0,0,5,1,4,0,13,10,2,1,0,-11,0.03,0
2,,10040,King Khalid International Airport,King Khalid International Airport district_10000031,Mixed.,Open,,,,,0.14,0.1,0,0,0,0,1,10,0,0,0,0,10,0,7,3,22,17,2,3,0,-20,0.03,0
2,,5671,Diriyah Al Khuzama,settlement Diriyah Al Khuzama district_1378,Resid.,Open,,,,,0.06,0.04,0,0,0,0,1,17,0,0,0,0,17,3,12,2,12,6,2,4,0,-9,0.03,0
2,,4801,Moghrazat,Al Mughrazat district_110,Indust.,,,,"May 7, 25","May 7, 25",0.21,0.14,0,0,0,0,1,21,3,0,3,0,18,0,17,1,33,17,12,4,0,0,0.03,0
2,,6836,Al Qairawan,Al Qirwan district_284,Resid.,Open,,,,,0.05,0.03,0,1,0,0,0,11,0,0,0,0,11,2,7,2,9,4,3,2,0,-7,0.03,0
2,,8919,Dhahrat Laban,city Riyadh Dhahrat Laban district_933,Resid.,Open,,,,,0.11,0.07,0,0,0,0,1,9,0,0,0,0,9,1,6,2,21,13,2,6,0,0,0.03,0
2,,8923,Dhahrat Laban,city Riyadh Dhahrat Laban district_937,Resid.,Open,,,,,0.37,0.25,0,0,0,0,1,4,0,0,0,0,4,0,3,1,65,50,1,14,0,0,0.03,0
2,,8932,Dhahrat Laban,city Riyadh Dhahrat Laban district_946,Resid.,Open,,,,,0.11,0.07,0,0,0,0,1,4,0,0,0,0,4,0,4,0,17,14,1,2,0,0,0.03,0
2,,8934,Dhahrat Laban,city Riyadh Dhahrat Laban district_948,Resid.,Open,,,,,0.11,0.08,0,0,0,0,1,6,0,0,0,0,6,0,6,0,19,15,1,3,0,0,0.03,0
2,,8973,Dhahrat Laban,city Riyadh Dhahrat Laban district_991,Resid.,Open,,,,,0.14,0.09,0,0,0,0,1,12,0,0,0,0,12,2,8,2,23,16,3,4,0,0,0.03,0
2,,8976,Dhahrat Laban,city Riyadh Dhahrat Laban district_994,Resid.,Open,,,,,0.04,0.02,0,0,0,0,1,6,0,0,0,0,6,0,6,0,5,4,1,0,0,0,0.03,0
2,,5589,King Faisal,King Faisal district_130,Resid.,Open,,,,,0.09,0.06,0,0,0,0,1,3,0,0,0,0,3,0,2,1,14,11,2,1,0,0,0.03,0
2,,5405,Al Salam,city Riyadh Al Salam district_313,Resid.,Off-Plan,ashuban,25-May,"May 19, 25","May 19, 25",0.04,0.02,0,0,0,0,1,13,6,5,1,0,7,2,5,0,10,4,3,3,0,-5,0.01,0
2,,5367,Al Salam,city Riyadh Al Salam district_270,Resid.,Off-Plan,ashuban,25-May,"May 17, 25","May 17, 25",0.14,0.1,0,0,0,0,1,34,27,17,10,0,7,1,4,2,26,15,4,7,0,-20,0,0
2,,5383,Al Salam,city Riyadh Al Salam district_286,Resid.,Off-Plan,ashuban,25-May,"May 18, 25","May 18, 25",0.07,0.05,0,0,0,0,1,25,24,18,6,0,1,0,1,0,11,9,1,1,0,-10,0,YES
2,,5386,Al Salam,city Riyadh Al Salam district_289,Mixed.,Off-Plan,ashuban,25-May,"May 18, 25","May 19, 25",0.15,0.1,0,0,0,0,1,37,30,23,7,0,7,1,2,4,25,19,2,4,0,-21,0,YES
2,,5403,Al Salam,city Riyadh Al Salam district_311,Resid.,Off-Plan,ashuban,25-May,"May 19, 25","May 19, 25",0.04,0.02,0,0,0,0,1,13,7,4,3,0,6,0,6,0,6,4,1,1,0,-5,0,0
2,,5404,Al Salam,city Riyadh Al Salam district_312,Resid.,Off-Plan,ashuban,25-May,"May 19, 25","May 19, 25",0.05,0.03,0,0,0,0,1,15,13,9,4,0,2,0,2,0,7,6,1,0,0,-7,0,0
2,,5157,Al Fakhriyah,city Riyadh Al Fakhriyah district_1221,Resid.,,,,,,0.07,0.05,0,0,0,0,1,3,0,0,0,0,3,0,1,2,12,8,1,3,0,-10,0,0
2,,5363,Al Salam,city Riyadh Al Salam district_266,Resid.,Off-Plan,ashuban,25-May,"May 20, 25","May 20, 25",0.09,0.06,0,0,0,0,1,17,10,5,5,0,7,0,6,1,13,10,1,2,0,-12,0,0
2,,5365,Al Salam,city Riyadh Al Salam district_268,Resid.,Off-Plan,ashuban,25-May,"May 20, 25","May 20, 25",0.04,0.03,0,0,0,0,1,9,7,3,4,0,2,0,2,0,6,5,1,0,0,-6,0,0
2,,4759,Al Hamra,Al Hamra district_349,Resid.,Open,,,,,0.25,0.17,1,0,0,0,0,21,0,0,0,0,21,1,14,6,46,29,6,11,0,-35,0,0
2,,4988,Ar Rabwah,Al Rabwah district_24,Resid.,Open,,,,,0.06,0.04,1,0,0,0,0,5,0,0,0,0,5,0,4,1,9,6,2,1,0,-8,0,0
2,,5149,Assafarat,Assafarat district_10000014,Mixed.,Open,,,,,0.16,0.1,1,0,0,0,0,12,1,0,0,1,11,0,10,1,24,15,6,3,0,-22,0,0
2,,9144,Irqah,city Riyadh Irqah district_1097,Resid.,Open,,,,,0.17,0.11,0,1,0,0,0,15,1,0,1,0,14,1,11,2,34,21,3,10,0,-24,0,0
2,,9259,Namar,city Riyadh Namar district_253,Resid.,Open,,,,,0.06,0.04,0,1,0,0,0,15,0,0,0,0,15,1,10,4,14,6,3,5,0,-9,0,0
2,,9263,Namar,city Riyadh Namar district_257,Resid.,Open,,,,,0.04,0.03,1,0,0,0,0,15,0,0,0,0,15,2,5,8,15,4,2,9,0,-6,0,0
2,,5061,Al Wahah,Al Wahah district_101,Resid.,Closed,abinsaedan,25-Apr,,,0.12,0.08,1,0,0,0,0,12,0,0,0,0,12,1,10,1,23,13,5,5,0,0,0,0
2,,5385,Al Salam,city Riyadh Al Salam district_288,Resid.,Off-Plan,ashuban,25-May,"May 19, 25","May 19, 25",0.04,0.02,0,0,0,0,0,6,2,0,2,0,4,1,2,1,9,3,2,4,0,-5,0,0
2,,5397,Al Salam,city Riyadh Al Salam district_300,Mixed.,Off-Plan,ashuban,25-May,"May 17, 25","May 17, 25",0.02,0.01,0,0,0,0,0,6,3,0,3,0,3,1,1,1,4,2,1,1,0,-3,0,0
2,,5141,Assafarat,Assafarat district_10000006,Resid.,Open,,,,,0.11,0.07,0,0,0,0,0,19,0,0,0,0,19,3,8,8,26,10,5,11,0,-15,0,0
2,,5150,Assafarat,Assafarat district_10000015,Resid.,Open,,,,,0.06,0.04,0,0,0,0,0,7,0,0,0,0,7,1,5,1,12,6,3,3,0,-9,0,0
2,,5151,Assafarat,Assafarat district_10000016,Resid.,Open,,,,,0.08,0.05,0,0,0,0,0,14,0,0,0,0,14,1,8,5,15,9,2,4,0,-11,0,0
2,,5678,New Industrial City,2nd Industrial City district_119,Mixed.,Open,,,,,0.27,0.18,0,0,0,0,0,28,14,0,0,14,14,10,4,0,44,33,5,6,0,-38,0,0
2,,5679,New Industrial City,2nd Industrial City district_120,Mixed.,Open,,,,,0.22,0.15,0,0,0,0,0,36,18,0,0,18,18,13,3,2,35,24,7,4,0,-31,0,0
2,,5692,New Industrial City,2nd Industrial City district_133,Mixed.,Open,,,,,0.12,0.08,0,0,0,0,0,6,3,0,0,3,3,2,0,1,17,16,1,0,0,-17,0,0
2,,5696,New Industrial City,2nd Industrial City district_137,Mixed.,Open,,,,,0.14,0.1,0,0,0,0,0,10,5,0,0,5,5,2,2,1,23,18,2,3,0,-20,0,0
2,,5697,New Industrial City,2nd Industrial City district_138,Mixed.,Open,,,,,0.09,0.06,0,0,0,0,0,0,0,0,0,0,0,0,0,0,13,13,0,0,0,-13,0,0
2,,4649,Al Andalus,Al Andalus district_110,Resid.,Open,,,,,0.04,0.02,0,0,0,0,0,6,0,0,0,0,6,2,2,2,8,3,2,3,0,-5,0,0
2,,5699,New Industrial City,2nd Industrial City district_140,Indust.,Open,,,,,0.19,0.13,0,0,0,0,0,18,9,0,0,9,9,9,0,0,28,24,3,1,0,-27,0,0
2,,4650,Al Andalus,Al Andalus district_111,Resid.,Open,,,,,0.04,0.02,0,0,0,0,0,3,0,0,0,0,3,0,3,0,6,3,2,1,0,-5,0,0
2,,4660,Al Andalus,Al Andalus district_121,Resid.,Open,,,,,0.04,0.03,0,0,0,0,0,0,0,0,0,0,0,0,0,0,6,6,0,0,0,-6,0,0
2,,4685,Al Izdihar,Al Ezdihar district_59,Resid.,Open,,,,,0.16,0.1,0,0,0,0,0,7,0,0,0,0,7,1,1,5,35,21,1,13,0,-22,0,YES
2,,4688,Al Izdihar,Al Ezdihar district_62,Resid.,Open,,,,,0.32,0.21,0,0,0,0,0,5,0,0,0,0,5,0,2,3,56,45,0,11,0,-45,0,YES
2,,4691,Al Izdihar,Al Ezdihar district_65,Mixed.,Open,,,,,0.19,0.12,0,0,0,0,0,5,0,0,0,0,5,0,4,1,34,24,2,8,0,-26,0,0
2,,4735,Al Hamra,Al Hamra district_115,Resid.,Open,,,,,0.1,0.07,0,0,0,0,0,11,0,0,0,0,11,1,5,5,18,11,3,4,0,-14,0,0
2,,4757,Al Hamra,Al Hamra district_347,Resid.,Open,,,,,0.04,0.03,0,0,0,0,0,4,0,0,0,0,4,1,1,2,9,5,1,3,0,-6,0,0
2,,4763,Al Masyaf,Al Maseef district_10000363,Resid.,Open,,,,,0.11,0.08,0,0,0,0,0,1,0,0,0,0,1,0,1,0,19,15,1,3,0,-16,0,0
2,,4766,Al Masyaf,Al Maseef district_10000366,Resid.,Open,,,,,0.04,0.03,0,0,0,0,0,0,0,0,0,0,0,0,0,0,7,6,0,1,0,-6,0,YES
2,,4769,Al Masyaf,Al Maseef district_10000369,Resid.,Open,,,,,0.04,0.02,0,0,0,0,0,3,0,0,0,0,3,1,1,1,7,4,1,2,0,-5,0,0
2,,4774,Al Masyaf,Al Maseef district_10000374,Resid.,Open,,,,,0.04,0.02,0,0,0,0,0,1,0,0,0,0,1,0,1,0,5,4,1,0,0,-5,0,0
2,,4776,Al Masyaf,Al Maseef district_10000376,Resid.,Open,,,,,0.03,0.02,0,0,0,0,0,1,0,0,0,0,1,0,1,0,5,3,1,1,0,-4,0,0
2,,4778,Al Masyaf,Al Maseef district_10000378,Resid.,Open,,,,,0.11,0.07,0,0,0,0,0,0,0,0,0,0,0,0,0,0,20,15,0,5,0,-15,0,YES
2,,4787,Al Masyaf,Al Maseef district_10000387,Resid.,Open,,,,,0.04,0.02,0,0,0,0,0,5,0,0,0,0,5,0,4,1,8,3,2,3,0,-5,0,0
2,,4788,Al Masyaf,Al Maseef district_10000388,Resid.,Open,,,,,0.16,0.1,0,0,0,0,0,10,0,0,0,0,10,1,8,1,29,18,4,7,0,-22,0,YES
2,,4789,Al Masyaf,Al Maseef district_10000389,Resid.,Open,,,,,0.03,0.02,0,0,0,0,0,2,0,0,0,0,2,0,1,1,5,3,1,1,0,-4,0,0
2,,4791,Al Masyaf,Al Maseef district_10000416,Resid.,Open,,,,,0.06,0.04,0,0,0,0,0,4,0,0,0,0,4,0,4,0,12,7,2,3,0,-9,0,0
2,,4841,Al Muruj,Al Muruj district_10000397,Mixed.,Open,,,,,0.11,0.07,0,0,0,0,0,5,0,0,0,0,5,0,1,4,23,12,1,10,0,-15,0,0
2,,4856,Al Muruj,Al Muruj district_10000412,Resid.,Open,,,,,0.09,0.06,0,0,0,0,0,4,0,0,0,0,4,1,2,1,14,10,2,2,0,-12,0,0
2,,4860,Al Muruj,Al Muruj district_10000419,Resid.,Open,,,,,0.04,0.02,0,0,0,0,0,2,1,0,1,0,1,0,0,1,8,4,1,3,0,-4,0,0
2,,4863,Al Muruj,Al Muruj district_10000422,Resid.,Open,,,,,0.26,0.17,0,0,0,0,0,13,0,0,0,0,13,1,8,4,48,31,5,12,0,-36,0,0
2,,4866,Al Muruj,Al Muruj district_10000425,Resid.,Open,,,,,0.05,0.03,0,0,0,0,0,2,0,0,0,0,2,0,2,0,9,6,1,2,0,-7,0,0
2,,4873,Al Nada,Al Nada district_22,Resid.,Open,,,,,0.04,0.02,0,0,0,0,0,6,0,0,0,0,6,1,4,1,6,3,2,1,0,-5,0,0
2,,4876,Al Nada,Al Nada district_25,Resid.,Open,,,,,0.04,0.03,0,0,0,0,0,1,0,0,0,0,1,0,0,1,7,6,0,1,0,-6,0,0
2,,4878,Al Nada,Al Nada district_27,Resid.,Open,,,,,0.04,0.02,0,0,0,0,0,1,0,0,0,0,1,0,1,0,6,4,1,1,0,-5,0,0
2,,4879,Al Nada,Al Nada district_28,Resid.,Open,,,,,0.02,0.01,0,0,0,0,0,1,0,0,0,0,1,0,1,0,3,2,1,0,0,-3,0,0
2,,4923,Al Namudhajiyah,Al Namudhajiyah district_10000390,Resid.,Open,,,,,0.02,0.01,0,0,0,0,0,1,0,0,0,0,1,0,1,0,5,2,1,2,0,-3,0,0
2,,6829,Al Qairawan,Al Qirwan district_277,Resid.,Open,,,,,0.04,0.02,0,0,0,0,0,1,0,0,0,0,1,1,0,0,5,5,0,0,0,-5,0,0
2,,6843,Al Qairawan,Al Qirwan district_291,Resid.,Open,,,,,0.06,0.04,0,0,0,0,0,0,0,0,0,0,0,0,0,0,9,8,0,1,0,-8,0,0
2,,6847,Al Qairawan,Al Qirwan district_295,Resid.,Open,,,,,0.02,0.01,0,0,0,0,0,2,0,0,0,0,2,0,2,0,3,2,1,0,0,-3,0,0
2,,6852,Al Qairawan,Al Qirwan district_300,Resid.,Open,,,,,0.03,0.02,0,0,0,0,0,3,0,0,0,0,3,1,1,1,5,3,1,1,0,-4,0,0
2,,6855,Al Qairawan,Al Qirwan district_303,Mixed.,Open,,,,,0.11,0.08,0,0,0,0,0,2,0,0,0,0,2,0,2,0,17,15,1,1,0,-16,0,YES
2,,6856,Al Qairawan,Al Qirwan district_304,Resid.,Open,,,,,0.02,0.01,0,0,0,0,0,0,0,0,0,0,0,0,0,0,3,3,0,0,0,-3,0,0
2,,6860,Al Qairawan,Al Qirwan district_308,Resid.,Open,,,,,0.14,0.09,0,0,0,0,0,6,0,0,0,0,6,0,6,0,21,16,3,2,0,-19,0,0
2,,6863,Al Qairawan,Al Qirwan district_311,Resid.,Open,,,,,0.03,0.02,0,0,0,0,0,5,0,0,0,0,5,2,2,1,6,3,2,1,0,-4,0,0
2,,6865,Al Qairawan,Al Qirwan district_313,Resid.,Open,,,,,0.04,0.02,0,0,0,0,0,0,0,0,0,0,0,0,0,0,5,5,0,0,0,-5,0,0
2,,6867,Al Qairawan,Al Qirwan district_315,Resid.,Open,,,,,0.03,0.02,0,0,0,0,0,3,0,0,0,0,3,1,1,1,5,3,1,1,0,-4,0,0
2,,6877,Al Qairawan,Al Qirwan district_356,Indust.,Open,,,,,0.02,0.01,0,0,0,0,0,0,0,0,0,0,0,0,0,0,4,3,0,1,0,-3,0,0
2,,6879,Al Qairawan,Al Qirwan district_358,Indust.,Open,,,,,0.03,0.02,0,0,0,0,0,0,0,0,0,0,0,0,0,0,4,4,0,0,0,-4,0,0
2,,6884,Al Qairawan,Al Qirwan district_363,Mixed.,Open,,,,,0.02,0.01,0,0,0,0,0,0,0,0,0,0,0,0,0,0,3,3,0,0,0,-3,0,0
2,,4947,Al Quds,Al Quds district_76,Resid.,Open,,,,,0.02,0.01,0,0,0,0,0,0,0,0,0,0,0,0,0,0,3,3,0,0,0,-3,0,0
2,,4969,Al Quds,Al Quds district_98,Resid.,Open,,,,,0.16,0.11,0,0,0,0,0,5,0,0,0,0,5,1,3,1,29,21,2,6,0,-23,0,0
2,,4974,Ar Rabwah,Al Rabwah district_14,Resid.,Open,,,,,0.07,0.05,0,0,0,0,0,14,0,0,0,0,14,1,7,6,18,7,3,8,0,-10,0,0
2,,4975,Ar Rabwah,Al Rabwah district_15,Resid.,Open,,,,,0.06,0.04,0,0,0,0,0,3,0,0,0,0,3,0,3,0,10,8,1,1,0,-9,0,0
2,,4976,Ar Rabwah,Al Rabwah district_16,Resid.,Open,,,,,0.07,0.05,0,0,0,0,0,8,0,0,0,0,8,1,5,2,12,6,3,3,0,-10,0,0
2,,4983,Ar Rabwah,Al Rabwah district_19,Mixed.,Open,,,,,0.06,0.04,0,0,0,0,0,8,0,0,0,0,8,0,3,5,10,3,2,5,0,-9,0,0
2,,4984,Ar Rabwah,Al Rabwah district_20,Resid.,Open,,,,,0.16,0.11,0,0,0,0,0,14,0,0,0,0,14,2,9,3,28,18,5,5,0,-23,0,YES
2,,4985,Ar Rabwah,Al Rabwah district_21,Resid.,Open,,,,,0.06,0.04,0,0,0,0,0,10,0,0,0,0,10,1,6,3,13,6,3,4,0,-9,0,YES
2,,4990,Ar Rabwah,Al Rabwah district_26,Resid.,Open,,,,,0.16,0.1,0,0,0,0,0,13,0,0,0,0,13,2,7,4,27,17,5,5,0,-22,0,0
2,,4998,Ar Rabwah,Al Rabwah district_34,Resid.,Open,,,,,0.03,0.02,0,0,0,0,0,0,0,0,0,0,0,0,0,0,5,4,0,1,0,-4,0,0
2,,5001,Ar Rabwah,Al Rabwah district_38,Resid.,Open,,,,,0.26,0.17,0,0,0,0,0,15,0,0,0,0,15,0,13,2,38,29,6,3,0,-36,0,YES
2,,5002,Ar Rabwah,Al Rabwah district_39,Resid.,Open,,,,,0.04,0.03,0,0,0,0,0,6,0,0,0,0,6,2,2,2,9,4,2,3,0,-6,0,0
2,,5005,Ar Rabwah,Al Rabwah district_42,Resid.,Open,,,,,0.06,0.04,0,0,0,0,0,7,0,0,0,0,7,1,4,2,11,5,3,3,0,-8,0,0
2,,5007,Ar Rabwah,Al Rabwah district_44,Resid.,Open,,,,,0.03,0.02,0,0,0,0,0,2,0,0,0,0,2,0,1,1,5,3,1,1,0,-4,0,0
2,,5044,Al Wadi,Al Wadi district_14,Resid.,Off-Plan,fabdelrahman,25-May,"May 26, 25","May 26, 25",0.03,0.02,0,0,0,0,0,2,1,0,1,0,1,0,1,0,5,3,1,1,0,-4,0,0
2,,5041,Al Wadi,Al Wadi district_11,Resid.,Off-Plan,fabdelrahman,25-May,"May 26, 25","May 26, 25",0.04,0.03,0,0,0,0,0,4,3,1,2,0,1,0,1,0,6,5,1,0,0,-6,0,0
2,,5052,Al Wadi,Al Wadi district_22,Resid.,Off-Plan,fabdelrahman,25-May,"May 27, 25","May 27, 25",0.14,0.1,0,0,0,0,0,27,22,15,7,0,5,0,5,0,23,18,2,3,0,-20,0,0
2,,5064,Al Wahah,Al Wahah district_98,Com,Open,,,,,0.27,0.18,0,0,0,0,0,4,0,0,0,0,4,0,4,0,41,37,1,3,0,-38,0,0
2,,5065,Al Zahra,Al Zahra district_10000017,Mixed.,Open,,25-Dec,,,0.08,0.05,0,0,0,0,0,2,0,0,0,0,2,0,1,1,12,9,1,2,0,-11,0,0
2,,5071,Al Zahra,Al Zahra district_10000570,Resid.,Open,,,,,0.27,0.18,0,0,0,0,0,12,0,0,0,0,12,1,6,5,44,33,3,8,0,-38,0,YES
2,,5073,Al Zahra,Al Zahra district_10000572,Resid.,Open,,,,,0.1,0.07,0,0,0,0,0,8,0,0,0,0,8,1,4,3,18,10,3,5,0,-14,0,0
2,,5074,Al Zahra,Al Zahra district_10000573,Resid.,Open,,,,,0.22,0.15,0,0,0,0,0,18,0,0,0,0,18,1,14,3,34,25,5,4,0,-31,0,0
2,,5076,Al Zahra,Al Zahra district_10000575,Resid.,Open,,,,,0.1,0.07,0,0,0,0,0,11,0,0,0,0,11,0,7,4,18,10,2,6,0,-14,0,0
2,,5077,Al Zahra,Al Zahra district_10000576,Resid.,Open,,,,,0.07,0.05,0,0,0,0,0,5,0,0,0,0,5,1,1,3,13,8,1,4,0,-10,0,0
2,,5137,Assafarat,Assafarat district_10000002,Mixed.,Open,,,,,0.1,0.07,0,0,0,0,0,11,0,0,0,0,11,1,2,8,22,13,1,8,0,-14,0,0
2,,5138,Assafarat,Assafarat district_10000003,Mixed.,Open,,,,,0.06,0.04,0,0,0,0,0,11,0,0,0,0,11,1,2,8,17,7,1,9,0,-8,0,0
2,,5142,Assafarat,Assafarat district_10000007,Resid.,Open,,,,,0.06,0.04,0,0,0,0,0,14,0,0,0,0,14,2,7,5,18,5,4,9,0,-9,0,0
2,,5143,Assafarat,Assafarat district_10000008,Resid.,Open,,,,,0.05,0.03,0,0,0,0,0,6,0,0,0,0,6,0,5,1,10,5,2,3,0,-7,0,0
2,,5152,Assafarat,Assafarat district_10000017,Resid.,Open,,,,,0.14,0.09,0,0,0,0,0,2,0,0,0,0,2,0,2,0,21,18,1,2,0,-19,0,0
2,,5153,Assafarat,Assafarat district_10000018,Resid.,Open,,,,,0.04,0.02,0,0,0,0,0,2,0,0,0,0,2,0,2,0,6,4,1,1,0,-5,0,0
2,,5154,Assafarat,Assafarat district_10000019,Resid.,Open,,,,,0.02,0.01,0,0,0,0,0,5,0,0,0,0,5,0,3,2,5,2,1,2,0,-3,0,0
2,,5159,Al Fakhriyah,city Riyadh Al Fakhriyah district_1223,Resid.,Open,,,,,0.04,0.03,0,0,0,0,0,0,0,0,0,0,0,0,0,0,7,6,0,1,0,-6,0,0
2,,5163,Al Fakhriyah,city Riyadh Al Fakhriyah district_1227,Resid.,Open,,,,,0.03,0.02,0,0,0,0,0,1,0,0,0,0,1,0,1,0,4,3,1,0,0,-4,0,0
2,,5165,Al Fakhriyah,city Riyadh Al Fakhriyah district_1229,Mixed.,Open,,,,,0.05,0.03,0,0,0,0,0,2,0,0,0,0,2,0,1,1,7,5,1,1,0,-7,0,0
2,,5166,Al Fakhriyah,city Riyadh Al Fakhriyah district_1230,Mixed.,Open,,,,,0.07,0.05,0,0,0,0,0,11,0,0,0,0,11,1,5,5,15,7,3,5,0,-10,0,0
2,,5169,Al Khuzama,city Riyadh Al Khuzama district_1364,Mixed.,Open,,,,,0.05,0.03,0,0,0,0,0,3,0,0,0,0,3,1,1,1,9,6,1,2,0,-7,0,0
2,,5170,Al Khuzama,city Riyadh Al Khuzama district_1365,Mixed.,Open,,,,,0.04,0.02,0,0,0,0,0,3,0,0,0,0,3,0,1,2,8,4,1,3,0,-5,0,0
2,,5171,Al Khuzama,city Riyadh Al Khuzama district_1366,Resid.,Open,,,,,0.04,0.02,0,0,0,0,0,0,0,0,0,0,0,0,0,0,7,5,0,2,0,-5,0,0
2,,5173,Al Khuzama,city Riyadh Al Khuzama district_1368,Resid.,Open,,,,,0.07,0.05,0,0,0,0,0,0,0,0,0,0,0,0,0,0,10,10,0,0,0,-10,0,0
2,,5175,Al Khuzama,city Riyadh Al Khuzama district_1370,Mixed.,Open,,,,,0.05,0.03,0,0,0,0,0,5,0,0,0,0,5,1,1,3,13,6,1,6,0,-7,0,0
2,,5178,Al Khuzama,city Riyadh Al Khuzama district_1373,Resid.,,,,,,0.06,0.04,0,0,0,0,0,6,0,0,0,0,6,1,3,2,14,6,3,5,0,-9,0,0
2,,5179,Al Khuzama,city Riyadh Al Khuzama district_1374,Resid.,Open,,,,,0.11,0.08,0,0,0,0,0,4,0,0,0,0,4,0,3,1,22,13,2,7,0,-16,0,0
2,,5180,Al Khuzama,city Riyadh Al Khuzama district_1375,Resid.,Open,,,,,0.04,0.02,0,0,0,0,0,4,0,0,0,0,4,1,2,1,7,4,1,2,0,-5,0,0
2,,5182,Al Khuzama,city Riyadh Al Khuzama district_1377,Resid.,Open,,,,,0.07,0.05,0,0,0,0,0,2,0,0,0,0,2,0,1,1,11,8,1,2,0,-10,0,0
2,,5183,Al Khuzama,city Riyadh Al Khuzama district_1453,Mixed.,Open,,,,,0.02,0.01,0,0,0,0,0,0,0,0,0,0,0,0,0,0,3,3,0,0,0,-3,0,0
2,,5184,Al Manar,city Riyadh Al Manar district_207,Resid.,Open,,,,,0.08,0.05,0,0,0,0,0,6,0,0,0,0,6,2,2,2,13,9,2,2,0,-11,0,0
2,,5186,Al Manar,city Riyadh Al Manar district_4,Resid.,Off-Plan,ashuban,25-May,"May 20, 25","May 20, 25",0.02,0.01,0,0,0,0,0,4,0,0,0,0,4,0,4,0,3,2,1,0,0,-3,0,0
2,,5191,Al Manar,city Riyadh Al Manar district_52,Resid.,Open,,,,,0.05,0.03,0,0,0,0,0,5,0,0,0,0,5,1,1,3,10,6,1,3,0,-7,0,0
2,,5192,Al Manar,city Riyadh Al Manar district_53,Resid.,Open,,,,,0.04,0.02,0,0,0,0,0,3,0,0,0,0,3,0,3,0,6,4,1,1,0,-5,0,0
2,,5194,Al Manar,city Riyadh Al Manar district_55,Resid.,Open,,,,,0.04,0.02,0,0,0,0,0,1,0,0,0,0,1,0,1,0,5,4,1,0,0,-5,0,0
2,,5195,Al Manar,city Riyadh Al Manar district_56,Resid.,Open,,,,,0.05,0.03,0,0,0,0,0,4,0,0,0,0,4,0,4,0,7,6,1,0,0,-7,0,YES
2,,5197,Al Manar,city Riyadh Al Manar district_58,Resid.,Open,,,,,0.08,0.05,0,0,0,0,0,9,0,0,0,0,9,1,1,7,14,6,1,7,0,-11,0,0
2,,5198,Al Manar,city Riyadh Al Manar district_59,Mixed.,Open,,,,,0.11,0.08,0,0,0,0,0,2,0,0,0,0,2,0,0,2,17,14,0,3,0,-16,0,0
2,,5199,Al Manar,city Riyadh Al Manar district_60,Resid.,Open,,,,,0.08,0.05,0,0,0,0,0,1,0,0,0,0,1,0,1,0,12,10,1,1,0,-11,0,0
2,,5203,Al Manar,city Riyadh Al Manar district_64,Resid.,Open,,,,,0.03,0.02,0,0,0,0,0,0,0,0,0,0,0,0,0,0,4,4,0,0,0,-4,0,0
2,,5205,Al Manar,city Riyadh Al Manar district_66,Resid.,Open,,,,,0.02,0.01,0,0,0,0,0,3,0,0,0,0,3,1,1,1,4,2,1,1,0,-3,0,0
2,,5207,Al Manar,city Riyadh Al Manar district_68,Mixed.,Open,,,,,0.29,0.19,0,0,0,0,0,2,0,0,0,0,2,0,0,2,40,38,0,2,0,-40,0,0
2,,5208,Al Manar,city Riyadh Al Manar district_69,Resid.,Open,,,,,0.12,0.08,0,0,0,0,0,1,0,0,0,0,1,0,0,1,19,16,0,3,0,-17,0,0
2,,5211,Al Manar,city Riyadh Al Manar district_72,Resid.,Open,,,,,0.14,0.09,0,0,0,0,0,6,0,0,0,0,6,0,0,6,26,15,0,11,0,-19,0,0
2,,5212,Al Manar,city Riyadh Al Manar district_73,Resid.,Open,,,,,0.05,0.03,0,0,0,0,0,2,0,0,0,0,2,0,1,1,9,6,1,2,0,-7,0,0
2,,5213,Al Manar,city Riyadh Al Manar district_74,Resid.,Off-Plan,ashuban,25-May,"May 25, 25","May 25, 25",0.07,0.05,0,0,0,0,0,37,28,22,6,0,9,2,4,3,14,7,3,4,0,-10,0,YES
2,,5215,Al Nasiriyah,city Riyadh Al Nasiriyah district_1232,Resid.,Open,,,,,0.08,0.05,0,0,0,0,0,3,0,0,0,0,3,1,1,1,13,10,1,2,0,-11,0,0
2,,5218,Al Nasiriyah,city Riyadh Al Nasiriyah district_1235,Mixed.,Open,,,,,0.02,0.01,0,0,0,0,0,0,0,0,0,0,0,0,0,0,3,3,0,0,0,-3,0,0
2,,5220,Al Nasiriyah,city Riyadh Al Nasiriyah district_1237,Mixed.,Open,,,,,0.04,0.03,0,0,0,0,0,2,0,0,0,0,2,0,0,2,6,4,0,2,0,-6,0,0
2,,5221,Al Nasiriyah,city Riyadh Al Nasiriyah district_1238,Resid.,Open,,,,,0.04,0.02,0,0,0,0,0,3,0,0,0,0,3,0,3,0,5,3,2,0,0,-5,0,0
2,,5275,Al Rawabi,city Riyadh Al Rawabi district_221,Resid.,Open,,,,,0.1,0.07,0,0,0,0,0,8,0,0,0,0,8,0,8,0,14,9,5,0,0,-14,0,0
2,,5277,Al Rawabi,city Riyadh Al Rawabi district_223,Resid.,Open,,,,,0.03,0.02,0,0,0,0,0,0,0,0,0,0,0,0,0,0,4,4,0,0,0,-4,0,0
2,,5278,Al Rawabi,city Riyadh Al Rawabi district_224,Resid.,Open,,,,,0.11,0.08,0,0,0,0,0,11,0,0,0,0,11,1,4,6,23,12,3,8,0,-16,0,0
2,,5298,Al Rawabi,city Riyadh Al Rawabi district_244,Mixed.,Off-Plan,ashuban,25-May,"May 22, 25","May 22, 25",0.06,0.04,0,0,0,0,0,20,12,9,3,0,8,0,7,1,11,6,3,2,0,-9,0,0
2,,5299,Al Rawabi,city Riyadh Al Rawabi district_245,Mixed.,Open,,,,,0.11,0.08,0,0,0,0,0,14,0,0,0,0,14,1,10,3,21,11,5,5,0,-16,0,0
2,,5300,Al Rawabi,city Riyadh Al Rawabi district_246,Mixed.,Open,,,,,0.06,0.04,0,0,0,0,0,3,0,0,0,0,3,0,3,0,12,7,1,4,0,-8,0,YES
2,,5301,Al Rawabi,city Riyadh Al Rawabi district_247,Mixed.,Open,,,,,0.06,0.04,0,0,0,0,0,1,0,0,0,0,1,0,1,0,9,7,1,1,0,-8,0,0
2,,5308,Al Rawabi,city Riyadh Al Rawabi district_254,Resid.,Open,,,,,0.04,0.02,0,0,0,0,0,5,0,0,0,0,5,1,1,3,7,4,1,2,0,-5,0,YES
2,,5309,Al Rawabi,city Riyadh Al Rawabi district_255,Resid.,Open,,,,,0.04,0.02,0,0,0,0,0,4,0,0,0,0,4,0,2,2,7,4,1,2,0,-5,0,0
2,,5319,Al Rayan,city Riyadh Al Rayan district_11,Mixed.,Open,,,,,0.14,0.1,0,0,0,0,0,13,0,0,0,0,13,3,7,3,26,16,5,5,0,-20,0,0
2,,5327,Al Rayan,city Riyadh Al Rayan district_19,Resid.,Open,,,,,0.07,0.05,0,0,0,0,0,11,0,0,0,0,11,4,4,3,14,6,4,4,0,-10,0,0
2,,5330,Al Rayan,city Riyadh Al Rayan district_203,Resid.,Open,,,,,0.16,0.1,0,0,0,0,0,3,0,0,0,0,3,0,3,0,25,20,2,3,0,-22,0,YES
2,,5339,Al Rayan,city Riyadh Al Rayan district_26,Resid.,Open,,,,,0.11,0.07,0,0,0,0,0,27,19,13,6,0,8,0,7,1,18,11,4,3,0,-15,0,YES
2,,5340,Al Rayan,city Riyadh Al Rayan district_27,Resid.,Off-Plan,ashuban,25-May,"May 21, 25","May 21, 25",0.09,0.06,0,0,0,0,0,5,0,0,0,0,5,1,3,1,16,9,3,4,0,-12,0,0
2,,5347,Al Rayan,city Riyadh Al Rayan district_34,Resid.,Open,,,,,0.06,0.04,0,0,0,0,0,1,0,0,0,0,1,0,1,0,8,7,1,0,0,-8,0,0
2,,7867,Al Rimal,city Riyadh Al Rimal district_17,Mixed.,Open,,,,,0.03,0.02,0,0,0,0,0,0,0,0,0,0,0,0,0,0,7,4,0,3,0,-4,0,0
2,,5350,Al Rayan,city Riyadh Al Rayan district_37,Resid.,Open,,,,,0.04,0.03,0,0,0,0,0,3,0,0,0,0,3,1,1,1,7,5,1,1,0,-6,0,0
2,,7868,Al Rimal,city Riyadh Al Rimal district_18,Mixed.,Open,,,,,0.04,0.03,0,0,0,0,0,2,0,0,0,0,2,0,0,2,12,6,0,6,0,-6,0,0
2,,7871,Al Rimal,city Riyadh Al Rimal district_21,Resid.,Open,,,,,0.04,0.03,0,0,0,0,0,3,0,0,0,0,3,1,1,1,9,5,1,3,0,-6,0,0
2,,7870,Al Rimal,city Riyadh Al Rimal district_20,Resid.,Open,,,,,0.04,0.03,0,0,0,0,0,6,0,0,0,0,6,2,2,2,8,4,2,2,0,-6,0,0
2,,7876,Al Rimal,city Riyadh Al Rimal district_26,Resid.,Open,,,,,0.11,0.08,0,0,0,0,0,1,0,0,0,0,1,0,0,1,19,16,0,3,0,-16,0,0
2,,7881,Al Rimal,city Riyadh Al Rimal district_28,Mixed.,Open,,,,,0.14,0.1,0,0,0,0,0,1,0,0,0,0,1,0,0,1,23,20,0,3,0,-20,0,0
2,,7890,Al Rimal,city Riyadh Al Rimal district_288,Mixed.,Open,,,,,0.03,0.02,0,0,0,0,0,10,0,0,0,0,10,3,1,6,9,2,1,6,0,-4,0,0
2,,7907,Al Rimal,city Riyadh Al Rimal district_303,Resid.,Open,,,,,0.04,0.03,0,0,0,0,0,3,0,0,0,0,3,1,1,1,8,5,1,2,0,-6,0,0
2,,7908,Al Rimal,city Riyadh Al Rimal district_304,Mixed.,Open,,,,,0.09,0.06,0,0,0,0,0,10,0,0,0,0,10,2,4,4,16,8,3,5,0,-13,0,0
2,,7910,Al Rimal,city Riyadh Al Rimal district_306,Mixed.,Open,,,,,0.03,0.02,0,0,0,0,0,3,0,0,0,0,3,1,1,1,5,3,1,1,0,-4,0,0
2,,7925,Al Rimal,city Riyadh Al Rimal district_32,Mixed.,Open,,,,,0.06,0.04,0,0,0,0,0,0,0,0,0,0,0,0,0,0,9,9,0,0,0,-9,0,0
2,,7936,Al Rimal,city Riyadh Al Rimal district_33,Mixed.,Open,,,,,0.04,0.02,0,0,0,0,0,0,0,0,0,0,0,0,0,0,5,5,0,0,0,-5,0,0
2,,7932,Al Rimal,city Riyadh Al Rimal district_326,Mixed.,Open,,,,,0.03,0.02,0,0,0,0,0,0,0,0,0,0,0,0,0,0,4,4,0,0,0,-4,0,0
2,,7937,Al Rimal,city Riyadh Al Rimal district_330,Mixed.,Open,,,,,0.02,0.01,0,0,0,0,0,0,0,0,0,0,0,0,0,0,3,3,0,0,0,-3,0,0
2,,7939,Al Rimal,city Riyadh Al Rimal district_332,Resid.,Open,,,,,0.06,0.04,0,0,0,0,0,2,0,0,0,0,2,0,0,2,9,7,0,2,0,-9,0,0
2,,7944,Al Rimal,city Riyadh Al Rimal district_337,Mixed.,Open,,,,,0.03,0.02,0,0,0,0,0,4,0,0,0,0,4,0,4,0,4,3,1,0,0,-4,0,0
2,,7945,Al Rimal,city Riyadh Al Rimal district_338,Mixed.,Open,,,,,0.03,0.02,0,0,0,0,0,0,0,0,0,0,0,0,0,0,4,4,0,0,0,-4,0,0
2,,7954,Al Rimal,city Riyadh Al Rimal district_37,Resid.,Open,,,,,0.02,0.01,0,0,0,0,0,0,0,0,0,0,0,0,0,0,3,3,0,0,0,-3,0,0
2,,7955,Al Rimal,city Riyadh Al Rimal district_38,Resid.,Open,,,,,0.05,0.03,0,0,0,0,0,5,0,0,0,0,5,1,3,1,8,5,2,1,0,-7,0,0
2,,7956,Al Rimal,city Riyadh Al Rimal district_384,Mixed.,Open,,,,,0.07,0.05,0,0,0,0,0,5,0,0,0,0,5,1,1,3,11,7,1,3,0,-10,0,0
2,,7967,Al Rimal,city Riyadh Al Rimal district_394,Mixed.,Open,,,,,0.17,0.11,0,0,0,0,0,6,0,0,0,0,6,1,3,2,27,21,3,3,0,-24,0,0
2,,7968,Al Rimal,city Riyadh Al Rimal district_395,Resid.,Open,,,,,0.04,0.02,0,0,0,0,0,3,0,0,0,0,3,1,1,1,6,4,1,1,0,-5,0,0
2,,7973,Al Rimal,city Riyadh Al Rimal district_40,Mixed.,Open,,,,,0.14,0.1,0,0,0,0,0,5,0,0,0,0,5,0,5,0,22,18,2,2,0,-20,0,0
2,,7983,Al Rimal,city Riyadh Al Rimal district_409,Mixed.,Open,,,,,0.07,0.05,0,0,0,0,0,3,0,0,0,0,3,1,1,1,11,9,1,1,0,-10,0,0
2,,7985,Al Rimal,city Riyadh Al Rimal district_410,Mixed.,Open,,,,,0.03,0.02,0,0,0,0,0,0,0,0,0,0,0,0,0,0,4,4,0,0,0,-4,0,0
2,,7987,Al Rimal,city Riyadh Al Rimal district_412,Mixed.,Open,,,,,0.06,0.04,0,0,0,0,0,3,0,0,0,0,3,0,2,1,10,8,1,1,0,-9,0,0
2,,7992,Al Rimal,city Riyadh Al Rimal district_417,Mixed.,Open,,,,,0.02,0.01,0,0,0,0,0,3,0,0,0,0,3,1,1,1,4,2,1,1,0,-3,0,0
2,,8002,Al Rimal,city Riyadh Al Rimal district_426,Mixed.,Open,,,,,0.05,0.03,0,0,0,0,0,1,0,0,0,0,1,0,1,0,7,6,1,0,0,-7,0,0
2,,8005,Al Rimal,city Riyadh Al Rimal district_429,Mixed.,Open,,,,,0.02,0.01,0,0,0,0,0,3,0,0,0,0,3,1,1,1,4,2,1,1,0,-3,0,0
2,,8006,Al Rimal,city Riyadh Al Rimal district_43,Resid.,Open,,,,,0.06,0.04,0,0,0,0,0,4,0,0,0,0,4,1,2,1,10,6,2,2,0,-8,0,0
2,,8009,Al Rimal,city Riyadh Al Rimal district_432,Resid.,Open,,,,,0.02,0.01,0,0,0,0,0,0,0,0,0,0,0,0,0,0,3,3,0,0,0,-3,0,0
2,,8010,Al Rimal,city Riyadh Al Rimal district_433,Resid.,Open,,,,,0.04,0.03,0,0,0,0,0,0,0,0,0,0,0,0,0,0,7,6,0,1,0,-6,0,0
2,,8018,Al Rimal,city Riyadh Al Rimal district_440,Resid.,Open,,,,,0.02,0.01,0,0,0,0,0,4,0,0,0,0,4,0,3,1,3,2,1,0,0,-3,0,0
2,,8024,Al Rimal,city Riyadh Al Rimal district_45,Resid.,Open,,,,,0.05,0.03,0,0,0,0,0,0,0,0,0,0,0,0,0,0,7,7,0,0,0,-7,0,0
2,,8025,Al Rimal,city Riyadh Al Rimal district_46,Resid.,Open,,,,,0.02,0.01,0,0,0,0,0,0,0,0,0,0,0,0,0,0,3,3,0,0,0,-3,0,0
2,,8028,Al Rimal,city Riyadh Al Rimal district_49,Com,Open,,,,,0.31,0.21,0,0,0,0,0,3,0,0,0,0,3,0,3,0,57,43,1,13,0,-44,0,0
2,,8026,Al Rimal,city Riyadh Al Rimal district_47,Mixed.,Open,,,,,0.13,0.09,0,0,0,0,0,4,0,0,0,0,4,0,3,1,22,17,1,4,0,-18,0,0
2,,8033,Al Rimal,city Riyadh Al Rimal district_521,Com,Open,,,,,0.14,0.1,0,0,0,0,0,11,0,0,0,0,11,2,2,7,23,13,2,8,0,-20,0,0
2,,8043,Al Rimal,city Riyadh Al Rimal district_62,Resid.,Open,,,,,0.1,0.07,0,0,0,0,0,3,0,0,0,0,3,1,1,1,15,13,1,1,0,-14,0,0
2,,8041,Al Rimal,city Riyadh Al Rimal district_60,Resid.,Open,,,,,0.02,0.01,0,0,0,0,0,0,0,0,0,0,0,0,0,0,3,3,0,0,0,-3,0,0
2,,8046,Al Rimal,city Riyadh Al Rimal district_9,Mixed.,Open,,,,,0.04,0.02,0,0,0,0,0,0,0,0,0,0,0,0,0,0,5,5,0,0,0,-5,0,0
2,,5362,Al Salam,city Riyadh Al Salam district_265,Mixed.,Open,,,,,0.05,0.03,0,0,0,0,0,0,0,0,0,0,0,0,0,0,7,7,0,0,0,-7,0,0
2,,5364,Al Salam,city Riyadh Al Salam district_267,Resid.,Off-Plan,ashuban,25-May,"May 20, 25","May 20, 25",0.05,0.03,0,0,0,0,0,10,10,5,5,0,0,0,0,0,7,7,0,0,0,-7,0,0
2,,5370,Al Salam,city Riyadh Al Salam district_273,Resid.,Off-Plan,ashuban,25-May,"May 20, 25","May 20, 25",0.12,0.08,0,0,0,0,0,36,35,31,4,0,1,0,0,1,17,16,0,1,0,-17,0,0
2,,5369,Al Salam,city Riyadh Al Salam district_272,Resid.,Off-Plan,ashuban,25-May,"May 20, 25","May 20, 25",0.15,0.1,0,0,0,0,0,36,29,16,13,0,7,1,2,4,25,16,2,7,0,-21,0,0
2,,5376,Al Salam,city Riyadh Al Salam district_279,Resid.,Open,,,,,0.06,0.04,0,0,0,0,0,4,0,0,0,0,4,1,2,1,12,7,2,3,0,-9,0,0
2,,5378,Al Salam,city Riyadh Al Salam district_281,Resid.,Open,,,,,0.04,0.03,0,0,0,0,0,5,0,0,0,0,5,1,1,3,9,5,1,3,0,-6,0,0
2,,5382,Al Salam,city Riyadh Al Salam district_285,Resid.,Open,,,,,0.05,0.03,0,0,0,0,0,1,0,0,0,0,1,0,1,0,7,6,1,0,0,-7,0,0
2,,5384,Al Salam,city Riyadh Al Salam district_287,Resid.,Open,,,,,0.06,0.04,0,0,0,0,0,0,0,0,0,0,0,0,0,0,9,8,0,1,0,-8,0,0
2,,5387,Al Salam,city Riyadh Al Salam district_290,Resid.,Open,,,,,0.08,0.05,0,0,0,0,0,10,0,0,0,0,10,1,7,2,15,9,2,4,0,-11,0,0
2,,5388,Al Salam,city Riyadh Al Salam district_291,Resid.,Open,,,,,0.04,0.03,0,0,0,0,0,0,0,0,0,0,0,0,0,0,6,6,0,0,0,-6,0,YES
2,,5389,Al Salam,city Riyadh Al Salam district_292,Resid.,Open,,,,,0.02,0.01,0,0,0,0,0,3,0,0,0,0,3,1,1,1,4,2,1,1,0,-3,0,0
2,,5396,Al Salam,city Riyadh Al Salam district_299,Resid.,Open,,,,,0.07,0.05,0,0,0,0,0,4,0,0,0,0,4,1,1,2,12,9,1,2,0,-10,0,0
2,,5400,Al Salam,city Riyadh Al Salam district_305,Resid.,Open,,,,,0.05,0.03,0,0,0,0,0,8,0,0,0,0,8,2,3,3,10,5,2,3,0,-7,0,0
2,,8430,Al Zahra,city Riyadh Al Zahrah district_129,Resid.,Open,,,,,0.07,0.05,0,0,0,0,0,0,0,0,0,0,0,0,0,0,10,10,0,0,0,-10,0,YES
2,,8437,Al Zahra,city Riyadh Al Zahrah district_136,Resid.,Open,,,,,0.05,0.03,0,0,0,0,0,3,0,0,0,0,3,1,1,1,8,6,1,1,0,-7,0,YES
2,,8438,Al Zahra,city Riyadh Al Zahrah district_137,Resid.,Open,,,,,0.03,0.02,0,0,0,0,0,3,0,0,0,0,3,1,1,1,5,3,1,1,0,-4,0,0
2,,8440,Al Zahra,city Riyadh Al Zahrah district_139,Resid.,Open,,,,,0.04,0.03,0,0,0,0,0,0,0,0,0,0,0,0,0,0,7,6,0,1,0,-6,0,YES
2,,8444,Al Zahra,city Riyadh Al Zahrah district_143,Resid.,Open,,,,,0.06,0.04,0,0,0,0,0,7,0,0,0,0,7,2,2,3,13,6,2,5,0,-8,0,0
2,,8446,Al Zahra,city Riyadh Al Zahrah district_145,Resid.,Open,,,,,0.07,0.05,0,0,0,0,0,0,0,0,0,0,0,0,0,0,11,10,0,1,0,-10,0,YES
2,,8448,Al Zahra,city Riyadh Al Zahrah district_147,Resid.,Open,,,,,0.02,0.01,0,0,0,0,0,0,0,0,0,0,0,0,0,0,3,3,0,0,0,-3,0,0
2,,8451,Al Zahra,city Riyadh Al Zahrah district_150,Resid.,Open,,,,,0.1,0.07,0,0,0,0,0,3,0,0,0,0,3,0,1,2,14,11,1,2,0,-14,0,0
2,,8453,Al Zahra,city Riyadh Al Zahrah district_152,Resid.,Open,,,,,0.05,0.03,0,0,0,0,0,0,0,0,0,0,0,0,0,0,7,7,0,0,0,-7,0,0
2,,8454,Al Zahra,city Riyadh Al Zahrah district_153,Resid.,Open,,,,,0.04,0.03,0,0,0,0,0,3,0,0,0,0,3,1,1,1,7,5,1,1,0,-6,0,0
2,,8456,Al Zahra,city Riyadh Al Zahrah district_155,Resid.,Open,,,,,0.1,0.07,0,0,0,0,0,3,0,0,0,0,3,0,0,3,15,11,0,4,0,-14,0,0
2,,8457,Al Zahra,city Riyadh Al Zahrah district_156,Resid.,Open,,,,,0.06,0.04,0,0,0,0,0,0,0,0,0,0,0,0,0,0,10,9,0,1,0,-9,0,0
2,,8464,Al Zahra,city Riyadh Al Zahrah district_163,Resid.,Open,,,,,0.02,0.01,0,0,0,0,0,0,0,0,0,0,0,0,0,0,3,3,0,0,0,-3,0,0
2,,8460,Al Zahra,city Riyadh Al Zahrah district_159,Resid.,,,,,,0.05,0.03,0,0,0,0,0,0,0,0,0,0,0,0,0,0,8,7,0,1,0,-7,0,0
2,,8465,Al Zahra,city Riyadh Al Zahrah district_164,Resid.,Open,,,,,0.02,0.01,0,0,0,0,0,3,0,0,0,0,3,1,1,1,4,2,1,1,0,-3,0,0
2,,8466,Al Zahra,city Riyadh Al Zahrah district_165,Resid.,Open,,,,,0.02,0.01,0,0,0,0,0,0,0,0,0,0,0,0,0,0,3,3,0,0,0,-3,0,0
2,,8467,Al Zahra,city Riyadh Al Zahrah district_166,Resid.,Open,,,,,0.07,0.05,0,0,0,0,0,0,0,0,0,0,0,0,0,0,10,10,0,0,0,-10,0,0
2,,8472,Al Zahra,city Riyadh Al Zahrah district_171,Resid.,Open,,,,,0.06,0.04,0,0,0,0,0,3,0,0,0,0,3,1,1,1,10,7,1,2,0,-8,0,0
2,,8799,Dhahrat Laban,city Riyadh Dhahrat Laban district_1000,Resid.,Open,,,,,0.05,0.03,0,0,0,0,0,3,0,0,0,0,3,1,1,1,8,6,1,1,0,-7,0,0
2,,8477,Al Zahra,city Riyadh Al Zahrah district_223,Resid.,Open,,,,,0.09,0.06,0,0,0,0,0,5,0,0,0,0,5,1,1,3,15,10,1,4,0,-13,0,0
2,,8800,Dhahrat Laban,city Riyadh Dhahrat Laban district_1001,Resid.,Open,,,,,0.05,0.03,0,0,0,0,0,0,0,0,0,0,0,0,0,0,7,7,0,0,0,-7,0,0
2,,8801,Dhahrat Laban,city Riyadh Dhahrat Laban district_1002,Resid.,Open,,,,,0.06,0.04,0,0,0,0,0,0,0,0,0,0,0,0,0,0,9,9,0,0,0,-9,0,0
2,,8808,Dhahrat Laban,city Riyadh Dhahrat Laban district_1009,Resid.,Open,,,,,0.09,0.06,0,0,0,0,0,0,0,0,0,0,0,0,0,0,15,13,0,2,0,-13,0,0
2,,8810,Dhahrat Laban,city Riyadh Dhahrat Laban district_1011,Resid.,Open,,,,,0.07,0.05,0,0,0,0,0,3,0,0,0,0,3,1,1,1,11,9,1,1,0,-10,0,0
2,,8809,Dhahrat Laban,city Riyadh Dhahrat Laban district_1010,Resid.,Open,,,,,0.06,0.04,0,0,0,0,0,0,0,0,0,0,0,0,0,0,9,9,0,0,0,-9,0,0
2,,8811,Dhahrat Laban,city Riyadh Dhahrat Laban district_1012,Resid.,Open,,,,,0.09,0.06,0,0,0,0,0,0,0,0,0,0,0,0,0,0,15,13,0,2,0,-13,0,0
2,,8813,Dhahrat Laban,city Riyadh Dhahrat Laban district_1014,Resid.,Open,,,,,0.05,0.03,0,0,0,0,0,1,0,0,0,0,1,0,0,1,8,7,0,1,0,-7,0,0
2,,8814,Dhahrat Laban,city Riyadh Dhahrat Laban district_1015,Resid.,Open,,,,,0.03,0.02,0,0,0,0,0,3,0,0,0,0,3,1,1,1,5,3,1,1,0,-4,0,0
2,,8820,Dhahrat Laban,city Riyadh Dhahrat Laban district_833,Mixed.,Open,,,,,0.23,0.15,0,0,0,0,0,5,0,0,0,0,5,0,4,1,40,30,2,8,0,-32,0,0
2,,8831,Dhahrat Laban,city Riyadh Dhahrat Laban district_845,Resid.,Open,,,,,0.08,0.05,0,0,0,0,0,5,0,0,0,0,5,1,2,2,18,9,2,7,0,-11,0,0
2,,8833,Dhahrat Laban,city Riyadh Dhahrat Laban district_847,Resid.,Open,,,,,0.04,0.02,0,0,0,0,0,3,0,0,0,0,3,1,1,1,7,4,1,2,0,-5,0,0
2,,8832,Dhahrat Laban,city Riyadh Dhahrat Laban district_846,Mixed.,Open,,,,,0.1,0.07,0,0,0,0,0,0,0,0,0,0,0,0,0,0,22,14,0,8,0,-14,0,0
2,,8840,Dhahrat Laban,city Riyadh Dhahrat Laban district_854,Resid.,Open,,,,,0.04,0.02,0,0,0,0,0,1,0,0,0,0,1,0,0,1,6,4,0,2,0,-5,0,0
2,,8835,Dhahrat Laban,city Riyadh Dhahrat Laban district_849,Resid.,Open,,,,,0.1,0.07,0,0,0,0,0,4,2,0,2,0,2,0,1,1,23,11,3,9,0,-12,0,0
2,,8842,Dhahrat Laban,city Riyadh Dhahrat Laban district_856,Resid.,Open,,,,,0.08,0.05,0,0,0,0,0,4,0,0,0,0,4,1,2,1,14,9,2,3,0,-11,0,0
2,,8843,Dhahrat Laban,city Riyadh Dhahrat Laban district_857,Mixed.,Open,,,,,0.06,0.04,0,0,0,0,0,3,0,0,0,0,3,1,1,1,15,7,1,7,0,-8,0,0
2,,8853,Dhahrat Laban,city Riyadh Dhahrat Laban district_867,Resid.,Open,,,,,0.03,0.02,0,0,0,0,0,3,0,0,0,0,3,1,1,1,5,3,1,1,0,-4,0,0
2,,8866,Dhahrat Laban,city Riyadh Dhahrat Laban district_880,Resid.,Open,,,,,0.32,0.21,0,0,0,0,0,6,0,0,0,0,6,0,6,0,55,43,2,10,0,-45,0,0
2,,8872,Dhahrat Laban,city Riyadh Dhahrat Laban district_886,Resid.,Open,,,,,0.06,0.04,0,0,0,0,0,0,0,0,0,0,0,0,0,0,9,8,0,1,0,-8,0,0
2,,8875,Dhahrat Laban,city Riyadh Dhahrat Laban district_889,Mixed.,Open,,,,,0.04,0.03,0,0,0,0,0,9,0,0,0,0,9,1,4,4,9,4,1,4,0,-6,0,0
2,,8876,Dhahrat Laban,city Riyadh Dhahrat Laban district_890,Resid.,Open,,,,,0.2,0.13,0,0,0,0,0,7,0,0,0,0,7,0,6,1,38,26,2,10,0,-28,0,0
2,,8877,Dhahrat Laban,city Riyadh Dhahrat Laban district_891,Mixed.,Open,,,,,0.09,0.06,0,0,0,0,0,7,0,0,0,0,7,1,6,0,17,10,3,4,0,-13,0,0
2,,8882,Dhahrat Laban,city Riyadh Dhahrat Laban district_896,Resid.,Open,,,,,0.11,0.07,0,0,0,0,0,0,0,0,0,0,0,0,0,0,21,15,0,6,0,-15,0,0
2,,8878,Dhahrat Laban,city Riyadh Dhahrat Laban district_892,Resid.,Open,,,,,0.04,0.03,0,0,0,0,0,2,0,0,0,0,2,0,2,0,8,5,1,2,0,-6,0,0
2,,8885,Dhahrat Laban,city Riyadh Dhahrat Laban district_899,Resid.,Open,,,,,0.02,0.01,0,0,0,0,0,0,0,0,0,0,0,0,0,0,5,3,0,2,0,-3,0,0
2,,8887,Dhahrat Laban,city Riyadh Dhahrat Laban district_901,Resid.,Open,,,,,0.11,0.08,0,0,0,0,0,1,0,0,0,0,1,0,1,0,24,15,1,8,0,-16,0,0
2,,8886,Dhahrat Laban,city Riyadh Dhahrat Laban district_900,Resid.,Open,,,,,0.08,0.05,0,0,0,0,0,0,0,0,0,0,0,0,0,0,14,11,0,3,0,-11,0,0
2,,8900,Dhahrat Laban,city Riyadh Dhahrat Laban district_914,Resid.,Open,,,,,0.11,0.07,0,0,0,0,0,7,0,0,0,0,7,1,1,5,21,14,1,6,0,-15,0,0
2,,8912,Dhahrat Laban,city Riyadh Dhahrat Laban district_926,Resid.,Open,,,,,0.11,0.08,0,0,0,0,0,1,0,0,0,0,1,0,0,1,21,16,0,5,0,-16,0,0
2,,8920,Dhahrat Laban,city Riyadh Dhahrat Laban district_934,Resid.,Open,,,,,0.07,0.05,0,0,0,0,0,0,0,0,0,0,0,0,0,0,13,10,0,3,0,-10,0,0
2,,8928,Dhahrat Laban,city Riyadh Dhahrat Laban district_942,Resid.,Open,,,,,0.06,0.04,0,0,0,0,0,1,0,0,0,0,1,0,0,1,11,8,0,3,0,-8,0,0
2,,8930,Dhahrat Laban,city Riyadh Dhahrat Laban district_944,Resid.,Open,,,,,0.09,0.06,0,0,0,0,0,5,0,0,0,0,5,1,2,2,17,10,2,5,0,-12,0,0
2,,8933,Dhahrat Laban,city Riyadh Dhahrat Laban district_947,Resid.,Open,,,,,0.06,0.04,0,0,0,0,0,0,0,0,0,0,0,0,0,0,8,8,0,0,0,-8,0,0
2,,8935,Dhahrat Laban,city Riyadh Dhahrat Laban district_949,Resid.,Open,,,,,0.06,0.04,0,0,0,0,0,3,0,0,0,0,3,1,1,1,10,8,1,1,0,-9,0,0
2,,8947,Dhahrat Laban,city Riyadh Dhahrat Laban district_964,Resid.,Open,,,,,0.04,0.03,0,0,0,0,0,0,0,0,0,0,0,0,0,0,6,6,0,0,0,-6,0,0
2,,8952,Dhahrat Laban,city Riyadh Dhahrat Laban district_969,Resid.,Open,,,,,0.04,0.03,0,0,0,0,0,3,0,0,0,0,3,1,1,1,7,5,1,1,0,-6,0,0
2,,8951,Dhahrat Laban,city Riyadh Dhahrat Laban district_968,Resid.,Open,,,,,0.07,0.05,0,0,0,0,0,2,0,0,0,0,2,0,2,0,12,9,1,2,0,-10,0,0
2,,8968,Dhahrat Laban,city Riyadh Dhahrat Laban district_985,Resid.,Open,,,,,0.02,0.01,0,0,0,0,0,0,0,0,0,0,0,0,0,0,3,3,0,0,0,-3,0,0
2,,8965,Dhahrat Laban,city Riyadh Dhahrat Laban district_982,Resid.,Open,,,,,0.02,0.01,0,0,0,0,0,0,0,0,0,0,0,0,0,0,3,3,0,0,0,-3,0,0
2,,8969,Dhahrat Laban,city Riyadh Dhahrat Laban district_986,Resid.,Open,,,,,0.03,0.02,0,0,0,0,0,0,0,0,0,0,0,0,0,0,4,4,0,0,0,-4,0,0
2,,8970,Dhahrat Laban,city Riyadh Dhahrat Laban district_987,Resid.,Open,,,,,0.02,0.01,0,0,0,0,0,3,0,0,0,0,3,1,1,1,4,2,1,1,0,-3,0,0
2,,8971,Dhahrat Laban,city Riyadh Dhahrat Laban district_988,Resid.,Open,,,,,0.04,0.02,0,0,0,0,0,0,0,0,0,0,0,0,0,0,6,5,0,1,0,-5,0,0
2,,8975,Dhahrat Laban,city Riyadh Dhahrat Laban district_993,Resid.,Open,,,,,0.03,0.02,0,0,0,0,0,0,0,0,0,0,0,0,0,0,6,4,0,2,0,-4,0,0
2,,9112,Irqah,city Riyadh Irqah district_1065,Resid.,Open,,,,,0.02,0.01,0,0,0,0,0,0,0,0,0,0,0,0,0,0,3,3,0,0,0,-3,0,0
2,,9116,Irqah,city Riyadh Irqah district_1069,Resid.,Open,,,,,0.06,0.04,0,0,0,0,0,5,0,0,0,0,5,1,2,2,12,7,2,3,0,-9,0,0
2,,9115,Irqah,city Riyadh Irqah district_1068,Resid.,Open,,,,,0.04,0.03,0,0,0,0,0,2,0,0,0,0,2,0,1,1,10,5,1,4,0,-6,0,0
2,,9117,Irqah,city Riyadh Irqah district_1070,Resid.,Open,,,,,0.07,0.05,0,0,0,0,0,4,0,0,0,0,4,0,4,0,13,8,2,3,0,-10,0,0
2,,9119,Irqah,city Riyadh Irqah district_1072,Resid.,Open,,,,,0.03,0.02,0,0,0,0,0,0,0,0,0,0,0,0,0,0,4,4,0,0,0,-4,0,0
2,,9120,Irqah,city Riyadh Irqah district_1073,Resid.,Open,,,,,0.06,0.04,0,0,0,0,0,1,0,0,0,0,1,0,0,1,9,7,0,2,0,-8,0,0
2,,9121,Irqah,city Riyadh Irqah district_1074,Resid.,Open,,,,,0.03,0.02,0,0,0,0,0,0,0,0,0,0,0,0,0,0,4,4,0,0,0,-4,0,0
2,,9122,Irqah,city Riyadh Irqah district_1075,Resid.,Open,,,,,0.06,0.04,0,0,0,0,0,4,0,0,0,0,4,1,1,2,13,8,1,4,0,-9,0,0
2,,9123,Irqah,city Riyadh Irqah district_1076,Resid.,Open,,,,,0.02,0.01,0,0,0,0,0,0,0,0,0,0,0,0,0,0,3,3,0,0,0,-3,0,0
2,,9128,Irqah,city Riyadh Irqah district_1081,Mixed.,Open,,,,,0.08,0.05,0,0,0,0,0,9,0,0,0,0,9,2,5,2,16,6,5,5,0,-11,0,0
2,,9124,Irqah,city Riyadh Irqah district_1077,Resid.,Open,,,,,0.05,0.03,0,0,0,0,0,0,0,0,0,0,0,0,0,0,9,7,0,2,0,-7,0,0
2,,9129,Irqah,city Riyadh Irqah district_1082,Resid.,Open,,,,,0.05,0.03,0,0,0,0,0,3,0,0,0,0,3,0,3,0,9,5,2,2,0,-7,0,0
2,,9132,Irqah,city Riyadh Irqah district_1085,Resid.,Open,,,,,0.04,0.03,0,0,0,0,0,0,0,0,0,0,0,0,0,0,8,6,0,2,0,-6,0,0
2,,9130,Irqah,city Riyadh Irqah district_1083,Resid.,Open,,,,,0.04,0.03,0,0,0,0,0,2,0,0,0,0,2,0,1,1,10,4,1,5,0,-6,0,0
2,,9137,Irqah,city Riyadh Irqah district_1090,Resid.,Open,,,,,0.04,0.02,0,0,0,0,0,0,0,0,0,0,0,0,0,0,6,5,0,1,0,-5,0,0
2,,9138,Irqah,city Riyadh Irqah district_1091,Mixed.,Open,,,,,0.02,0.01,0,0,0,0,0,1,0,0,0,0,1,0,0,1,4,3,0,1,0,-3,0,0
2,,9139,Irqah,city Riyadh Irqah district_1092,Mixed.,Open,,,,,0.08,0.05,0,0,0,0,0,3,0,0,0,0,3,0,3,0,14,9,2,3,0,-11,0,0
2,,9149,Irqah,city Riyadh Irqah district_1102,Resid.,Open,,,,,0.02,0.01,0,0,0,0,0,3,0,0,0,0,3,1,1,1,4,2,1,1,0,-3,0,0
2,,9152,Irqah,city Riyadh Irqah district_1105,Mixed.,Open,,,,,0.13,0.09,0,0,0,0,0,2,0,0,0,0,2,0,0,2,20,18,0,2,0,-18,0,0
2,,9153,Irqah,city Riyadh Irqah district_1106,Mixed.,Open,,,,,0.19,0.12,0,0,0,0,0,16,0,0,0,0,16,1,11,4,32,22,4,6,0,-26,0,0
2,,9155,Irqah,city Riyadh Irqah district_1108,Resid.,Open,,,,,0.27,0.18,0,0,0,0,0,21,0,0,0,0,21,3,10,8,52,30,5,17,0,-38,0,YES
2,,9158,Irqah,city Riyadh Irqah district_1111,Resid.,Open,,,,,0.02,0.01,0,0,0,0,0,1,0,0,0,0,1,0,1,0,3,2,1,0,0,-3,0,0
2,,9156,Irqah,city Riyadh Irqah district_1109,Mixed.,Open,,,,,0.03,0.02,0,0,0,0,0,2,0,0,0,0,2,1,0,1,6,4,0,2,0,-4,0,0
2,,9159,Irqah,city Riyadh Irqah district_1112,Resid.,Open,,,,,0.03,0.02,0,0,0,0,0,3,0,0,0,0,3,1,1,1,5,3,1,1,0,-4,0,0
2,,9161,Irqah,city Riyadh Irqah district_1114,Mixed.,Open,,,,,0.07,0.05,0,0,0,0,0,0,0,0,0,0,0,0,0,0,10,10,0,0,0,-10,0,0
2,,9162,Irqah,city Riyadh Irqah district_1115,Mixed.,Open,,,,,0.21,0.14,0,0,0,0,0,8,0,0,0,0,8,0,7,1,36,26,4,6,0,-29,0,0
2,,9163,Irqah,city Riyadh Irqah district_1116,Resid.,Open,,,,,0.13,0.09,0,0,0,0,0,8,0,0,0,0,8,2,4,2,24,14,3,7,0,-18,0,0
2,,9164,Irqah,city Riyadh Irqah district_1117,Mixed.,Open,,,,,0.06,0.04,0,0,0,0,0,4,0,0,0,0,4,1,1,2,13,8,1,4,0,-9,0,0
2,,9244,Namar,city Riyadh Namar district_238,Resid.,,,,,,0.04,0.03,0,0,0,0,0,3,0,0,0,0,3,0,2,1,7,5,1,1,0,-6,0,0
2,,9166,Irqah,city Riyadh Irqah district_1269,Resid.,Open,,,,,0.04,0.02,0,0,0,0,0,1,0,0,0,0,1,0,0,1,6,4,0,2,0,-5,0,0
2,,9248,Namar,city Riyadh Namar district_242,Resid.,Open,,,,,0.06,0.04,0,0,0,0,0,10,0,0,0,0,10,0,10,0,9,5,4,0,0,-9,0,YES
2,,9252,Namar,city Riyadh Namar district_246,Resid.,Open,,,,,0.06,0.04,0,0,0,0,0,12,0,0,0,0,12,2,8,2,11,5,4,2,0,-9,0,0
2,,9253,Namar,city Riyadh Namar district_247,Mixed.,Open,,,,,0.18,0.12,0,0,0,0,0,12,0,0,0,0,12,0,11,1,27,20,5,2,0,-25,0,0
2,,9254,Namar,city Riyadh Namar district_248,Mixed.,Open,,,,,0.06,0.04,0,0,0,0,0,10,0,0,0,0,10,1,8,1,12,6,3,3,0,-9,0,0
2,,9261,Namar,city Riyadh Namar district_255,Resid.,Open,,,,,0.09,0.06,0,0,0,0,0,11,0,0,0,0,11,0,5,6,19,10,2,7,0,-12,0,0
2,,5430,Olaishah,city Riyadh Olaishah district_1211,Mixed.,Open,,,,,0.09,0.06,0,0,0,0,0,5,0,0,0,0,5,0,5,0,14,9,3,2,0,-12,0,YES
2,,9264,Namar,city Riyadh Namar district_258,Resid.,Open,,,,,0.09,0.06,0,0,0,0,0,5,0,0,0,0,5,1,2,2,21,11,2,8,0,-13,0,0
2,,5431,Olaishah,city Riyadh Olaishah district_1212,Resid.,Open,,,,,0.04,0.03,0,0,0,0,0,0,0,0,0,0,0,0,0,0,6,6,0,0,0,-6,0,0
2,,5433,Olaishah,city Riyadh Olaishah district_1214,Mixed.,Open,,,,,0.03,0.02,0,0,0,0,0,1,0,0,0,0,1,0,0,1,4,3,0,1,0,-4,0,0
2,,5435,Olaishah,city Riyadh Olaishah district_1216,Mixed.,Open,,,,,0.08,0.05,0,0,0,0,0,9,0,0,0,0,9,0,4,5,15,5,2,8,0,-11,0,0
2,,5436,Olaishah,city Riyadh Olaishah district_1217,Mixed.,Open,,,,,0.03,0.02,0,0,0,0,0,0,0,0,0,0,0,0,0,0,4,4,0,0,0,-4,0,0
2,,5525,Jareer,Jareer district_156,Resid.,Open,,,,,0.09,0.06,0,0,0,0,0,2,0,0,0,0,2,0,1,1,14,11,1,2,0,-12,0,0
2,,5527,Jareer,Jareer district_170,Resid.,Open,,,,,0.09,0.06,0,0,0,0,0,6,0,0,0,0,6,0,2,4,18,9,2,7,0,-13,0,0
2,,5528,Jareer,Jareer district_171,Resid.,Open,,,,,0.27,0.18,0,0,0,0,0,3,0,0,0,0,3,0,1,2,47,35,1,11,0,-38,0,0
2,,5532,Jareer,Jareer district_47,Resid.,Open,,,,,0.13,0.09,0,0,0,0,0,2,0,0,0,0,2,0,0,2,27,17,0,10,0,-18,0,YES
2,,5533,Jareer,Jareer district_48,Resid.,Open,,,,,0.1,0.07,0,0,0,0,0,2,0,0,0,0,2,0,1,1,19,13,1,5,0,-14,0,0
2,,5535,Jareer,Jareer district_50,Resid.,Open,,,,,0.13,0.09,0,0,0,0,0,4,0,0,0,0,4,0,3,1,20,16,2,2,0,-18,0,YES
2,,5543,King Abdulaziz,King Abdulaziz district_10000007,Mixed.,Open,,,,,0.18,0.12,0,0,0,0,0,4,0,0,0,0,4,0,0,4,29,25,0,4,0,-25,0,0
2,,5549,King Abdulaziz,King Abdulaziz district_10000013,Resid.,Open,,,,,0.04,0.03,0,0,0,0,0,0,0,0,0,0,0,0,0,0,6,6,0,0,0,-6,0,0
2,,5544,King Abdulaziz,King Abdulaziz district_10000008,Resid.,Open,,,,,0.06,0.04,0,0,0,0,0,0,0,0,0,0,0,0,0,0,8,8,0,0,0,-8,0,0
2,,5551,King Abdulaziz,King Abdulaziz district_10000015,Resid.,Open,,,,,0.03,0.02,0,0,0,0,0,3,0,0,0,0,3,0,0,3,7,4,0,3,0,-4,0,0
2,,5582,King Faisal,King Faisal district_123,Resid.,Open,,,,,0.14,0.09,0,0,0,0,0,4,0,0,0,0,4,0,3,1,22,17,2,3,0,-19,0,0
2,,5585,King Faisal,King Faisal district_126,Resid.,Open,,,,,0.13,0.09,0,0,0,0,0,11,1,0,1,0,10,2,4,4,26,14,4,8,0,-17,0,0
2,,5592,King Faisal,King Faisal district_133,Mixed.,Open,,,,,0.11,0.08,0,0,0,0,0,4,0,0,0,0,4,1,1,2,20,15,1,4,0,-16,0,0
2,,5599,King Faisal,King Faisal district_140,Resid.,Open,,,,,0.09,0.06,0,0,0,0,0,3,0,0,0,0,3,1,1,1,14,12,1,1,0,-13,0,0
2,,5600,King Faisal,King Faisal district_141,Resid.,Open,,,,,0.11,0.08,0,0,0,0,0,0,0,0,0,0,0,0,0,0,17,16,0,1,0,-16,0,YES
2,,10018,King Khalid International Airport,King Khalid International Airport district_10000009,Indust.,Open,,,,,0.05,0.03,0,0,0,0,0,2,0,0,0,0,2,0,0,2,9,7,0,2,0,-7,0,0
2,,10020,King Khalid International Airport,King Khalid International Airport district_10000011,Mixed.,Open,,,,,0.04,0.02,0,0,0,0,0,4,0,0,0,0,4,0,4,0,5,3,2,0,0,-5,0,0
2,,10022,King Khalid International Airport,King Khalid International Airport district_10000013,Resid.,Open,,,,,0.14,0.1,0,0,0,0,0,1,0,0,0,0,1,0,1,0,21,19,1,1,0,-20,0,0
2,,10026,King Khalid International Airport,King Khalid International Airport district_10000017,Mixed.,Open,,,,,0.02,0.01,0,0,0,0,0,0,0,0,0,0,0,0,0,0,3,3,0,0,0,-3,0,0
2,,10025,King Khalid International Airport,King Khalid International Airport district_10000016,Mixed.,Open,,,,,0.06,0.04,0,0,0,0,0,2,0,0,0,0,2,0,0,2,9,7,0,2,0,-8,0,0
2,,10029,King Khalid International Airport,King Khalid International Airport district_10000020,Resid.,Open,,,,,0.03,0.02,0,0,0,0,0,36,0,0,0,0,36,7,10,19,20,3,0,17,0,-4,0,0
2,,10057,King Khalid International Airport,King Khalid International Airport district_10000049,Indust.,Open,,,,,0.04,0.02,0,0,0,0,0,4,0,0,0,0,4,1,2,1,6,3,2,1,0,-5,0,0
2,,5633,Al Wahah,RUH_Al Murshidi,Resid.,Open,,,,,0.08,0.05,0,0,0,0,0,7,0,0,0,0,7,0,5,2,14,6,4,4,0,-11,0,0
2,,5644,Al Wahah,RUH_King Salman Neighborhood,Resid.,Open,,,,,0.02,0.01,0,0,0,0,0,4,0,0,0,0,4,1,1,2,5,2,1,2,0,-3,0,0
2,,5647,Al Wahah,RUH_Masud Al Harthi 05,Resid.,Open,,,,,0.08,0.05,0,0,0,0,0,8,0,0,0,0,8,2,3,3,16,8,3,5,0,-11,0,0
2,,5648,Al Wahah,RUH_Masud Al Harthi_01,Resid.,Open,,,,,0.04,0.02,0,0,0,0,0,0,0,0,0,0,0,0,0,0,6,5,0,1,0,-5,0,0
2,,5651,Al Wahah,RUH_Oasis Garden Park,Indust.,Open,,,,,0.05,0.03,0,0,0,0,0,10,0,0,0,0,10,2,4,4,12,4,3,5,0,-7,0,0
2,,5672,Diriyah Al Khuzama,settlement Diriyah Al Khuzama district_1379,Resid.,Open,,,,,0.04,0.02,0,0,0,0,0,1,0,0,0,0,1,0,0,1,7,5,0,2,0,-5,0,0
2,,5674,Diriyah Al Khuzama,settlement Diriyah Al Khuzama district_1381,Resid.,Open,,,,,0.05,0.03,0,0,0,0,0,5,0,0,0,0,5,3,1,1,14,6,1,7,0,-7,0,0
2,,5673,Diriyah Al Khuzama,settlement Diriyah Al Khuzama district_1380,Resid.,Open,,,,,0.11,0.08,0,0,0,0,0,1,0,0,0,0,1,0,0,1,17,16,0,1,0,-16,0,0
2,,5675,Diriyah Al Khuzama,settlement Diriyah Al Khuzama district_1382,Resid.,Open,,,,,0.06,0.04,0,0,0,0,0,7,0,0,0,0,7,3,2,2,13,7,2,4,0,-9,0,0
2,,5676,Diriyah Al Khuzama,settlement Diriyah Al Khuzama district_1454,Resid.,Open,,,,,0.03,0.02,0,0,0,0,0,1,0,0,0,0,1,0,0,1,5,4,0,1,0,-4,0,0
2,,5552,King Abdullah,King Abdullah district_1,Indust.,Closed,salsiqami,25-Dec,,,0.01,0,0,0,0,0,0,0,0,0,0,0,0,0,0,0,1,1,0,0,0,0,0,0
2,,5677,Diriyah Al Khuzama,settlement Diriyah Al Khuzama district_1455,Mixed.,Open,,,,,0.09,0.06,0,0,0,0,0,4,0,0,0,0,4,0,4,0,13,10,3,0,0,-13,0,0
2,,5554,King Abdullah,King Abdullah district_11,Indust.,Closed,salsiqami,25-Dec,"April 30, 25","April 30, 25",0.03,0.02,0,0,0,0,0,4,1,0,1,0,3,0,2,1,4,2,1,1,0,0,0,0
2,,5557,King Abdullah,King Abdullah district_14,Resid.,Closed,salsiqami,25-Dec,"December 1, 24","December 1, 24",0.04,0.02,0,0,0,0,0,3,2,0,0,2,1,0,1,0,7,4,1,2,0,0,0,0
2,,5555,King Abdullah,King Abdullah district_12,Mixed.,Closed,salsiqami,25-Dec,"December 1, 24","December 1, 24",0.06,0.04,0,0,0,0,0,11,2,0,2,0,9,0,8,1,10,6,2,2,0,0,0,0
2,,5558,King Abdullah,King Abdullah district_15,,Closed,salsiqami,25-Dec,,,0.01,0,0,0,0,0,0,0,0,0,0,0,0,0,0,0,1,1,0,0,0,0,0,0
2,,5565,King Abdullah,King Abdullah district_22,Mixed.,Closed,salsiqami,25-Dec,,,0.01,0,0,0,0,0,0,0,0,0,0,0,0,0,0,0,1,1,0,0,0,0,0,0
2,,5560,King Abdullah,King Abdullah district_17,Resid.,Closed,salsiqami,25-Dec,"December 1, 24","December 1, 24",0.01,0,0,0,0,0,0,2,2,0,0,2,0,0,0,0,3,1,0,2,0,0,0,0
2,,5570,King Abdullah,King Abdullah district_27,Mixed.,Closed,salsiqami,25-Dec,,,0.08,0.05,0,0,0,0,0,2,0,0,0,0,2,0,1,1,14,10,1,3,0,0,0,0
2,,5575,King Abdullah,King Abdullah district_4,Resid.,Closed,salsiqami,25-Dec,,,0.04,0.02,0,0,0,0,0,1,0,0,0,0,1,0,1,0,6,4,1,1,0,0,0,0
2,,5572,King Abdullah,King Abdullah district_29,Indust.,Closed,salsiqami,25-Dec,,,0.02,0.01,0,0,0,0,0,0,0,0,0,0,0,0,0,0,4,3,0,1,0,0,0,0
2,,5580,King Abdullah,King Abdullah district_9,Indust.,Closed,salsiqami,25-Dec,,,0.01,0.01,0,0,0,0,0,0,0,0,0,0,0,0,0,0,2,2,0,0,0,0,0,0
2,,5579,King Abdullah,King Abdullah district_8,Indust.,Closed,salsiqami,25-Dec,,,0.01,0,0,0,0,0,0,0,0,0,0,0,0,0,0,0,1,1,0,0,0,0,0,0
2,,6824,Al Qairawan,Al Qirwan district_272,Mixed.,Off-Plan,abinsaedan,25-Apr,,,0.03,0.02,0,0,0,0,0,0,0,0,0,0,0,0,0,0,4,4,0,0,0,0,0,0
2,,6841,Al Qairawan,Al Qirwan district_289,Resid.,Off-Plan,abinsaedan,25-Apr,"April 29, 25","April 29, 25",0.03,0.01,0,0,0,0,0,3,1,1,0,0,2,0,1,1,5,3,1,1,0,1,0,0
2,,6840,Al Qairawan,Al Qirwan district_288,Resid.,Off-Plan,abinsaedan,25-Apr,"April 29, 25","April 29, 25",0.18,0.08,0,0,0,0,0,21,10,10,0,0,11,0,10,1,28,14,11,3,0,9,0,0
2,,6878,Al Qairawan,Al Qirwan district_357,Indust.,Off-Plan,abinsaedan,25-Apr,,,0.01,0,0,0,0,0,0,0,0,0,0,0,0,0,0,0,1,1,0,0,0,0,0,0
2,,7923,Al Rimal,city Riyadh Al Rimal district_318,Mixed.,Off-Plan,ashuban,25-May,"May 3, 25","May 3, 25",0.04,0.03,0,0,0,0,0,2,1,0,0,1,1,0,1,0,6,4,1,1,0,0,0,0
2,,6834,Al Qairawan,Al Qirwan district_282,Resid.,Off-Plan,fabdelrahman,25-Apr,"April 29, 25","April 29, 25",0.11,0.07,0,0,0,0,0,9,6,2,4,0,3,0,3,0,16,9,7,0,0,2,0,0
2,,4642,Al Andalus,Al Andalus district_103,Resid.,Open,,,,,0.02,0.01,0,0,0,0,0,3,0,0,0,0,3,1,1,1,4,2,1,1,0,0,0,YES
2,,4690,Al Izdihar,Al Ezdihar district_64,Mixed.,Open,,,,,0.19,0.12,0,0,0,0,0,7,0,0,0,0,7,0,5,2,33,23,2,8,0,0,0,0
2,,4687,Al Izdihar,Al Ezdihar district_61,Mixed.,Open,,,,,0.14,0.1,0,0,0,0,0,17,0,0,0,0,17,1,13,3,26,15,5,6,0,0,0,0
2,,5043,Al Wadi,Al Wadi district_13,Resid.,Off-Plan,fabdelrahman,25-May,"May 27, 25","May 27, 25",0.01,0,0,0,0,0,0,1,1,0,1,0,0,0,0,0,2,1,0,1,0,-1,0,0
2,,5155,Al Fakhriyah,city Riyadh Al Fakhriyah district_12,Mixed.,Open,,,,,0.01,0.01,0,0,0,0,0,0,0,0,0,0,0,0,0,0,2,2,0,0,0,-2,0,0
2,,8461,Al Zahra,city Riyadh Al Zahrah district_160,Resid.,Open,,,,,0.01,0,0,0,0,0,0,0,0,0,0,0,0,0,0,0,1,1,0,0,0,-1,0,0
2,,8936,Dhahrat Laban,city Riyadh Dhahrat Laban district_950,Resid.,Open,,,,,0.02,0.01,0,0,0,0,0,1,0,0,0,0,1,0,0,1,4,3,0,1,0,0,0,0
2,,8926,Dhahrat Laban,city Riyadh Dhahrat Laban district_940,Resid.,Open,,,,,0.05,0.03,0,0,0,0,0,5,0,0,0,0,5,0,4,1,12,5,2,5,0,0,0,0
2,,8948,Dhahrat Laban,city Riyadh Dhahrat Laban district_965,Resid.,Open,,,,,0.01,0.01,0,0,0,0,0,0,0,0,0,0,0,0,0,0,2,2,0,0,0,-2,0,0
2,,8958,Dhahrat Laban,city Riyadh Dhahrat Laban district_975,Resid.,Open,,,,,0.01,0,0,0,0,0,0,0,0,0,0,0,0,0,0,0,1,1,0,0,0,-1,0,0
2,,8955,Dhahrat Laban,city Riyadh Dhahrat Laban district_972,Resid.,Open,,,,,0.01,0.01,0,0,0,0,0,0,0,0,0,0,0,0,0,0,2,2,0,0,0,-2,0,0
2,,8959,Dhahrat Laban,city Riyadh Dhahrat Laban district_976,Resid.,Open,,,,,0.01,0,0,0,0,0,0,0,0,0,0,0,0,0,0,0,1,1,0,0,0,-1,0,0
2,,8960,Dhahrat Laban,city Riyadh Dhahrat Laban district_977,Resid.,Open,,,,,0.01,0,0,0,0,0,0,0,0,0,0,0,0,0,0,0,1,1,0,0,0,-1,0,0
2,,8964,Dhahrat Laban,city Riyadh Dhahrat Laban district_981,Resid.,Open,,,,,0.01,0.01,0,0,0,0,0,0,0,0,0,0,0,0,0,0,2,2,0,0,0,-2,0,0
2,,8967,Dhahrat Laban,city Riyadh Dhahrat Laban district_984,Resid.,Open,,,,,0.01,0.01,0,0,0,0,0,0,0,0,0,0,0,0,0,0,2,2,0,0,0,-2,0,0
2,,5617,North Mathar,North Mathar district_10000205,Indust.,Open,,,,,0,0,0,0,0,0,0,1,0,0,0,0,1,0,1,0,7,6,1,0,0,0,0,0
2,,8977,Dhahrat Laban,city Riyadh Dhahrat Laban district_995,Resid.,Open,,,,,0.09,0.06,0,0,0,0,0,1,0,0,0,0,1,0,1,0,14,12,1,1,0,0,0,0
2,,5628,North Mathar,North Mathar district_10000216,Resid.,Open,,,,,0,0,0,0,0,0,0,7,0,0,0,0,7,1,3,3,10,5,2,3,0,0,0,0
2,,5625,North Mathar,North Mathar district_10000213,Resid.,Open,,,,,0,0,0,0,0,0,0,3,0,0,0,0,3,0,1,2,11,7,1,3,0,0,0,0
2,,5629,North Mathar,North Mathar district_10000217,Resid.,Open,,,,,0,0,0,0,0,0,0,15,0,0,0,0,15,1,11,3,32,20,5,7,0,0,0,0
2,,4641,Al Andalus,Al Andalus district_102,Resid.,Open,,,,,0.02,0.01,0,0,0,0,0,6,0,0,0,0,6,0,6,0,4,1,2,1,0,-3,0,0
2,,5630,North Mathar,North Mathar district_10000218,Resid.,Open,,,,,0,0,0,0,0,0,0,3,0,0,0,0,3,0,3,0,9,6,3,0,0,0,0,0
2,,4653,Al Andalus,Al Andalus district_114,Resid.,Open,,,,,0.03,0.02,0,0,0,0,0,7,0,0,0,0,7,1,4,2,5,1,2,2,0,-4,0,0
2,,4737,Al Hamra,Al Hamra district_117,Resid.,Open,,,,,0.06,0.04,0,0,0,0,0,11,0,0,0,0,11,1,8,2,14,3,6,5,0,-9,0,0
2,,2882,Al Mathar,Al Mathar district_10000376,Resid.,Open,,,,,0.04,0.03,0,0,0,0,0,8,0,0,0,0,8,0,6,2,10,3,3,4,0,-6,0,0
2,,6869,Al Qairawan,Al Qirwan district_329,Mixed.,Open,,,,,0.03,0.02,0,0,0,0,0,4,0,0,0,0,4,1,3,0,4,2,2,0,0,-4,0,0
2,,6875,Al Qairawan,Al Qirwan district_354,Resid.,Open,,,,,0.02,0.01,0,0,0,0,0,5,0,0,0,0,5,1,3,1,4,1,2,1,0,-3,0,0
2,,5172,Al Khuzama,city Riyadh Al Khuzama district_1367,Resid.,Open,,,,,0.04,0.03,0,0,0,0,0,16,0,0,0,0,16,2,7,7,12,1,4,7,0,-6,0,0
2,,5321,Al Rayan,city Riyadh Al Rayan district_13,Resid.,Open,,,,,0.07,0.05,0,0,0,0,0,12,0,0,0,0,12,3,5,4,15,5,5,5,0,-10,0,0
2,,5322,Al Rayan,city Riyadh Al Rayan district_14,Resid.,Open,,,,,0.04,0.03,0,0,0,0,0,12,0,0,0,0,12,2,8,2,11,1,5,5,0,-6,0,YES
2,,5324,Al Rayan,city Riyadh Al Rayan district_16,Mixed.,Open,,,,,0.06,0.04,0,0,0,0,0,9,0,0,0,0,9,0,8,1,13,4,4,5,0,-8,0,0
2,,7989,Al Rimal,city Riyadh Al Rimal district_414,Mixed.,Open,,,,,0.02,0.01,0,0,0,0,0,6,0,0,0,0,6,2,2,2,5,1,2,2,0,-3,0,0
2,,8441,Al Zahra,city Riyadh Al Zahrah district_140,Resid.,Open,,,,,0.04,0.02,0,0,0,0,0,8,0,0,0,0,8,2,3,3,9,2,3,4,0,-5,0,0
2,,8462,Al Zahra,city Riyadh Al Zahrah district_161,Resid.,,,,,,0.02,0.01,0,0,0,0,0,5,0,0,0,0,5,1,3,1,4,1,2,1,0,-3,0,0
2,,8804,Dhahrat Laban,city Riyadh Dhahrat Laban district_1005,Resid.,Open,,,,,0.02,0.01,0,0,0,0,0,4,0,0,0,0,4,1,2,1,5,1,2,2,0,-3,0,0
2,,9140,Irqah,city Riyadh Irqah district_1093,Resid.,Open,,,,,0.03,0.02,0,0,0,0,0,4,0,0,0,0,4,1,2,1,5,2,2,1,0,-4,0,0
2,,9243,Namar,city Riyadh Namar district_237,Mixed.,Open,,,,,0.05,0.03,0,0,0,0,0,6,0,0,0,0,6,0,5,1,9,3,4,2,0,-7,0,0
2,,5526,Jareer,Jareer district_169,Resid.,Open,,,,,0.06,0.04,0,0,0,0,0,13,0,0,0,0,13,3,4,6,16,4,4,8,0,-8,0,0
2,,9250,Namar,city Riyadh Namar district_244,Resid.,Open,,,,,0.03,0.02,0,0,0,0,0,7,0,0,0,0,7,1,5,1,5,1,3,1,0,-4,0,0
2,,5529,Jareer,Jareer district_172,Resid.,Open,,,,,0.03,0.02,0,0,0,0,0,6,0,0,0,0,6,2,2,2,7,2,2,3,0,-4,0,0
2,,5550,King Abdulaziz,King Abdulaziz district_10000014,Resid.,Open,,,,,0.02,0.01,0,0,0,0,0,8,0,0,0,0,8,2,2,4,6,0,2,4,0,-3,0,0
2,,5632,Al Wahah,RUH_Abdullah Al Fazzari,Resid.,Open,,,,,0.02,0.01,0,0,0,0,0,6,0,0,0,0,6,1,2,3,10,1,2,7,0,-3,0,0
2,,5556,King Abdullah,King Abdullah district_13,Resid.,Closed,salsiqami,25-Dec,"December 1, 24","December 1, 24",0,0,0,0,0,0,0,1,1,0,0,1,0,0,0,0,1,0,0,1,0,0,0,0
2,,5561,King Abdullah,King Abdullah district_18,Resid.,Closed,salsiqami,25-Dec,"December 1, 24","December 1, 24",0.04,0.03,0,0,0,0,0,6,1,0,1,0,5,0,5,0,6,3,3,0,0,0,0,YES
2,,5564,King Abdullah,King Abdullah district_21,Mixed.,Closed,salsiqami,25-Dec,,,0,0,0,0,0,0,0,0,0,0,0,0,0,0,0,0,0,0,0,0,0,0,0,0
2,,5566,King Abdullah,King Abdullah district_23,Indust.,Closed,salsiqami,25-Dec,,,0.01,0,0,0,0,0,0,3,0,0,0,0,3,1,1,1,2,0,1,1,0,0,0,0
2,,5567,King Abdullah,King Abdullah district_24,Resid.,Closed,salsiqami,25-Dec,"December 4, 24","December 4, 24",0.07,0.04,0,0,0,0,0,23,4,2,2,0,19,2,14,3,11,2,6,3,0,2,0,YES
2,,5568,King Abdullah,King Abdullah district_25,Mixed.,Closed,salsiqami,25-Dec,"December 4, 24","December 4, 24",0.01,0,0,0,0,0,0,6,1,0,1,0,5,0,4,1,2,0,1,1,0,0,0,YES
2,,5569,King Abdullah,King Abdullah district_26,Mixed.,Closed,salsiqami,25-Dec,,,0,0,0,0,0,0,0,0,0,0,0,0,0,0,0,0,0,0,0,0,0,0,0,0
2,,7909,Al Rimal,city Riyadh Al Rimal district_305,Mixed.,Off-Plan,aalosaimi,,"April 30, 25","May 11, 25",0.19,0.12,0,0,0,0,0,75,67,61,6,0,8,0,5,3,90,18,67,5,0,61,0,0
2,,0,King Faisal,,Resid.,,aalosaimi,25-Apr,"  ","  ",0,0,0,0,0,0,0,0,0,0,0,0,0,0,0,0,0,0,0,0,0,0,0,0
2,,6822,Al Qairawan,Al Qirwan district_270,Resid.,Off-Plan,abinsaedan,25-Apr,"April 30, 25","April 30, 25",0.06,0.01,0,0,0,0,0,10,6,5,1,0,4,1,2,1,9,2,6,1,0,5,0,0
2,,6873,Al Qairawan,Al Qirwan district_352,Mixed.,Off-Plan,abinsaedan,25-Apr,,,0,0,0,0,0,0,0,0,0,0,0,0,0,0,0,0,0,0,0,0,0,0,0,0
2,,6887,Al Qairawan,Al Qirwan district_4,Resid.,Off-Plan,abinsaedan,,,,0,0,0,0,0,0,0,0,0,0,0,0,0,0,0,0,0,0,0,0,0,0,0,0
2,,4777,Al Masyaf,Al Maseef district_10000377,Mixed.,Off-Plan,ashuban,25-May,"May 4, 25","May 4, 25",0.28,0.1,0,0,0,0,0,36,25,18,7,0,11,0,11,0,44,14,25,5,0,18,0,0
2,,4839,Al Muruj,Al Muruj district_10000395,Mixed.,Off-Plan,ashuban,25-May,"January 2, 25","May 4, 25",0.12,0.05,0,0,0,0,0,16,11,7,4,0,5,0,3,2,24,6,9,9,0,7,0,0
2,,7874,Al Rimal,city Riyadh Al Rimal district_24,Resid.,Off-Plan,ashuban,25-May,"May 3, 25","May 3, 25",0.41,0.04,0,0,0,0,0,63,54,48,6,0,9,2,5,2,60,3,54,3,0,48,0,0
2,,4875,Al Nada,Al Nada district_24,Resid.,Off-Plan,fabdelrahman,25-Apr,"April 30, 25","April 30, 25",0.05,0.03,0,0,0,0,0,17,4,1,3,0,13,1,7,5,13,2,5,6,0,1,0,0
2,,4885,Al Nada,Al Nada district_33,Resid.,Off-Plan,fabdelrahman,25-Apr,"April 30, 25","April 30, 25",0.11,0.06,0,0,0,0,0,20,13,8,5,0,7,0,7,0,23,7,14,2,0,3,0,0
2,,5050,Al Wadi,Al Wadi district_20,Resid.,Off-Plan,ashuban,25-Apr,"April 30, 25","April 30, 25",0.09,0.05,0,0,0,0,0,9,6,2,4,0,3,0,2,1,14,5,7,2,0,2,0,YES
2,,5176,Al Khuzama,city Riyadh Al Khuzama district_1371,Resid.,,,,,,0,0,0,0,0,0,0,0,0,0,0,0,0,0,0,0,0,0,0,0,0,0,0,0
2,,8944,Dhahrat Laban,city Riyadh Dhahrat Laban district_961,Resid.,Off-Plan,,,"May 12, 25","May 12, 25",0.01,0.01,0,0,0,0,0,15,9,7,2,0,6,1,4,1,10,0,9,1,0,7,0,0
2,,8978,Dhahrat Laban,city Riyadh Dhahrat Laban district_996,Resid.,Open,,,,,0.03,0.02,0,0,0,0,0,7,0,0,0,0,7,2,2,3,7,2,2,3,0,0,0,0
3,,10175,Al Suwaidi,RUH_Al Qasr mall,Mixed.,Open,,,"Jan 5, 25","Jan 27, 25",1.24,0.83,0,1,0,0,78,267,9,0,9,0,258,11,240,7,220,99,84,37,0,-165,13.99,YES
3,,10194,Al Awaly,RUH_Salam mall,Mixed.,Open,,,"Jan 29, 25","Jan 29, 25",0.3,0.2,1,0,0,0,63,222,1,0,1,0,221,40,178,3,90,15,68,7,0,-41,11.41,0
3,,10171,East Naseem,RUH_Al Othaim mall,Mixed.,Open,,,,,0.36,0.24,1,0,0,0,36,132,0,0,0,0,132,16,116,0,68,27,40,1,0,-50,6.55,YES
3,,10189,Al Yarmuk,RUH_Atyaf mall,Indust.,Off-Plan,fabdelrahman,,"January 22, 25","May 7, 25",0.36,0.24,0,0,0,0,19,110,8,3,5,0,102,6,92,4,63,24,31,8,0,2,3.42,0
3,,5906,Al Aziziyah,Al Aziziyah district_423,Resid.,Open,,,"Jan 12, 25","Feb 26, 25",0.89,0.56,0,0,0,0,19,117,18,8,10,0,99,10,84,5,140,82,43,15,0,-99,3.27,YES
3,,7807,Al Qadisiyah,city Riyadh Al Qadisiyah district_63,Mixed.,Open,,,,,0.45,0.3,0,0,0,0,16,64,0,0,0,0,64,3,56,5,76,48,18,10,0,-63,2.73,0
3,,8340,Al Suwaidi,city Riyadh Al Suwaidi district_236,Resid.,Open,,,"Jan 2, 25","Jan 2, 25",0.44,0.29,0,0,0,0,16,109,6,0,6,0,103,1,94,8,97,38,22,37,0,-55,2.73,YES
3,,6672,Al Nahdah,Al Nahdah district_182,Resid.,Open,,,,,0.33,0.22,0,0,0,0,15,73,0,0,0,0,73,3,66,4,54,23,23,8,0,-46,2.7,0
3,,6974,Al Yarmuk,Al Yarmuk district_173,Mixed.,Open,,,,,0.34,0.22,0,0,0,0,14,70,0,0,0,0,70,2,63,5,55,23,24,8,0,0,2.52,0
3,,9340,Oraija,city Riyadh Oraija middle district_762,Mixed.,Open,,,,,0.46,0.31,0,0,0,0,14,77,0,0,0,0,77,12,62,3,79,47,25,7,0,-65,2.37,YES
3,,9688,West Suwaidi,city Riyadh West Suwaidi district_283,Mixed.,Open,,,,,0.26,0.18,0,0,0,0,14,62,0,0,0,0,62,3,59,0,42,22,18,2,0,-37,2.37,0
3,,6635,Al Munisiyah,Al Munisiyah district_288,Mixed.,Closed,aalosaimi,25-Mar,"January 11, 25","March 4, 25",0.42,0.24,0,0,0,0,13,98,37,9,22,6,61,1,60,0,64,22,32,10,0,9,2.29,0
3,,6273,Al Khaleej,Al Khaleej district_210,Resid.,Open,,,,,0.47,0.31,0,0,0,0,13,66,0,0,0,0,66,2,61,3,74,52,14,8,0,-66,2.19,0
3,,6673,Al Nahdah,Al Nahdah district_183,Resid.,Open,,,,,0.27,0.18,0,0,0,0,12,74,0,0,0,0,74,0,71,3,45,19,19,7,0,-38,2.16,0
3,,6649,Al Nahdah,Al Nahdah district_159,Resid.,Open,,,,,0.36,0.24,0,0,0,0,12,66,0,0,0,0,66,1,62,3,54,37,13,4,0,-51,2.01,YES
3,,9775,Western Al Naseem,city Riyadh Western Al Naseem district_153,Com,Open,ashuban,,,,9.65,6.43,0,0,0,0,11,159,0,0,0,0,159,1,128,30,1413,1314,33,66,0,,1.96,0
3,,5818,Al Aziziyah,Al Aziziyah district_101,Resid.,Open,,,,,0.29,0.19,0,0,0,0,11,58,0,0,0,0,58,2,55,1,47,27,15,5,0,-40,1.83,YES
3,,6297,Al Khaleej,Al Khaleej district_234,Resid.,Open,,,,,0.31,0.21,0,0,0,0,11,66,0,0,0,0,66,3,60,3,52,32,13,7,0,-44,1.83,0
3,,7226,Al Fayha,city Riyadh Al Fayha district_399,Resid.,Open,,,"Jan 14, 25","Jan 14, 25",0.36,0.24,0,0,0,0,11,59,1,0,1,0,58,1,49,8,55,33,13,9,0,-50,1.83,0
3,,8139,Al Shifa,city Riyadh Al Shifa district_278,Resid.,Open,,,,,0.24,0.16,0,0,0,0,11,37,0,0,0,0,37,4,33,0,39,25,12,2,0,-33,1.83,0
3,,9889,Oraija,city Riyadh Oraija district_669,Resid.,Open,,,,,0.41,0.27,0,0,0,0,11,60,0,0,0,0,60,0,55,5,61,39,15,7,0,-57,1.83,YES
3,,6972,Al Yarmuk,Al Yarmuk district_171,Mixed.,Open,,,,,0.35,0.23,0,0,0,0,11,48,0,0,0,0,48,0,45,3,52,32,15,5,0,0,1.83,YES
3,,7831,Al Qadisiyah,city Riyadh Al Qadisiyah district_87,Mixed.,Open,,,,,0.16,0.1,0,0,0,0,10,39,0,0,0,0,39,2,37,0,26,11,13,2,0,-22,1.8,0
3,,7006,Al Yarmuk,Al Yarmuk district_206,Resid.,Open,,,,,0.22,0.15,0,0,0,0,10,67,0,0,0,0,67,3,61,3,38,15,17,6,0,-31,1.8,0
3,,6988,Al Yarmuk,Al Yarmuk district_188,Mixed.,Open,,,,,0.24,0.16,0,0,0,0,10,70,0,0,0,0,70,6,60,4,46,14,23,9,0,0,1.8,YES
3,,6986,Al Yarmuk,Al Yarmuk district_186,Resid.,Closed,aalosaimi,25-Mar,"January 22, 25","March 16, 25",0.78,0.31,0,0,0,0,10,130,71,44,24,3,59,0,55,4,104,22,69,13,0,44,1.75,0
3,,7522,Al Mahdiyah,city Riyadh Al Mahdiyah district_1050,Resid.,Open,,,,,0.44,0.25,0,0,0,0,10,55,10,9,1,0,45,1,41,3,63,34,18,11,0,-42,1.65,YES
3,,8755,Dhahrat Al Badiea,city Riyadh Dhahrat Al Badiea district_189,Resid.,Open,,,,,0.11,0.07,0,2,0,0,8,33,0,0,0,0,33,6,25,2,22,8,11,3,0,-15,1.64,YES
3,,6569,Al Munisiyah,Al Munisiyah district_222,Resid.,Open,,,,,0.09,0.06,0,0,0,0,9,37,0,0,0,0,37,1,36,0,14,4,10,0,0,-13,1.62,0
3,,6300,Al Khaleej,Al Khaleej district_237,Resid.,Off-Plan,aalosaimi,25-Apr,"April 20, 25","April 23, 25",0.29,0.14,0,0,0,0,9,79,39,11,19,9,40,1,37,2,45,0,31,14,0,11,1.62,0
3,,9975,Eshbilia,Ishbiliyah district_19,Resid.,Off-Plan,aalosaimi,25-Apr,"April 13, 25","April 15, 25",0.44,0.17,0,0,0,0,9,120,61,26,20,15,59,0,59,0,67,1,46,20,0,26,1.62,0
3,,6992,Al Yarmuk,Al Yarmuk district_192,Resid.,Open,,,,,0.24,0.16,0,0,0,0,8,74,33,19,14,0,41,0,39,2,55,16,36,3,0,0,1.54,YES
3,,5945,Al Aziziyah,Al Aziziyah district_84,Mixed.,Open,,,,,0.5,0.33,0,0,0,0,9,66,0,0,0,0,66,4,55,7,86,50,19,17,0,-70,1.47,YES
3,,6661,Al Nahdah,Al Nahdah district_171,Resid.,Open,,,,,0.31,0.2,0,0,0,0,9,66,0,0,0,0,66,2,62,2,53,26,18,9,0,-43,1.47,0
3,,8154,Al Shifa,city Riyadh Al Shifa district_293,Resid.,Open,,,,,0.32,0.21,0,0,0,0,9,48,0,0,0,0,48,1,45,2,48,33,11,4,0,-45,1.47,YES
3,,8182,Al Shifa,city Riyadh Al Shifa district_321,Mixed.,Open,,,,,0.3,0.2,0,0,0,0,9,38,0,0,0,0,38,4,32,2,53,31,13,9,0,-42,1.47,YES
3,,8758,Dhahrat Al Badiea,city Riyadh Dhahrat Al Badiea district_192,Resid.,Open,,,,,0.16,0.1,0,0,0,0,9,32,0,0,0,0,32,3,25,4,26,13,9,4,0,-22,1.47,0
3,,8185,Al Shifa,city Riyadh Al Shifa district_324,Resid.,Open,,,,,0.36,0.24,0,0,0,0,9,48,0,0,0,0,48,2,43,3,63,37,13,13,0,-50,1.47,YES
3,,8749,Dhahrat Al Badiea,city Riyadh Dhahrat Al Badiea district_183,Resid.,Open,,,,,0.11,0.08,0,0,0,0,8,31,0,0,0,0,31,2,27,2,20,8,8,4,0,-16,1.44,0
3,,9982,Eshbilia,Ishbiliyah district_25,Resid.,Off-Plan,aalosaimi,25-Apr,"January 25, 25","April 17, 25",0.29,0.1,0,0,0,0,8,72,40,19,15,6,32,2,28,2,45,2,33,10,0,19,1.44,0
3,,6984,Al Yarmuk,Al Yarmuk district_184,Resid.,Off-Plan,fabdelrahman,25-Jan,"January 22, 25","May 7, 25",0.48,0.32,0,0,0,0,8,169,116,80,36,0,53,3,46,4,163,28,121,14,0,81,1.44,0
3,,10010,Eshbilia,Ishbiliyah district_7,Resid.,Closed,surveyor3,25-Mar,"January 25, 25","March 16, 25",1.26,0.53,0,0,0,0,8,237,146,64,31,51,91,1,89,1,155,1,92,62,0,64,1.39,YES
3,,8783,Dhahrat Al Badiea,city Riyadh Dhahrat Al Badiea district_216,Mixed.,Open,,,,,0.25,0.17,0,2,0,0,7,38,0,0,0,0,38,5,33,0,45,27,13,5,0,-35,1.31,0
3,,6655,Al Nahdah,Al Nahdah district_165,Resid.,Open,,,,,0.25,0.17,0,0,0,0,8,33,0,0,0,0,33,2,28,3,38,24,10,4,0,-35,1.29,0
3,,7199,Al Fayha,city Riyadh Al Fayha district_372,Resid.,Open,,,,,0.15,0.1,0,0,0,0,8,41,0,0,0,0,41,0,41,0,23,13,8,2,0,-21,1.29,0
3,,7505,Al Mahdiyah,city Riyadh Al Mahdiyah district_1033,Resid.,Open,,,,,0.55,0.37,0,0,0,0,8,48,0,0,0,0,48,1,44,3,93,65,12,16,0,-77,1.29,YES
3,,8171,Al Shifa,city Riyadh Al Shifa district_310,Resid.,Open,,,,,0.23,0.15,0,0,0,0,8,48,0,0,0,0,48,2,42,4,38,21,11,6,0,-32,1.29,YES
3,,8170,Al Shifa,city Riyadh Al Shifa district_309,Resid.,Open,,,,,0.36,0.24,0,0,0,0,8,33,0,0,0,0,33,1,31,1,61,42,9,10,0,-51,1.29,YES
3,,8172,Al Shifa,city Riyadh Al Shifa district_311,Resid.,Open,,,,,0.29,0.2,0,0,0,0,8,46,0,0,0,0,46,0,46,0,42,30,11,1,0,-41,1.29,YES
3,,6970,Al Yarmuk,Al Yarmuk district_169,Resid.,Open,,,,,0.41,0.28,0,0,0,0,8,56,0,0,0,0,56,0,51,5,73,41,16,16,0,0,1.29,YES
3,,6632,Al Munisiyah,Al Munisiyah district_285,Resid.,Open,,,,,0.09,0.06,0,0,0,0,7,36,9,0,9,0,27,2,23,2,15,1,12,2,0,-4,1.26,0
3,,6683,Al Nahdah,Al Nahdah district_193,Resid.,Open,,,,,0.24,0.16,0,0,0,0,7,55,0,0,0,0,55,0,50,5,34,15,13,6,0,-33,1.12,YES
3,,5845,Al Aziziyah,Al Aziziyah district_128,Resid.,Open,,,,,0.27,0.18,0,0,0,0,7,38,0,0,0,0,38,2,35,1,42,30,9,3,0,-38,1.11,0
3,,6565,Al Munisiyah,Al Munisiyah district_218,Resid.,Open,,,,,0.25,0.17,0,0,0,0,7,36,0,0,0,0,36,0,35,1,41,23,11,7,0,-35,1.11,YES
3,,6568,Al Munisiyah,Al Munisiyah district_221,Resid.,Open,,,,,0.48,0.32,0,0,0,0,7,29,0,0,0,0,29,3,25,1,73,57,11,5,0,-67,1.11,0
3,,6665,Al Nahdah,Al Nahdah district_175,Resid.,Open,,,,,0.24,0.16,0,0,0,0,7,34,0,0,0,0,34,2,29,3,36,24,8,4,0,-33,1.11,YES
3,,8177,Al Shifa,city Riyadh Al Shifa district_316,Mixed.,Open,,,,,0.34,0.22,0,0,0,0,7,38,0,0,0,0,38,2,29,7,52,33,10,9,0,-47,1.11,YES
3,,8187,Al Shifa,city Riyadh Al Shifa district_326,Resid.,Open,,,,,0.44,0.3,0,0,0,0,7,29,0,0,0,0,29,2,26,1,69,55,8,6,0,-62,1.11,YES
3,,8346,Al Suwaidi,city Riyadh Al Suwaidi district_29,Resid.,Open,,,,,0.18,0.12,0,0,0,0,7,33,0,0,0,0,33,1,29,3,31,13,10,8,0,-25,1.11,0
3,,8757,Dhahrat Al Badiea,city Riyadh Dhahrat Al Badiea district_191,Mixed.,Open,,,,,0.3,0.2,0,0,0,0,7,24,1,0,1,0,23,1,17,5,44,29,9,6,0,-41,1.11,YES
3,,8774,Dhahrat Al Badiea,city Riyadh Dhahrat Al Badiea district_207,Resid.,Open,,,,,0.21,0.14,0,0,0,0,7,20,0,0,0,0,20,1,17,2,31,20,8,3,0,-29,1.11,0
3,,9713,West Suwaidi,city Riyadh West Suwaidi district_308,Resid.,Open,,,,,0.25,0.17,0,0,0,0,7,36,0,0,0,0,36,2,31,3,40,25,10,5,0,-35,1.11,0
3,,9758,Western Al Naseem,city Riyadh Western Al Naseem district_136,Resid.,Open,,,,,0.19,0.12,0,0,0,0,7,27,0,0,0,0,27,0,25,2,29,17,7,5,0,-26,1.11,YES
3,,10005,Eshbilia,Ishbiliyah district_46,Resid.,Open,,,,,0.27,0.18,0,0,0,0,7,45,0,0,0,0,45,2,40,3,41,23,14,4,0,-38,1.11,YES
3,,6309,Al Khaleej,Al Khaleej district_246,Resid.,Off-Plan,aalosaimi,25-Apr,"January 9, 25","April 23, 25",0.24,0.11,0,0,0,0,6,65,31,10,21,0,34,3,29,2,38,2,33,3,0,10,1.08,0
3,,6625,Al Munisiyah,Al Munisiyah district_278,Resid.,Off-Plan,fabdelrahman,25-May,"May 3, 25","May 3, 25",0.47,0.16,0,0,0,0,6,114,48,32,16,0,66,1,63,2,74,15,51,8,0,32,1.08,YES
3,,8320,Al Sulay,city Riyadh Al Sulay district_676,Com,Open,,,,,0.31,0.2,0,0,0,0,6,55,0,0,0,0,55,1,49,5,50,31,11,8,0,-43,1.06,0
3,,6631,Al Munisiyah,Al Munisiyah district_284,Resid.,Closed,aalosaimi,25-Mar,"January 11, 25","March 10, 25",0.3,0.12,0,0,0,0,6,92,40,16,21,3,52,2,47,3,37,2,29,6,0,16,1.03,0
3,,5859,Al Aziziyah,Al Aziziyah district_146,Com,Open,,,,,0.56,0.37,2,0,0,0,5,47,0,0,0,0,47,6,34,7,101,68,14,19,0,-78,1.02,YES
3,,5946,Al Aziziyah,Al Aziziyah district_85,Resid.,Open,,,,,0.29,0.19,0,0,0,0,6,39,0,0,0,0,39,4,33,2,50,28,14,8,0,-40,0.93,0
3,,6564,Al Munisiyah,Al Munisiyah district_217,Mixed.,Open,,,,,0.28,0.19,0,0,0,0,6,30,0,0,0,0,30,0,30,0,42,33,6,3,0,-39,0.93,YES
3,,6582,Al Munisiyah,Al Munisiyah district_235,Mixed.,Open,,,,,0.19,0.12,0,0,0,0,6,31,0,0,0,0,31,1,28,2,31,19,7,5,0,-26,0.93,0
3,,7175,Al Badiea,city Riyadh Al Badiea district_1206,Resid.,Open,,,,,0.2,0.13,0,0,0,0,6,35,0,0,0,0,35,1,31,3,38,21,7,10,0,-28,0.93,0
3,,6662,Al Nahdah,Al Nahdah district_172,Resid.,Open,,,,,0.36,0.24,0,0,0,0,6,41,0,0,0,0,41,3,33,5,55,38,11,6,0,-50,0.93,0
3,,7504,Al Mahdiyah,city Riyadh Al Mahdiyah district_1032,Resid.,Open,,,,,0.33,0.22,0,0,0,0,6,33,0,0,0,0,33,1,29,3,60,37,10,13,0,-46,0.93,0
3,,8188,Al Shifa,city Riyadh Al Shifa district_327,Resid.,Open,,,,,0.3,0.2,0,0,0,0,6,30,0,0,0,0,30,1,26,3,45,30,11,4,0,-42,0.93,0
3,,8341,Al Suwaidi,city Riyadh Al Suwaidi district_24,Resid.,Open,,,,,0.36,0.24,0,0,0,0,6,50,4,0,4,0,46,0,45,1,80,38,12,30,0,-47,0.93,0
3,,8348,Al Suwaidi,city Riyadh Al Suwaidi district_31,Resid.,Open,,,,,0.27,0.18,0,0,0,0,6,27,0,0,0,0,27,1,22,4,49,29,6,14,0,-38,0.93,0
3,,9679,West Suwaidi,city Riyadh West Suwaidi district_274,Resid.,Open,,,,,0.12,0.08,0,0,0,0,6,25,1,0,1,0,24,2,22,0,20,12,7,1,0,-17,0.93,0
3,,9732,Western Al Naseem,city Riyadh Western Al Naseem district_110,Mixed.,Open,,,,,0.56,0.37,0,0,0,0,6,28,0,0,0,0,28,0,24,4,93,66,9,18,0,-78,0.93,0
3,,9789,Western Al Naseem,city Riyadh Western Al Naseem district_167,Mixed.,Open,,,,,0.19,0.13,0,0,0,0,6,37,0,0,0,0,37,0,36,1,31,21,6,4,0,-27,0.93,0
3,,9821,Western Al Naseem,city Riyadh Western Al Naseem district_199,Resid.,Open,,,,,0.11,0.08,0,0,0,0,6,20,0,0,0,0,20,2,17,1,19,11,6,2,0,-16,0.93,0
3,,9837,Western Al Naseem,city Riyadh Western Al Naseem district_86,Mixed.,Open,,,,,0.24,0.16,0,0,0,0,6,40,0,0,0,0,40,1,34,5,40,24,7,9,0,-33,0.93,0
3,,6975,Al Yarmuk,Al Yarmuk district_174,Mixed.,Open,,,,,0.3,0.2,0,0,0,0,6,26,0,0,0,0,26,2,23,1,49,34,9,6,0,0,0.93,0
3,,9879,Oraija,city Riyadh Oraija district_659,Resid.,Open,,,,,0.09,0.06,0,0,0,0,5,19,0,0,0,0,19,0,18,1,13,5,6,2,0,-12,0.9,0
3,,9996,Eshbilia,Ishbiliyah district_38,Resid.,Open,,,,,0.08,0.05,0,0,0,0,5,25,0,0,0,0,25,0,25,0,12,5,6,1,0,-11,0.9,0
3,,6279,Al Khaleej,Al Khaleej district_216,Resid.,Off-Plan,aalosaimi,25-Apr,"April 24, 25","April 24, 25",0.91,0.38,0,0,0,0,5,105,67,47,20,0,38,3,21,14,139,49,70,20,0,47,0.9,0
3,,9998,Eshbilia,Ishbiliyah district_4,Resid.,Off-Plan,aalosaimi,25-Apr,"April 10, 25","April 13, 25",0.39,0.13,0,0,0,0,5,103,51,27,9,15,52,2,48,2,57,3,36,18,0,27,0.9,0
3,,5913,Al Aziziyah,Al Aziziyah district_445,Com,Open,,,,,0.26,0.17,0,0,0,0,5,26,0,0,0,0,26,4,20,2,45,28,10,7,0,-36,0.88,0
3,,5944,Al Aziziyah,Al Aziziyah district_83,Com,Open,,,,,0.39,0.26,0,0,0,0,5,35,0,0,0,0,35,1,30,4,64,44,7,13,0,-54,0.88,YES
3,,8301,Al Sulay,city Riyadh Al Sulay district_657,Com,Open,,,,,0.17,0.11,0,0,0,0,5,32,0,0,0,0,32,0,30,2,27,15,7,5,0,-24,0.88,0
3,,6987,Al Yarmuk,Al Yarmuk district_187,Mixed.,Closed,aalosaimi,25-Mar,"January 22, 25","March 13, 25",0.83,0.35,0,0,0,0,5,123,69,43,21,5,54,0,52,2,85,16,57,12,0,43,0.85,YES
3,,6933,Al Sinaiyah,Al Sinaiyah district_10000516,Mixed.,Open,,,,,0.31,0.21,1,0,0,0,5,37,0,0,0,0,37,2,28,7,58,32,9,17,0,-44,0.82,0
3,,6271,Al Khaleej,Al Khaleej district_208,Com,Open,,,,,2.35,1.57,1,0,0,0,4,28,0,0,0,0,28,3,20,5,387,319,11,57,0,-329,0.77,YES
3,,5847,Al Aziziyah,Al Aziziyah district_130,Mixed.,Open,,,,,0.19,0.13,0,0,0,0,5,35,0,0,0,0,35,0,35,0,29,18,9,2,0,-27,0.75,0
3,,6572,Al Munisiyah,Al Munisiyah district_225,Resid.,Open,,,,,0.21,0.14,0,0,0,0,5,18,0,0,0,0,18,1,17,0,31,25,5,1,0,-29,0.75,YES
3,,6579,Al Munisiyah,Al Munisiyah district_232,Resid.,Open,,,,,0.27,0.18,0,0,0,0,5,23,0,0,0,0,23,2,20,1,42,33,6,3,0,-38,0.75,0
3,,6645,Al Nahdah,Al Nahdah district_155,Resid.,Open,,,,,0.25,0.17,0,0,0,0,5,31,0,0,0,0,31,1,27,3,38,20,13,5,0,-35,0.75,YES
3,,6648,Al Nahdah,Al Nahdah district_158,Mixed.,Open,,,,,0.19,0.12,0,0,0,0,5,25,0,0,0,0,25,1,21,3,38,17,8,13,0,-26,0.75,0
3,,6668,Al Nahdah,Al Nahdah district_178,Resid.,Open,,,,,0.21,0.14,0,0,0,0,5,22,0,0,0,0,22,1,21,0,35,23,8,4,0,-30,0.75,YES
3,,6674,Al Nahdah,Al Nahdah district_184,Resid.,Open,,,,,0.25,0.17,0,0,0,0,5,23,0,0,0,0,23,0,19,4,41,24,9,8,0,-35,0.75,0
3,,6682,Al Nahdah,Al Nahdah district_192,Resid.,Open,,,,,0.18,0.12,0,0,0,0,5,23,0,0,0,0,23,1,19,3,29,17,6,6,0,-25,0.75,0
3,,7155,Al Badiea,city Riyadh Al Badiea district_1186,Resid.,Open,,,,,0.18,0.12,0,0,0,0,5,41,0,0,0,0,41,0,39,2,26,15,9,2,0,-25,0.75,0
3,,7174,Al Badiea,city Riyadh Al Badiea district_1205,Resid.,Open,,,,,0.31,0.2,0,0,0,0,5,40,0,0,0,0,40,3,29,8,51,28,12,11,0,-43,0.75,YES
3,,8180,Al Shifa,city Riyadh Al Shifa district_319,Resid.,Open,,,,,0.33,0.22,0,0,0,0,5,24,0,0,0,0,24,2,21,1,53,42,6,5,0,-46,0.75,YES
3,,8196,Al Shifa,city Riyadh Al Shifa district_335,Resid.,Open,,,,,0.35,0.23,0,0,0,0,5,22,0,0,0,0,22,0,19,3,59,41,5,13,0,-49,0.75,0
3,,8361,Al Suwaidi,city Riyadh Al Suwaidi district_44,Resid.,Open,,,,,0.21,0.14,0,0,0,0,5,28,0,0,0,0,28,1,26,1,34,23,6,5,0,-29,0.75,YES
3,,9299,Oraija,city Riyadh Oraija middle district_721,Resid.,Open,,,,,0.2,0.13,0,0,0,0,5,26,0,0,0,0,26,0,23,3,32,19,9,4,0,-28,0.75,0
3,,9306,Oraija,city Riyadh Oraija middle district_728,Resid.,Open,,,,,0.2,0.13,0,0,0,0,5,24,0,0,0,0,24,0,21,3,30,17,8,5,0,-28,0.75,YES
3,,9671,West Suwaidi,city Riyadh West Suwaidi district_266,Resid.,Open,,,,,0.13,0.09,0,0,0,0,5,9,0,0,0,0,9,2,7,0,23,14,6,3,0,-18,0.75,0
3,,9698,West Suwaidi,city Riyadh West Suwaidi district_293,Resid.,Open,,,,,0.14,0.1,0,0,0,0,5,23,0,0,0,0,23,2,21,0,23,15,7,1,0,-20,0.75,0
3,,9817,Western Al Naseem,city Riyadh Western Al Naseem district_195,Resid.,Open,,,,,0.25,0.17,0,0,0,0,5,20,0,0,0,0,20,0,17,3,36,27,5,4,0,-35,0.75,0
3,,9836,Western Al Naseem,city Riyadh Western Al Naseem district_85,Resid.,Open,,,,,0.32,0.21,0,0,0,0,5,32,0,0,0,0,32,2,25,5,48,33,9,6,0,-45,0.75,YES
3,,9859,Oraija,city Riyadh Oraija district_612,Resid.,Open,,,,,0.21,0.14,0,0,0,0,5,27,0,0,0,0,27,0,23,4,33,17,8,8,0,-29,0.75,0
3,,9867,Oraija,city Riyadh Oraija district_632,Mixed.,Open,,,,,0.2,0.13,0,0,0,0,5,16,0,0,0,0,16,0,16,0,31,22,6,3,0,-28,0.75,0
3,,9970,Eshbilia,Ishbiliyah district_14,Resid.,Open,,,,,0.3,0.2,0,0,0,0,5,20,1,0,1,0,19,1,17,1,44,36,6,2,0,0,0.75,YES
3,,6583,Al Munisiyah,Al Munisiyah district_236,Mixed.,Open,,,,,0.21,0.14,0,0,0,0,5,23,0,0,0,0,23,3,19,1,38,25,7,6,0,0,0.75,0
3,,9316,Oraija,city Riyadh Oraija middle district_738,Resid.,Open,,,,,0.06,0.04,0,0,0,0,4,16,0,0,0,0,16,0,13,3,10,2,5,3,0,-9,0.72,YES
3,,9965,Eshbilia,Ishbiliyah district_1,Resid.,Off-Plan,ashuban,25-Mar,"March 16, 25","March 16, 25",0.57,0.23,0,0,0,0,4,99,61,31,12,18,38,1,35,2,73,8,41,24,0,-6,0.72,YES
3,,9995,Eshbilia,Ishbiliyah district_37,Resid.,Off-Plan,aalosaimi,25-Apr,"April 20, 25","April 20, 25",0.18,0.1,0,0,0,0,4,36,16,3,8,5,20,0,18,2,28,5,13,10,0,3,0.72,YES
3,,5921,Al Aziziyah,Al Aziziyah district_457,Com,Open,,,,,0.23,0.15,0,0,0,0,4,20,0,0,0,0,20,4,14,2,39,25,9,5,0,-32,0.7,0
3,,5941,Al Aziziyah,Al Aziziyah district_80,Com,Open,,,,,0.61,0.4,0,0,0,0,4,31,0,0,0,0,31,1,28,2,101,73,12,16,0,-85,0.7,0
3,,5958,Al Aziziyah,Al Aziziyah district_97,Com,Open,,,,,0.57,0.32,0,0,0,0,4,46,14,12,1,1,32,1,29,2,76,44,25,7,0,-55,0.7,YES
3,,9862,Oraija,city Riyadh Oraija district_619,Com,Open,,,,,0.34,0.22,0,0,0,0,4,15,0,0,0,0,15,0,12,3,55,39,5,11,0,-47,0.7,YES
3,,8373,Al Suwaidi,city Riyadh Al Suwaidi district_56,Resid.,Open,,,,,0.16,0.1,0,1,0,0,4,24,0,0,0,0,24,0,22,2,27,13,7,7,0,-22,0.67,0
3,,6613,Al Munisiyah,Al Munisiyah district_266,Mixed.,Closed,aalosaimi,25-Mar,"March 6, 25","March 6, 25",0.36,0.1,0,0,0,0,4,68,41,30,3,8,27,0,27,0,42,1,32,9,0,30,0.67,0
3,,9988,Eshbilia,Ishbiliyah district_30,Resid.,Open,,,,,0.19,0.12,1,0,0,0,4,23,0,0,0,0,23,3,17,3,31,20,7,4,0,-26,0.64,0
3,,8332,Al Suwaidi,city Riyadh Al Suwaidi district_10,Com,Open,,,,,0.14,0.1,0,1,0,0,3,35,0,0,0,0,35,0,30,5,26,15,4,7,0,-20,0.62,YES
3,,8375,Al Suwaidi,city Riyadh Al Suwaidi district_58,Resid.,Open,,,,,0.22,0.15,0,2,0,0,3,22,2,0,2,0,20,2,16,2,35,24,7,4,0,-29,0.59,0
3,,8161,Al Shifa,city Riyadh Al Shifa district_300,Resid.,Open,,,,,0.11,0.08,0,0,0,0,4,24,0,0,0,0,24,1,20,3,19,8,6,5,0,-16,0.58,YES
3,,5902,Al Aziziyah,Al Aziziyah district_374,Resid.,Open,,,,,0.24,0.16,0,0,0,0,4,31,0,0,0,0,31,2,22,7,39,20,10,9,0,-33,0.57,0
3,,5905,Al Aziziyah,Al Aziziyah district_377,Resid.,Open,,,,,0.23,0.15,0,0,0,0,4,18,0,0,0,0,18,2,15,1,36,26,7,3,0,-32,0.57,0
3,,6278,Al Khaleej,Al Khaleej district_215,Resid.,Open,,,,,0.18,0.12,0,0,0,0,4,16,0,0,0,0,16,2,12,2,29,20,5,4,0,-25,0.57,YES
3,,6294,Al Khaleej,Al Khaleej district_231,Resid.,Open,,,,,0.15,0.1,0,0,0,0,4,11,0,0,0,0,11,0,11,0,24,17,4,3,0,-21,0.57,0
3,,6301,Al Khaleej,Al Khaleej district_238,Resid.,Open,,,,,0.14,0.09,0,0,0,0,4,19,0,0,0,0,19,2,15,2,23,14,5,4,0,-19,0.57,YES
3,,6559,Al Munisiyah,Al Munisiyah district_212,Resid.,Open,,,,,0.25,0.17,0,0,0,0,4,24,0,0,0,0,24,2,19,3,39,29,6,4,0,-35,0.57,0
3,,6585,Al Munisiyah,Al Munisiyah district_238,Mixed.,Open,,,,,0.18,0.12,0,0,0,0,4,7,0,0,0,0,7,2,5,0,30,22,5,3,0,-25,0.57,YES
3,,6650,Al Nahdah,Al Nahdah district_160,Resid.,Open,,,,,0.11,0.07,0,0,0,0,4,25,0,0,0,0,25,2,23,0,18,11,6,1,0,-15,0.57,0
3,,6675,Al Nahdah,Al Nahdah district_185,Resid.,Open,,,,,0.22,0.15,0,0,0,0,4,17,0,0,0,0,17,1,14,2,34,24,7,3,0,-31,0.57,YES
3,,6664,Al Nahdah,Al Nahdah district_174,Resid.,Open,,,,,0.31,0.21,0,0,0,0,4,12,0,0,0,0,12,0,9,3,48,37,4,7,0,-44,0.57,YES
3,,6976,Al Yarmuk,Al Yarmuk district_175,Resid.,Open,,,,,0.26,0.18,0,0,0,0,4,78,56,49,7,0,22,1,21,0,40,27,11,2,0,-34,0.57,YES
3,,6994,Al Yarmuk,Al Yarmuk district_194,Resid.,Open,,,,,0.23,0.15,0,0,0,0,4,34,0,0,0,0,34,2,25,7,40,21,9,10,0,-32,0.57,YES
3,,6999,Al Yarmuk,Al Yarmuk district_199,Resid.,Open,,,,,0.42,0.28,0,0,0,0,4,24,2,0,2,0,22,2,19,1,65,50,10,5,0,-57,0.57,YES
3,,7234,Al Fayha,city Riyadh Al Fayha district_407,Mixed.,Open,,,,,0.18,0.12,0,0,0,0,4,19,0,0,0,0,19,2,13,4,31,17,6,8,0,-25,0.57,0
3,,7520,Al Mahdiyah,city Riyadh Al Mahdiyah district_1048,Resid.,Open,,,,,0.31,0.2,0,0,0,0,4,19,0,0,0,0,19,0,19,0,57,38,5,14,0,-43,0.57,YES
3,,7523,Al Mahdiyah,city Riyadh Al Mahdiyah district_1051,Resid.,Open,,,,,0.19,0.12,0,0,0,0,4,17,0,0,0,0,17,2,14,1,35,23,5,7,0,-26,0.57,YES
3,,5249,Al Rafiha,city Riyadh Al Rafiha district_1158,Mixed.,Open,,,,,0.13,0.09,0,0,0,0,4,22,0,0,0,0,22,1,18,3,21,11,5,5,0,-18,0.57,0
3,,8150,Al Shifa,city Riyadh Al Shifa district_289,Resid.,Open,,,,,0.21,0.14,0,0,0,0,4,25,0,0,0,0,25,0,21,4,33,22,5,6,0,-30,0.57,YES
3,,8166,Al Shifa,city Riyadh Al Shifa district_305,Resid.,Open,,,,,0.14,0.09,0,0,0,0,4,31,0,0,0,0,31,0,25,6,25,10,5,10,0,-19,0.57,0
3,,8323,Al Sulay,city Riyadh Al Sulay district_679,Mixed.,Open,,,,,0.15,0.1,0,0,0,0,4,38,0,0,0,0,38,2,33,3,27,16,7,4,0,-21,0.57,0
3,,8342,Al Suwaidi,city Riyadh Al Suwaidi district_25,Resid.,Open,,,,,0.25,0.17,0,0,0,0,4,37,1,0,1,0,36,2,25,9,51,25,8,18,0,-34,0.57,0
3,,8371,Al Suwaidi,city Riyadh Al Suwaidi district_54,Resid.,Open,,,,,0.17,0.11,0,0,0,0,4,31,0,0,0,0,31,1,26,4,28,17,6,5,0,-24,0.57,0
3,,8742,Dhahrat Al Badiea,city Riyadh Dhahrat Al Badiea district_176,Resid.,Open,,,,,0.26,0.17,0,0,0,0,4,19,0,0,0,0,19,2,16,1,41,33,4,4,0,-36,0.57,YES
3,,8781,Dhahrat Al Badiea,city Riyadh Dhahrat Al Badiea district_214,Resid.,Open,,,,,0.32,0.21,0,0,0,0,4,52,0,0,0,0,52,2,36,14,54,30,7,17,0,-45,0.57,0
3,,9030,East Naseem,city Riyadh Eastern Al Naseem district_842,Resid.,Open,,,,,0.24,0.16,0,0,0,0,4,16,0,0,0,0,16,0,14,2,36,26,6,4,0,-34,0.57,0
3,,9035,East Naseem,city Riyadh Eastern Al Naseem district_847,Resid.,Open,,,,,0.37,0.25,0,0,0,0,4,17,0,0,0,0,17,0,12,5,54,42,5,7,0,-52,0.57,0
3,,9051,East Naseem,city Riyadh Eastern Al Naseem district_863,Resid.,Open,,,,,0.19,0.13,0,0,0,0,4,34,0,0,0,0,34,1,30,3,30,19,7,4,0,-27,0.57,0
3,,9059,East Naseem,city Riyadh Eastern Al Naseem district_871,Resid.,Open,,,,,0.16,0.11,0,0,0,0,4,22,0,0,0,0,22,0,19,3,25,16,4,5,0,-23,0.57,0
3,,9300,Oraija,city Riyadh Oraija middle district_722,Resid.,Open,,,,,0.16,0.1,0,0,0,0,4,23,0,0,0,0,23,0,22,1,22,15,6,1,0,-22,0.57,0
3,,9359,Oraija,city Riyadh Oraija middle district_781,Resid.,Open,,,,,0.14,0.09,0,0,0,0,4,25,0,0,0,0,25,1,19,5,24,10,7,7,0,-19,0.57,0
3,,9674,West Suwaidi,city Riyadh West Suwaidi district_269,Mixed.,Open,,,,,0.41,0.28,0,0,0,0,4,40,5,0,5,0,35,2,28,5,67,34,21,12,0,-53,0.57,0
3,,9726,Western Al Naseem,city Riyadh Western Al Naseem district_105,Resid.,Open,,,,,0.14,0.1,0,0,0,0,4,23,0,0,0,0,23,0,23,0,22,16,4,2,0,-20,0.57,0
3,,9745,Western Al Naseem,city Riyadh Western Al Naseem district_123,Mixed.,Open,,,,,0.18,0.12,0,0,0,0,4,16,0,0,0,0,16,2,11,3,29,19,5,5,0,-25,0.57,0
3,,9757,Western Al Naseem,city Riyadh Western Al Naseem district_135,Resid.,Open,,,,,0.29,0.19,0,0,0,0,4,13,0,0,0,0,13,0,12,1,42,33,6,3,0,-40,0.57,0
3,,9759,Western Al Naseem,city Riyadh Western Al Naseem district_137,Resid.,Open,,,,,0.15,0.1,0,0,0,0,4,27,0,0,0,0,27,0,26,1,28,13,8,7,0,-21,0.57,YES
3,,9761,Western Al Naseem,city Riyadh Western Al Naseem district_139,Resid.,Open,,,,,0.14,0.09,0,0,0,0,4,11,0,0,0,0,11,0,10,1,21,13,5,3,0,-19,0.57,0
3,,9855,Oraija,city Riyadh Oraija district_608,Resid.,Open,,,,,0.15,0.1,0,0,0,0,4,15,0,0,0,0,15,0,14,1,23,17,4,2,0,-21,0.57,0
3,,9941,Oraija,city Riyadh Oraija district_957,Resid.,Open,,,,,0.31,0.2,0,0,0,0,4,12,0,0,0,0,12,0,10,2,47,37,5,5,0,-43,0.57,YES
3,,9979,Eshbilia,Ishbiliyah district_22,Resid.,Open,,,,,0.19,0.13,0,0,0,0,4,15,0,0,0,0,15,1,12,2,31,20,7,4,0,-27,0.57,0
3,,9349,Oraija,city Riyadh Oraija middle district_771,Resid.,Open,,,,,0.07,0.05,0,0,0,0,3,17,0,0,0,0,17,2,13,2,12,5,5,2,0,-10,0.54,0
3,,6282,Al Khaleej,Al Khaleej district_219,Resid.,Off-Plan,aalosaimi,25-Apr,"April 24, 25","April 27, 25",0.44,0.18,0,0,0,0,3,74,45,25,20,0,29,1,27,1,65,13,48,4,0,25,0.54,YES
3,,6305,Al Khaleej,Al Khaleej district_242,Resid.,Off-Plan,aalosaimi,25-Apr,"April 23, 25","April 23, 25",0.81,0.27,0,0,0,0,3,126,88,57,31,0,38,3,30,5,125,23,88,14,0,57,0.54,0
3,,8370,Al Suwaidi,city Riyadh Al Suwaidi district_53,Resid.,Off-Plan,ashuban,25-Apr,"April 15, 25","April 17, 25",0.38,0.15,0,0,0,0,3,73,47,22,7,18,26,0,20,6,56,0,28,28,0,22,0.54,0
3,,6985,Al Yarmuk,Al Yarmuk district_185,Resid.,Off-Plan,fabdelrahman,25-May,"May 6, 25","May 6, 25",0.3,0.2,0,0,0,0,3,71,45,26,19,0,26,1,21,4,77,21,45,11,0,26,0.54,YES
3,,6934,Al Sinaiyah,Al Sinaiyah district_10000517,Mixed.,Open,,,,,0.24,0.16,2,0,0,0,3,47,0,0,0,0,47,3,34,10,46,25,10,11,0,-33,0.53,0
3,,5872,Al Aziziyah,Al Aziziyah district_159,Com,Open,,,,,0.19,0.12,0,0,0,0,3,11,0,0,0,0,11,1,7,3,31,20,5,6,0,-26,0.52,0
3,,6903,Al Sinaiyah,Al Sinaiyah district_10000486,Com,Open,,,,,0.84,0.56,0,0,0,0,3,21,0,0,0,0,21,1,16,4,144,113,4,27,0,-118,0.52,0
3,,7826,Al Qadisiyah,city Riyadh Al Qadisiyah district_82,Com,Open,,,,,0.36,0.24,0,0,0,0,3,15,0,0,0,0,15,0,14,1,58,45,5,8,0,-50,0.52,YES
3,,8778,Dhahrat Al Badiea,city Riyadh Dhahrat Al Badiea district_211,Resid.,Open,,,,,0.26,0.17,0,1,0,0,3,17,0,0,0,0,17,3,7,7,42,28,5,9,0,-36,0.49,0
3,,6634,Al Munisiyah,Al Munisiyah district_287,Mixed.,Closed,aalosaimi,25-Mar,"January 4, 25","March 4, 25",0.26,0.14,0,0,0,0,3,54,25,6,18,1,29,1,27,1,36,12,19,5,0,6,0.49,0
3,,9748,Western Al Naseem,city Riyadh Western Al Naseem district_126,Resid.,Open,,,,,0.06,0.04,0,0,0,0,3,21,0,0,0,0,21,0,18,3,11,4,3,4,0,-8,0.47,0
3,,9987,Eshbilia,Ishbiliyah district_3,Resid.,Closed,ashuban,25-Mar,"March 16, 25","April 9, 25",0.26,0.12,0,0,0,0,3,63,37,12,14,11,26,2,23,1,38,0,26,12,0,12,0.49,YES
3,,9884,Oraija,city Riyadh Oraija district_664,Resid.,Open,,,,,0.06,0.04,0,0,0,0,3,15,0,0,0,0,15,1,14,0,10,5,4,1,0,-8,0.47,0
3,,10008,Eshbilia,Ishbiliyah district_5,Resid.,Off-Plan,surveyor3,25-Mar,"March 16, 25","March 16, 25",0.52,0.19,0,0,0,0,2,98,66,33,17,16,32,1,30,1,70,0,49,21,0,10,0.46,YES
3,,5841,Al Aziziyah,Al Aziziyah district_124,Resid.,Open,,,,,0.09,0.06,0,0,0,0,3,11,0,0,0,0,11,0,9,2,16,9,4,3,0,-13,0.39,0
3,,5844,Al Aziziyah,Al Aziziyah district_127,Resid.,Open,,,,,0.16,0.11,0,0,0,0,3,14,0,0,0,0,14,1,12,1,25,19,4,2,0,-23,0.39,0
3,,5852,Al Aziziyah,Al Aziziyah district_135,Resid.,Open,,,,,0.15,0.1,0,0,0,0,3,18,0,0,0,0,18,0,18,0,21,16,5,0,0,-21,0.39,YES
3,,5875,Al Aziziyah,Al Aziziyah district_162,Resid.,Open,,,,,0.24,0.16,0,0,0,0,3,24,0,0,0,0,24,1,18,5,39,23,8,8,0,-33,0.39,0
3,,5901,Al Aziziyah,Al Aziziyah district_370,Resid.,Open,,,,,0.26,0.17,0,0,0,0,3,21,0,0,0,0,21,2,17,2,39,30,6,3,0,-36,0.39,0
3,,5903,Al Aziziyah,Al Aziziyah district_375,Resid.,Open,,,,,0.53,0.32,0,0,0,0,3,31,8,7,1,0,23,2,16,5,76,52,15,9,0,-59,0.39,0
3,,6272,Al Khaleej,Al Khaleej district_209,Mixed.,Open,,,,,0.51,0.34,0,0,0,0,3,16,0,0,0,0,16,0,14,2,77,65,5,7,0,-72,0.39,0
3,,6286,Al Khaleej,Al Khaleej district_223,Resid.,Open,,,,,0.15,0.1,0,0,0,0,3,16,0,0,0,0,16,0,16,0,22,17,4,1,0,-21,0.39,0
3,,6288,Al Khaleej,Al Khaleej district_225,Resid.,Open,,,,,0.29,0.2,0,0,0,0,3,18,0,0,0,0,18,1,12,5,45,33,5,7,0,-41,0.39,0
3,,6290,Al Khaleej,Al Khaleej district_227,Resid.,Open,,,,,0.14,0.1,0,0,0,0,3,15,0,0,0,0,15,2,11,2,25,18,4,3,0,-20,0.39,0
3,,6293,Al Khaleej,Al Khaleej district_230,Resid.,Open,,,,,0.13,0.09,0,0,0,0,3,13,0,0,0,0,13,2,10,1,20,14,5,1,0,-18,0.39,0
3,,6296,Al Khaleej,Al Khaleej district_233,Resid.,Open,,,,,0.26,0.18,0,0,0,0,3,15,0,0,0,0,15,0,12,3,42,34,3,5,0,-37,0.39,0
3,,6298,Al Khaleej,Al Khaleej district_235,Resid.,Open,,,,,0.23,0.15,0,0,0,0,3,17,0,0,0,0,17,1,14,2,36,26,6,4,0,-32,0.39,0
3,,6581,Al Munisiyah,Al Munisiyah district_234,Mixed.,Open,,,,,0.31,0.2,0,0,0,0,3,26,0,0,0,0,26,1,22,3,46,34,7,5,0,-43,0.39,0
3,,6587,Al Munisiyah,Al Munisiyah district_240,Resid.,Open,,,,,0.14,0.1,0,0,0,0,3,10,0,0,0,0,10,3,6,1,23,17,5,1,0,-20,0.39,0
3,,6592,Al Munisiyah,Al Munisiyah district_245,Resid.,Open,,,,,0.34,0.22,0,0,0,0,3,18,0,0,0,0,18,1,13,4,53,41,6,6,0,-47,0.39,YES
3,,6637,Al Nahdah,Al Nahdah district_147,Indust.,Open,,,,,0.18,0.12,0,0,0,0,3,15,0,0,0,0,15,0,13,2,31,20,4,7,0,-25,0.39,0
3,,6641,Al Nahdah,Al Nahdah district_151,Resid.,Open,,,,,0.17,0.11,0,0,0,0,3,9,0,0,0,0,9,1,7,1,26,18,6,2,0,-24,0.39,0
3,,6651,Al Nahdah,Al Nahdah district_161,Resid.,Open,,,,,0.46,0.3,0,0,0,0,3,10,0,0,0,0,10,1,7,2,69,59,4,6,0,-64,0.39,YES
3,,6670,Al Nahdah,Al Nahdah district_180,Resid.,Open,,,,,0.27,0.18,0,0,0,0,3,18,0,0,0,0,18,1,15,2,42,32,5,5,0,-38,0.39,YES
3,,6689,Al Nahdah,Al Nahdah district_199,Resid.,Open,,,,,0.11,0.07,0,0,0,0,3,14,0,0,0,0,14,1,11,2,17,9,5,3,0,-15,0.39,0
3,,6935,Al Sinaiyah,Al Sinaiyah district_10000518,Indust.,Open,,,,,0.22,0.15,0,0,0,0,3,20,0,0,0,0,20,3,16,1,36,25,7,4,0,-31,0.39,0
3,,6973,Al Yarmuk,Al Yarmuk district_172,Resid.,Open,,,,,0.21,0.14,0,0,0,0,3,10,0,0,0,0,10,0,9,1,33,26,4,3,0,-30,0.39,YES
3,,6996,Al Yarmuk,Al Yarmuk district_196,Mixed.,Open,,,,,0.29,0.19,0,0,0,0,3,17,0,0,0,0,17,0,16,1,44,33,7,4,0,-40,0.39,YES
3,,6998,Al Yarmuk,Al Yarmuk district_198,Resid.,Open,,,,,0.29,0.19,0,0,0,0,3,6,0,0,0,0,6,0,6,0,41,37,3,1,0,-40,0.39,YES
3,,7004,Al Yarmuk,Al Yarmuk district_204,Resid.,Open,,,,,0.18,0.12,0,0,0,0,3,13,0,0,0,0,13,0,13,0,26,21,5,0,0,-25,0.39,0
3,,7005,Al Yarmuk,Al Yarmuk district_205,Resid.,Open,,,,,0.3,0.2,0,0,0,0,3,26,0,0,0,0,26,0,25,1,46,35,7,4,0,-42,0.39,0
3,,7008,Al Yarmuk,Al Yarmuk district_208,Resid.,Open,,,,,0.41,0.27,0,0,0,0,3,15,0,0,0,0,15,1,12,2,65,51,7,7,0,-57,0.39,YES
3,,7150,Al Badiea,city Riyadh Al Badiea district_1181,Mixed.,Open,,,,,0.11,0.08,0,0,0,0,3,12,0,0,0,0,12,0,12,0,18,12,4,2,0,-16,0.39,0
3,,7191,Al Fayha,city Riyadh Al Fayha district_364,Resid.,Open,,,,,0.19,0.13,0,0,0,0,3,24,0,0,0,0,24,1,22,1,30,24,4,2,0,-27,0.39,0
3,,7232,Al Fayha,city Riyadh Al Fayha district_405,Resid.,Open,,,,,0.19,0.12,0,0,0,0,3,22,0,0,0,0,22,1,20,1,29,22,4,3,0,-26,0.39,0
3,,7498,Al Mahdiyah,city Riyadh Al Mahdiyah district_1026,Resid.,Open,,,,,0.12,0.08,0,0,0,0,3,16,0,0,0,0,16,0,15,1,20,12,5,3,0,-17,0.39,0
3,,7500,Al Mahdiyah,city Riyadh Al Mahdiyah district_1028,Resid.,Open,,,,,0.14,0.09,0,0,0,0,3,11,0,0,0,0,11,0,10,1,23,15,4,4,0,-19,0.39,YES
3,,7502,Al Mahdiyah,city Riyadh Al Mahdiyah district_1030,Resid.,Open,,,,,0.21,0.14,0,0,0,0,3,19,0,0,0,0,19,0,18,1,34,25,4,5,0,-29,0.39,YES
3,,7524,Al Mahdiyah,city Riyadh Al Mahdiyah district_1052,Mixed.,Open,,,,,0.33,0.21,0,0,0,0,3,24,6,2,4,0,18,0,17,1,46,34,9,3,0,-38,0.39,YES
3,,7792,Al Qadisiyah,city Riyadh Al Qadisiyah district_108,Resid.,Open,,,,,0.13,0.09,0,0,0,0,3,20,0,0,0,0,20,1,18,1,21,14,4,3,0,-18,0.39,0
3,,7824,Al Qadisiyah,city Riyadh Al Qadisiyah district_80,Resid.,Open,,,,,0.06,0.04,0,0,0,0,3,22,0,0,0,0,22,0,21,1,10,6,3,1,0,-9,0.39,0
3,,8136,Al Shifa,city Riyadh Al Shifa district_275,Mixed.,Open,,,,,0.36,0.24,0,0,0,0,3,16,0,0,0,0,16,1,8,7,57,39,5,13,0,-50,0.39,YES
3,,8142,Al Shifa,city Riyadh Al Shifa district_281,Resid.,Open,,,,,0.19,0.12,0,0,0,0,3,19,0,0,0,0,19,1,17,1,28,21,5,2,0,-26,0.39,0
3,,8148,Al Shifa,city Riyadh Al Shifa district_287,Resid.,Open,,,,,0.2,0.13,0,0,0,0,3,8,0,0,0,0,8,1,6,1,33,26,3,4,0,-28,0.39,0
3,,8163,Al Shifa,city Riyadh Al Shifa district_302,Resid.,Open,,,,,0.14,0.1,0,0,0,0,3,15,0,0,0,0,15,1,13,1,25,16,4,5,0,-20,0.39,0
3,,8178,Al Shifa,city Riyadh Al Shifa district_317,Resid.,Open,,,,,0.29,0.2,0,0,0,0,3,20,0,0,0,0,20,0,16,4,42,34,3,5,0,-41,0.39,YES
3,,8184,Al Shifa,city Riyadh Al Shifa district_323,Resid.,Open,,,,,0.11,0.07,0,0,0,0,3,17,0,0,0,0,17,1,12,4,23,11,4,8,0,-15,0.39,0
3,,8230,Al Sulay,city Riyadh Al Sulay district_528,Mixed.,Open,,,,,0.13,0.09,0,0,0,0,3,9,0,0,0,0,9,0,9,0,18,15,3,0,0,-18,0.39,0
3,,8321,Al Sulay,city Riyadh Al Sulay district_677,Mixed.,Open,,,,,0.26,0.18,0,0,0,0,3,17,0,0,0,0,17,0,13,4,37,30,3,4,0,-37,0.39,0
3,,8363,Al Suwaidi,city Riyadh Al Suwaidi district_46,Resid.,Open,,,,,0.19,0.13,0,0,0,0,3,15,0,0,0,0,15,0,10,5,32,19,4,9,0,-27,0.39,YES
3,,8376,Al Suwaidi,city Riyadh Al Suwaidi district_59,Resid.,Open,,,,,0.18,0.12,0,0,0,0,3,15,0,0,0,0,15,0,14,1,26,20,4,2,0,-25,0.39,0
3,,8378,Al Suwaidi,city Riyadh Al Suwaidi district_61,Resid.,Open,,,,,0.22,0.15,0,0,0,0,3,21,0,0,0,0,21,0,20,1,35,26,4,5,0,-31,0.39,0
3,,8744,Dhahrat Al Badiea,city Riyadh Dhahrat Al Badiea district_178,Resid.,Open,,,,,0.07,0.05,0,0,0,0,3,17,0,0,0,0,17,1,15,1,11,7,3,1,0,-10,0.39,0
3,,8756,Dhahrat Al Badiea,city Riyadh Dhahrat Al Badiea district_190,Resid.,Open,,,,,0.19,0.13,0,0,0,0,3,14,0,0,0,0,14,0,10,4,32,20,4,8,0,-27,0.39,YES
3,,8759,Dhahrat Al Badiea,city Riyadh Dhahrat Al Badiea district_193,Mixed.,Open,,,,,0.14,0.1,0,0,0,0,3,27,0,0,0,0,27,4,16,7,31,12,8,11,0,-20,0.39,YES
3,,8762,Dhahrat Al Badiea,city Riyadh Dhahrat Al Badiea district_196,Resid.,Open,,,,,0.21,0.14,0,0,0,0,3,17,0,0,0,0,17,1,11,5,32,22,4,6,0,-30,0.39,0
3,,8786,Dhahrat Al Badiea,city Riyadh Dhahrat Al Badiea district_219,Resid.,Open,,,,,0.16,0.1,0,0,0,0,3,12,0,0,0,0,12,0,10,2,26,17,4,5,0,-22,0.39,0
3,,9026,East Naseem,city Riyadh Eastern Al Naseem district_838,Resid.,Open,,,,,0.18,0.12,0,0,0,0,3,23,0,0,0,0,23,1,19,3,29,17,6,6,0,-25,0.39,YES
3,,9097,East Naseem,city Riyadh Eastern Al Naseem district_909,Resid.,Open,,,,,0.23,0.15,0,0,0,0,3,21,0,0,0,0,21,0,21,0,33,29,3,1,0,-32,0.39,YES
3,,9319,Oraija,city Riyadh Oraija middle district_741,Mixed.,Open,,,,,0.21,0.14,0,0,0,0,3,20,0,0,0,0,20,2,12,6,36,21,6,9,0,-30,0.39,0
3,,9352,Oraija,city Riyadh Oraija middle district_774,Resid.,Open,,,,,0.11,0.07,0,0,0,0,3,11,0,0,0,0,11,0,10,1,18,9,5,4,0,-15,0.39,YES
3,,9356,Oraija,city Riyadh Oraija middle district_778,Mixed.,Open,,,,,0.13,0.09,0,0,0,0,3,13,0,0,0,0,13,0,11,2,23,12,4,7,0,-18,0.39,0
3,,9684,West Suwaidi,city Riyadh West Suwaidi district_279,Resid.,Open,,,,,0.19,0.12,0,0,0,0,3,15,0,0,0,0,15,1,13,1,27,21,5,1,0,-26,0.39,0
3,,9705,West Suwaidi,city Riyadh West Suwaidi district_300,Resid.,Open,,,,,0.24,0.16,0,0,0,0,3,20,0,0,0,0,20,1,16,3,37,27,5,5,0,-34,0.39,0
3,,9707,West Suwaidi,city Riyadh West Suwaidi district_302,Mixed.,Open,,,,,0.14,0.09,0,0,0,0,3,20,0,0,0,0,20,4,13,3,26,13,7,6,0,-19,0.39,0
3,,9710,West Suwaidi,city Riyadh West Suwaidi district_305,Resid.,Open,,,,,0.14,0.1,0,0,0,0,3,13,0,0,0,0,13,1,9,3,24,17,3,4,0,-20,0.39,0
3,,9719,West Suwaidi,city Riyadh West Suwaidi district_314,Resid.,Open,,,,,0.14,0.1,0,0,0,0,3,19,0,0,0,0,19,0,19,0,20,16,4,0,0,-20,0.39,0
3,,9750,Western Al Naseem,city Riyadh Western Al Naseem district_128,Resid.,Open,,,,,0.19,0.12,0,0,0,0,3,14,0,0,0,0,14,1,11,2,29,21,4,4,0,-26,0.39,0
3,,9753,Western Al Naseem,city Riyadh Western Al Naseem district_131,Mixed.,Open,,,,,0.29,0.19,0,0,0,0,3,22,0,0,0,0,22,0,16,6,46,31,4,11,0,-40,0.39,0
3,,9774,Western Al Naseem,city Riyadh Western Al Naseem district_152,Resid.,Open,,,,,0.11,0.08,0,0,0,0,3,19,0,0,0,0,19,3,14,2,20,13,5,2,0,-16,0.39,0
3,,9819,Western Al Naseem,city Riyadh Western Al Naseem district_197,Resid.,Open,,,,,0.07,0.05,0,0,0,0,3,15,0,0,0,0,15,0,15,0,11,7,3,1,0,-10,0.39,0
3,,9847,Western Al Naseem,city Riyadh Western Al Naseem district_96,Resid.,Open,,,,,0.19,0.12,0,0,0,0,3,19,0,0,0,0,19,0,18,1,30,22,4,4,0,-26,0.39,0
3,,9866,Oraija,city Riyadh Oraija district_631,Mixed.,Open,,,,,0.19,0.13,0,0,0,0,3,11,0,0,0,0,11,0,10,1,34,22,4,8,0,-27,0.39,0
3,,9874,Oraija,city Riyadh Oraija district_654,Mixed.,Open,,,,,0.16,0.1,0,0,0,0,3,20,0,0,0,0,20,2,14,4,26,15,5,6,0,-22,0.39,0
3,,9877,Oraija,city Riyadh Oraija district_657,Resid.,Open,,,,,0.07,0.05,0,0,0,0,3,12,0,0,0,0,12,1,11,0,11,8,3,0,0,-10,0.39,0
3,,9896,Oraija,city Riyadh Oraija district_676,Resid.,Open,,,,,0.11,0.07,0,0,0,0,3,14,0,0,0,0,14,3,8,3,22,11,5,6,0,-15,0.39,0
3,,9906,Oraija,city Riyadh Oraija district_686,Resid.,Open,,,,,0.14,0.1,0,0,0,0,3,24,0,0,0,0,24,2,19,3,25,15,5,5,0,-20,0.39,0
3,,9912,Oraija,city Riyadh Oraija district_692,Resid.,Open,,,,,0.13,0.09,0,0,0,0,3,21,0,0,0,0,21,0,19,2,20,13,4,3,0,-18,0.39,0
3,,9927,Oraija,city Riyadh Oraija district_707,Resid.,Open,,,,,0.1,0.07,0,0,0,0,3,9,0,0,0,0,9,0,9,0,18,11,3,4,0,-14,0.39,0
3,,10012,Eshbilia,Ishbiliyah district_9,Resid.,Open,,,,,0.16,0.11,0,0,0,0,3,9,0,0,0,0,9,1,8,0,27,21,3,3,0,-23,0.39,0
3,,10219,Al Badiea,Sultanah district_10000101,Resid.,Open,,,,,0.19,0.13,0,0,0,0,3,23,0,0,0,0,23,1,19,3,33,22,4,7,0,-27,0.39,0
3,,9972,Eshbilia,Ishbiliyah district_16,Resid.,Open,,,,,0.36,0.24,0,0,0,0,3,20,0,0,0,0,20,2,17,1,57,42,9,6,0,0,0.39,YES
3,,6614,Al Munisiyah,Al Munisiyah district_267,Resid.,Closed,aalngedan,25-Jan,"January 11, 25","January 11, 25",0.04,0.03,0,0,0,0,2,11,1,0,1,0,10,0,7,3,7,2,2,3,0,-5,0.36,0
3,,9318,Oraija,city Riyadh Oraija middle district_740,Mixed.,Open,,,,,0.1,0.07,0,0,0,0,2,27,0,0,0,0,27,0,23,4,15,2,9,4,0,-14,0.36,0
3,,9687,West Suwaidi,city Riyadh West Suwaidi district_282,Resid.,Open,,,,,0.08,0.05,0,0,0,0,2,16,0,0,0,0,16,0,16,0,12,5,6,1,0,-11,0.36,0
3,,9695,West Suwaidi,city Riyadh West Suwaidi district_290,Resid.,Open,,,,,0.02,0.01,0,0,0,0,2,4,0,0,0,0,4,1,3,0,4,2,2,0,0,-3,0.36,0
3,,10163,Oraija,RUH_Oraija_10,Resid.,Open,,,,,0.07,0.05,0,0,0,0,2,19,0,0,0,0,19,1,16,2,14,5,5,4,0,-10,0.36,0
3,,6280,Al Khaleej,Al Khaleej district_217,Resid.,Off-Plan,aalosaimi,25-Apr,"April 24, 25","April 24, 25",0.43,0.11,0,0,0,0,2,72,48,37,11,0,24,2,18,4,60,11,44,5,0,37,0.36,0
3,,6571,Al Munisiyah,Al Munisiyah district_224,Resid.,Off-Plan,ashuban,25-May,"May 3, 25","May 3, 25",0.09,0.03,0,0,0,0,2,14,9,5,4,0,5,0,5,0,13,3,10,0,0,5,0.36,0
3,,6605,Al Munisiyah,Al Munisiyah district_258,Resid.,Off-Plan,fabdelrahman,25-Mar,"May 4, 25","May 5, 25",0.23,0.05,0,0,0,0,2,32,26,22,4,0,6,0,5,1,34,6,26,2,0,22,0.36,0
3,,8369,Al Suwaidi,city Riyadh Al Suwaidi district_52,Resid.,Off-Plan,surveyor13,25-Apr,"April 15, 25","April 15, 25",0.11,0.06,0,0,0,0,2,30,15,4,1,10,15,0,15,0,21,1,5,15,0,4,0.36,0
3,,5948,Al Aziziyah,Al Aziziyah district_87,Com,Open,,,,,0.19,0.12,0,0,0,0,2,3,0,0,0,0,3,0,3,0,28,25,2,1,0,-26,0.34,0
3,,6561,Al Munisiyah,Al Munisiyah district_214,Com,Open,,,,,0.59,0.39,0,0,0,0,2,10,0,0,0,0,10,1,8,1,97,78,4,15,0,-82,0.34,YES
3,,6919,Al Sinaiyah,Al Sinaiyah district_10000502,Com,Open,,,,,0.39,0.26,0,0,0,0,2,17,0,0,0,0,17,1,14,2,59,50,5,4,0,-55,0.34,0
3,,6929,Al Sinaiyah,Al Sinaiyah district_10000512,Com,Open,,,,,0.51,0.34,0,0,0,0,2,10,0,0,0,0,10,0,9,1,77,70,2,5,0,-72,0.34,0
3,,9865,Oraija,city Riyadh Oraija district_629,Com,Open,,,,,0.18,0.12,0,0,0,0,2,11,0,0,0,0,11,0,8,3,28,19,4,5,0,-25,0.34,YES
3,,7525,Al Mahdiyah,city Riyadh Al Mahdiyah district_1053,Resid.,Open,,,,,0.13,0.09,0,1,0,0,2,7,0,0,0,0,7,1,5,1,26,15,4,7,0,-18,0.31,0
3,,5264,Al Rafiha,city Riyadh Al Rafiha district_1272,Mixed.,Open,,,,,0.31,0.2,0,1,0,0,2,17,3,1,2,0,14,0,11,3,46,35,6,5,0,-40,0.31,0
3,,5882,Al Aziziyah,Al Aziziyah district_169,Com,Open,,,,,0.03,0.02,0,0,0,0,1,3,0,0,0,0,3,0,1,2,4,1,1,2,0,-4,0.31,0
3,,10011,Eshbilia,Ishbiliyah district_8,Resid.,Closed,surveyor3,25-Mar,"March 16, 25","March 16, 25",0.34,0.15,0,0,0,0,2,57,44,15,10,19,13,1,10,2,49,1,25,23,0,15,0.31,0
3,,6308,Al Khaleej,Al Khaleej district_245,Resid.,Open,,,,,0.11,0.06,0,0,0,0,2,13,6,2,4,0,7,0,7,0,15,8,7,0,0,-7,0.29,0
3,,7202,Al Fayha,city Riyadh Al Fayha district_375,Resid.,Open,,,,,0.06,0.04,0,0,0,0,2,10,0,0,0,0,10,2,6,2,12,5,4,3,0,-9,0.29,0
3,,9083,East Naseem,city Riyadh Eastern Al Naseem district_895,Resid.,Open,,,,,0.08,0.05,0,0,0,0,2,10,0,0,0,0,10,1,6,3,14,6,5,3,0,-11,0.29,0
3,,9348,Oraija,city Riyadh Oraija middle district_770,Mixed.,Open,,,,,0.2,0.13,1,0,0,0,2,13,0,0,0,0,13,0,12,1,32,21,7,4,0,-28,0.28,0
3,,9976,Eshbilia,Ishbiliyah district_2,Resid.,Off-Plan,surveyor3,25-Mar,"March 16, 25","March 16, 25",0.35,0.12,0,0,0,0,1,42,31,23,2,6,11,1,5,5,43,5,27,11,0,-1,0.28,YES
3,,7799,Al Qadisiyah,city Riyadh Al Qadisiyah district_115,Resid.,Open,,,,,0.01,0,0,0,0,0,1,6,0,0,0,0,6,0,6,0,1,0,1,0,0,-1,0.28,0
3,,5241,Al Rafiha,city Riyadh Al Rafiha district_1150,Resid.,Open,,,,,0.01,0.01,0,0,0,0,1,2,0,0,0,0,2,0,1,1,3,1,1,1,0,-2,0.28,0
3,,5242,Al Rafiha,city Riyadh Al Rafiha district_1151,Mixed.,Open,,,,,0.01,0,0,0,0,0,1,1,0,0,0,0,1,0,1,0,1,0,1,0,0,-1,0.28,0
3,,5248,Al Rafiha,city Riyadh Al Rafiha district_1157,Resid.,Open,,,,,0.01,0.01,0,0,0,0,1,2,0,0,0,0,2,0,2,0,2,0,2,0,0,-2,0.28,0
3,,8156,Al Shifa,city Riyadh Al Shifa district_295,Resid.,Open,,,,,0.01,0.01,0,0,0,0,1,1,0,0,0,0,1,0,1,0,2,1,1,0,0,-2,0.28,0
3,,8355,Al Suwaidi,city Riyadh Al Suwaidi district_38,Resid.,Open,,,,,0.19,0.07,0,0,0,0,1,30,20,11,3,6,10,2,6,2,34,4,16,14,0,-1,0.28,YES
3,,9673,West Suwaidi,city Riyadh West Suwaidi district_268,Resid.,Open,,,,,0.01,0.01,0,0,0,0,1,5,0,0,0,0,5,2,2,1,4,1,2,1,0,-2,0.28,0
3,,8374,Al Suwaidi,city Riyadh Al Suwaidi district_57,Resid.,Open,,,,,0.1,0.07,0,2,0,0,1,9,0,0,0,0,9,1,6,2,19,10,4,5,0,-14,0.23,0
3,,6612,Al Munisiyah,Al Munisiyah district_265,Mixed.,Closed,aalosaimi,25-Mar,"January 11, 25","March 5, 25",0.36,0.13,0,1,0,0,1,64,48,22,18,8,16,1,15,0,42,1,32,9,0,22,0.23,YES
3,,5860,Al Aziziyah,Al Aziziyah district_147,Com,Open,,,,,0.01,0.01,0,0,0,0,0,0,0,0,0,0,0,0,0,0,2,2,0,0,0,-2,0.23,0
3,,5862,Al Aziziyah,Al Aziziyah district_149,Com,Open,,,,,0.01,0.01,0,0,0,0,0,0,0,0,0,0,0,0,0,0,2,2,0,0,0,-2,0.23,0
3,,5880,Al Aziziyah,Al Aziziyah district_167,Com,Open,,,,,0.01,0.01,0,0,0,0,0,0,0,0,0,0,0,0,0,0,2,2,0,0,0,-2,0.23,0
3,,5952,Al Aziziyah,Al Aziziyah district_91,Com,Open,,,,,0.01,0.01,0,0,0,0,0,0,0,0,0,0,0,0,0,0,2,2,0,0,0,-2,0.23,0
3,,5954,Al Aziziyah,Al Aziziyah district_93,Com,Open,,,,,0.01,0,0,0,0,0,0,0,0,0,0,0,0,0,0,0,1,1,0,0,0,-1,0.23,0
3,,8271,Al Sulay,city Riyadh Al Sulay district_626,Com,Open,,,,,0.01,0.01,0,0,0,0,0,0,0,0,0,0,0,0,0,0,2,2,0,0,0,-2,0.23,0
3,,8303,Al Sulay,city Riyadh Al Sulay district_659,Com,Open,,,,,0.01,0.01,0,0,0,0,0,0,0,0,0,0,0,0,0,0,2,2,0,0,0,-2,0.23,0
3,,9870,Oraija,city Riyadh Oraija district_641,Com,Open,,,,,0.01,0,0,0,0,0,0,0,0,0,0,0,0,0,0,0,1,1,0,0,0,-1,0.23,0
3,,6636,Al Munisiyah,Al Munisiyah district_3,Com,Open,,,,,0,0,0,0,0,0,0,0,0,0,0,0,0,0,0,0,2,0,0,2,0,0,0.23,0
3,,8270,Al Sulay,city Riyadh Al Sulay district_625,Com,Open,,,,,0.01,0.01,0,0,0,0,0,4,0,0,0,0,4,0,4,0,2,0,2,0,0,-2,0.23,0
3,,6659,Al Nahdah,Al Nahdah district_169,Resid.,Open,,,,,0.07,0.05,0,0,0,0,2,10,0,0,0,0,10,0,10,0,10,6,4,0,0,-10,0.22,0
3,,7148,Al Badiea,city Riyadh Al Badiea district_1179,Resid.,Open,,,,,0.11,0.08,0,0,0,0,2,14,0,0,0,0,14,1,12,1,19,9,7,3,0,-16,0.22,0
3,,9360,Oraija,city Riyadh Oraija middle district_782,Resid.,Open,,,,,0.09,0.06,0,0,0,0,2,14,0,0,0,0,14,0,12,2,13,6,4,3,0,-12,0.22,YES
3,,9933,Oraija,city Riyadh Oraija district_713,Resid.,Open,,,,,0.07,0.05,0,0,0,0,2,6,0,0,0,0,6,0,5,1,13,6,4,3,0,-10,0.22,0
3,,10006,Eshbilia,Ishbiliyah district_47,Resid.,Open,,,,,0.07,0.05,0,0,0,0,2,11,0,0,0,0,11,0,11,0,10,6,4,0,0,-10,0.22,0
3,,10169,Oraija,RUH_Oraija_05,Resid.,Open,,,,,0.04,0.03,0,0,0,0,2,7,0,0,0,0,7,0,6,1,8,4,2,2,0,-6,0.22,0
3,,5819,Al Aziziyah,Al Aziziyah district_102,Resid.,Open,,,,,0.17,0.11,0,0,0,0,2,8,1,0,1,0,7,0,7,0,25,20,4,1,0,-23,0.21,0
3,,5822,Al Aziziyah,Al Aziziyah district_105,Resid.,Open,,,,,0.11,0.08,0,0,0,0,2,20,0,0,0,0,20,1,17,2,20,12,4,4,0,-16,0.21,0
3,,5826,Al Aziziyah,Al Aziziyah district_109,Resid.,Open,,,,,0.12,0.08,0,0,0,0,2,10,0,0,0,0,10,1,6,3,20,14,2,4,0,-17,0.21,0
3,,5829,Al Aziziyah,Al Aziziyah district_112,Resid.,Open,,,,,0.08,0.05,0,0,0,0,2,9,0,0,0,0,9,1,7,1,13,10,2,1,0,-11,0.21,0
3,,5842,Al Aziziyah,Al Aziziyah district_125,Resid.,Open,,,,,0.14,0.09,0,0,0,0,2,7,0,0,0,0,7,2,2,3,23,18,2,3,0,-19,0.21,YES
3,,5869,Al Aziziyah,Al Aziziyah district_156,Resid.,Open,,,,,0.39,0.26,0,0,0,0,2,29,0,0,0,0,29,5,16,8,68,40,12,16,0,-54,0.21,0
3,,5900,Al Aziziyah,Al Aziziyah district_369,Mixed.,Open,,,,,0.11,0.07,0,0,0,0,2,9,0,0,0,0,9,0,8,1,18,10,5,3,0,-15,0.21,0
3,,5918,Al Aziziyah,Al Aziziyah district_454,Mixed.,Open,,,,,0.26,0.18,0,0,0,0,2,18,0,0,0,0,18,0,16,2,46,34,3,9,0,-37,0.21,0
3,,5937,Al Aziziyah,Al Aziziyah district_482,Resid.,Open,,,,,0.16,0.1,0,0,0,0,2,17,0,0,0,0,17,0,15,2,24,19,3,2,0,-22,0.21,0
3,,5942,Al Aziziyah,Al Aziziyah district_81,Mixed.,Open,,,,,0.26,0.18,0,0,0,0,2,10,0,0,0,0,10,1,8,1,42,32,5,5,0,-37,0.21,YES
3,,5943,Al Aziziyah,Al Aziziyah district_82,Resid.,Open,,,,,0.09,0.06,0,0,0,0,2,11,0,0,0,0,11,0,10,1,15,11,2,2,0,-13,0.21,0
3,,5960,Al Aziziyah,Al Aziziyah district_99,Resid.,Open,,,,,0.14,0.1,0,0,0,0,2,11,0,0,0,0,11,1,9,1,24,16,5,3,0,-20,0.21,0
3,,6268,Al Khaleej,Al Khaleej district_205,Resid.,Open,,,,,0.24,0.16,0,0,0,0,2,5,0,0,0,0,5,0,2,3,39,30,2,7,0,-34,0.21,YES
3,,6274,Al Khaleej,Al Khaleej district_211,Resid.,Open,,,,,0.3,0.2,0,0,0,0,2,10,0,0,0,0,10,1,4,5,46,34,4,8,0,-42,0.21,YES
3,,6281,Al Khaleej,Al Khaleej district_218,Resid.,Open,,,,,0.19,0.12,0,0,0,0,2,7,0,0,0,0,7,0,7,0,27,24,2,1,0,-26,0.21,YES
3,,6283,Al Khaleej,Al Khaleej district_220,Resid.,Open,,,,,0.21,0.14,0,0,0,0,2,11,0,0,0,0,11,1,8,2,33,26,3,4,0,-30,0.21,0
3,,6284,Al Khaleej,Al Khaleej district_221,Resid.,Open,,,,,0.28,0.19,0,0,0,0,2,16,0,0,0,0,16,2,10,4,45,34,4,7,0,-39,0.21,YES
3,,6287,Al Khaleej,Al Khaleej district_224,Resid.,Open,,,,,0.16,0.1,0,0,0,0,2,10,0,0,0,0,10,1,7,2,24,18,3,3,0,-22,0.21,YES
3,,6291,Al Khaleej,Al Khaleej district_228,Resid.,Open,,,,,0.09,0.06,0,0,0,0,2,8,0,0,0,0,8,1,5,2,13,8,3,2,0,-12,0.21,0
3,,6303,Al Khaleej,Al Khaleej district_240,Resid.,Open,,,,,0.09,0.06,0,0,0,0,2,2,0,0,0,0,2,0,2,0,12,10,2,0,0,-12,0.21,YES
3,,6307,Al Khaleej,Al Khaleej district_244,Resid.,Open,,,,,0.08,0.05,0,0,0,0,2,10,1,0,1,0,9,1,7,1,12,7,4,1,0,-10,0.21,0
3,,6566,Al Munisiyah,Al Munisiyah district_219,Resid.,Open,,,,,0.09,0.06,0,0,0,0,2,15,0,0,0,0,15,0,15,0,14,10,2,2,0,-12,0.21,YES
3,,6575,Al Munisiyah,Al Munisiyah district_228,Resid.,Open,,,,,0.16,0.1,0,0,0,0,2,9,0,0,0,0,9,0,9,0,24,19,3,2,0,-22,0.21,0
3,,6577,Al Munisiyah,Al Munisiyah district_230,Resid.,Open,,,,,0.34,0.22,0,0,0,0,2,12,0,0,0,0,12,1,11,0,56,45,3,8,0,-47,0.21,0
3,,6580,Al Munisiyah,Al Munisiyah district_233,Resid.,Open,,,,,0.31,0.21,0,0,0,0,2,11,0,0,0,0,11,1,7,3,47,40,3,4,0,-44,0.21,0
3,,6588,Al Munisiyah,Al Munisiyah district_241,Resid.,Open,,,,,0.27,0.18,0,0,0,0,2,8,0,0,0,0,8,1,6,1,41,35,3,3,0,-38,0.21,0
3,,6638,Al Nahdah,Al Nahdah district_148,Mixed.,Open,,,,,0.18,0.12,0,0,0,0,2,9,0,0,0,0,9,1,7,1,28,21,4,3,0,-25,0.21,YES
3,,6640,Al Nahdah,Al Nahdah district_150,Mixed.,Open,,,,,0.27,0.18,0,0,0,0,2,20,0,0,0,0,20,0,16,4,42,24,10,8,0,-38,0.21,0
3,,6643,Al Nahdah,Al Nahdah district_153,Resid.,Open,,,,,0.21,0.14,0,0,0,0,2,17,0,0,0,0,17,1,14,2,36,23,6,7,0,-30,0.21,0
3,,6667,Al Nahdah,Al Nahdah district_177,Resid.,Open,,,,,0.27,0.18,0,0,0,0,2,12,0,0,0,0,12,1,10,1,41,34,4,3,0,-38,0.21,0
3,,6676,Al Nahdah,Al Nahdah district_186,Resid.,Open,,,,,0.11,0.08,0,0,0,0,2,10,0,0,0,0,10,0,9,1,18,12,3,3,0,-16,0.21,YES
3,,6932,Al Sinaiyah,Al Sinaiyah district_10000515,Mixed.,Open,,,,,0.11,0.07,0,0,0,0,2,11,0,0,0,0,11,0,11,0,16,12,3,1,0,-15,0.21,0
3,,6936,Al Sinaiyah,Al Sinaiyah district_10000519,Indust.,Open,,,,,0.16,0.11,0,0,0,0,2,4,0,0,0,0,4,0,4,0,26,20,3,3,0,-23,0.21,0
3,,6971,Al Yarmuk,Al Yarmuk district_170,Resid.,Open,,,,,0.46,0.31,0,0,0,0,2,15,0,0,0,0,15,0,12,3,78,58,6,14,0,-65,0.21,YES
3,,6977,Al Yarmuk,Al Yarmuk district_176,Resid.,Open,,,,,0.2,0.13,0,0,0,0,2,14,0,0,0,0,14,0,14,0,30,22,6,2,0,-28,0.21,0
3,,6978,Al Yarmuk,Al Yarmuk district_177,Resid.,Open,,,,,0.12,0.08,0,0,0,0,2,11,0,0,0,0,11,0,11,0,18,12,5,1,0,-17,0.21,0
3,,6990,Al Yarmuk,Al Yarmuk district_190,Resid.,Open,,,,,0.06,0.04,0,0,0,0,2,4,0,0,0,0,4,0,4,0,11,6,2,3,0,-8,0.21,0
3,,6991,Al Yarmuk,Al Yarmuk district_191,Resid.,Open,,,,,0.12,0.08,0,0,0,0,2,7,0,0,0,0,7,0,7,0,20,14,3,3,0,-17,0.21,YES
3,,7002,Al Yarmuk,Al Yarmuk district_202,Mixed.,Open,,,,,0.24,0.16,0,0,0,0,2,13,0,0,0,0,13,0,11,2,37,27,6,4,0,-33,0.21,YES
3,,7000,Al Yarmuk,Al Yarmuk district_200,Resid.,Open,,,,,0.25,0.17,0,0,0,0,2,19,0,0,0,0,19,0,18,1,37,29,5,3,0,-35,0.21,YES
3,,7009,Al Yarmuk,Al Yarmuk district_209,Resid.,Open,,,,,0.19,0.12,0,0,0,0,2,14,0,0,0,0,14,3,8,3,33,21,6,6,0,-26,0.21,YES
3,,7010,Al Yarmuk,Al Yarmuk district_210,Mixed.,Open,,,,,0.31,0.2,0,0,0,0,2,27,0,0,0,0,27,6,15,6,53,33,12,8,0,-43,0.21,0
3,,7146,Al Badiea,city Riyadh Al Badiea district_1177,Mixed.,Open,,,,,0.07,0.05,0,0,0,0,2,16,0,0,0,0,16,0,9,7,21,7,2,12,0,-10,0.21,0
3,,7149,Al Badiea,city Riyadh Al Badiea district_1180,Mixed.,Open,,,,,0.16,0.1,0,0,0,0,2,16,0,0,0,0,16,2,12,2,25,17,5,3,0,-22,0.21,YES
3,,7152,Al Badiea,city Riyadh Al Badiea district_1183,Resid.,Open,,,,,0.11,0.07,0,0,0,0,2,13,0,0,0,0,13,2,8,3,22,9,5,8,0,-15,0.21,0
3,,7156,Al Badiea,city Riyadh Al Badiea district_1187,Resid.,Open,,,,,0.11,0.08,0,0,0,0,2,10,0,0,0,0,10,1,8,1,19,14,2,3,0,-16,0.21,YES
3,,7153,Al Badiea,city Riyadh Al Badiea district_1184,Resid.,Open,,,,,0.09,0.06,0,0,0,0,2,14,0,0,0,0,14,0,14,0,14,10,2,2,0,-12,0.21,0
3,,7171,Al Badiea,city Riyadh Al Badiea district_1202,Resid.,Open,,,,,0.14,0.1,0,0,0,0,2,13,0,0,0,0,13,0,9,4,24,18,2,4,0,-20,0.21,0
3,,7178,Al Badiea,city Riyadh Al Badiea district_1615,Resid.,Open,,,,,0.19,0.12,0,0,0,0,2,20,0,0,0,0,20,3,12,5,34,19,6,9,0,-26,0.21,YES
3,,7193,Al Fayha,city Riyadh Al Fayha district_366,Resid.,Open,,,,,0.28,0.19,0,0,0,0,2,23,0,0,0,0,23,2,18,3,42,33,4,5,0,-39,0.21,YES
3,,7194,Al Fayha,city Riyadh Al Fayha district_367,Resid.,Open,,,,,0.11,0.07,0,0,0,0,2,11,0,0,0,0,11,2,7,2,17,12,3,2,0,-15,0.21,YES
3,,7198,Al Fayha,city Riyadh Al Fayha district_371,Resid.,Open,,,,,0.21,0.14,0,0,0,0,2,13,0,0,0,0,13,1,10,2,29,24,3,2,0,-29,0.21,0
3,,7201,Al Fayha,city Riyadh Al Fayha district_374,Resid.,Open,,,,,0.13,0.09,0,0,0,0,2,15,0,0,0,0,15,2,11,2,22,13,5,4,0,-18,0.21,0
3,,7211,Al Fayha,city Riyadh Al Fayha district_384,Resid.,Open,,,,,0.22,0.15,0,0,0,0,2,17,0,0,0,0,17,0,16,1,34,27,3,4,0,-31,0.21,0
3,,7214,Al Fayha,city Riyadh Al Fayha district_387,Resid.,Open,,,,,0.17,0.11,0,0,0,0,2,11,0,0,0,0,11,1,9,1,32,21,3,8,0,-24,0.21,0
3,,7501,Al Mahdiyah,city Riyadh Al Mahdiyah district_1029,Resid.,Open,,,,,0.32,0.2,0,0,0,0,2,16,4,4,0,0,12,0,12,0,45,34,9,2,0,-37,0.21,YES
3,,7794,Al Qadisiyah,city Riyadh Al Qadisiyah district_110,Resid.,Open,,,,,0.09,0.06,0,0,0,0,2,4,0,0,0,0,4,0,4,0,12,10,2,0,0,-12,0.21,0
3,,7802,Al Qadisiyah,city Riyadh Al Qadisiyah district_5,Mixed.,Open,,,,,0.24,0.16,0,0,0,0,2,12,0,0,0,0,12,0,12,0,35,29,4,2,0,-33,0.21,0
3,,7805,Al Qadisiyah,city Riyadh Al Qadisiyah district_519,Resid.,Open,,,,,0.11,0.07,0,0,0,0,2,11,0,0,0,0,11,1,9,1,16,12,3,1,0,-15,0.21,0
3,,5247,Al Rafiha,city Riyadh Al Rafiha district_1156,Mixed.,Open,,,,,0.13,0.09,0,0,0,0,2,5,0,0,0,0,5,0,5,0,22,15,3,4,0,-18,0.21,0
3,,8138,Al Shifa,city Riyadh Al Shifa district_277,Resid.,Open,,,,,0.11,0.08,0,0,0,0,2,13,0,0,0,0,13,3,7,3,21,12,5,4,0,-16,0.21,YES
3,,8149,Al Shifa,city Riyadh Al Shifa district_288,Resid.,Open,,,,,0.11,0.08,0,0,0,0,2,9,0,0,0,0,9,3,4,2,21,14,4,3,0,-16,0.21,0
3,,8162,Al Shifa,city Riyadh Al Shifa district_301,Resid.,Open,,,,,0.17,0.11,0,0,0,0,2,15,0,0,0,0,15,0,13,2,28,17,5,6,0,-24,0.21,0
3,,8186,Al Shifa,city Riyadh Al Shifa district_325,Resid.,Open,,,,,0.29,0.19,0,0,0,0,2,17,0,0,0,0,17,0,16,1,54,33,7,14,0,-40,0.21,YES
3,,8190,Al Shifa,city Riyadh Al Shifa district_329,Resid.,Open,,,,,0.19,0.12,0,0,0,0,2,6,0,0,0,0,6,1,4,1,29,23,3,3,0,-26,0.21,0
3,,8277,Al Sulay,city Riyadh Al Sulay district_633,Mixed.,Open,,,,,0.08,0.05,0,0,0,0,2,5,0,0,0,0,5,0,5,0,12,9,2,1,0,-11,0.21,0
3,,8315,Al Sulay,city Riyadh Al Sulay district_671,Mixed.,Open,,,,,0.19,0.12,0,0,0,0,2,17,0,0,0,0,17,0,14,3,30,23,3,4,0,-26,0.21,0
3,,8377,Al Suwaidi,city Riyadh Al Suwaidi district_60,Resid.,Open,,,,,0.14,0.09,0,0,0,0,2,12,0,0,0,0,12,1,8,3,22,14,3,5,0,-19,0.21,0
3,,8381,Al Suwaidi,city Riyadh Al Suwaidi district_64,Resid.,Open,,,,,0.1,0.07,0,0,0,0,2,6,0,0,0,0,6,2,4,0,19,13,3,3,0,-14,0.21,YES
3,,8383,Al Suwaidi,city Riyadh Al Suwaidi district_66,Resid.,Open,,,,,0.09,0.06,0,0,0,0,2,7,0,0,0,0,7,1,5,1,16,10,4,2,0,-13,0.21,YES
3,,8387,Al Suwaidi,city Riyadh Al Suwaidi district_70,Resid.,Open,,,,,0.08,0.05,0,0,0,0,2,13,0,0,0,0,13,2,9,2,15,7,4,4,0,-11,0.21,0
3,,8745,Dhahrat Al Badiea,city Riyadh Dhahrat Al Badiea district_179,Resid.,Open,,,,,0.34,0.23,0,0,0,0,2,21,0,0,0,0,21,0,16,5,49,40,3,6,0,-48,0.21,YES
3,,8764,Dhahrat Al Badiea,city Riyadh Dhahrat Al Badiea district_198,Resid.,Open,,,,,0.13,0.09,0,0,0,0,2,3,0,0,0,0,3,0,2,1,19,15,2,2,0,-18,0.21,0
3,,8751,Dhahrat Al Badiea,city Riyadh Dhahrat Al Badiea district_185,Resid.,Open,,,,,0.14,0.09,0,0,0,0,2,12,0,0,0,0,12,1,7,4,22,13,3,6,0,-19,0.21,0
3,,8765,Dhahrat Al Badiea,city Riyadh Dhahrat Al Badiea district_199,Resid.,Open,,,,,0.11,0.08,0,0,0,0,2,9,1,0,1,0,8,3,4,1,19,14,4,1,0,-16,0.21,YES
3,,8775,Dhahrat Al Badiea,city Riyadh Dhahrat Al Badiea district_208,Resid.,Open,,,,,0.19,0.12,0,0,0,0,2,23,0,0,0,0,23,2,15,6,33,18,6,9,0,-26,0.21,0
3,,9028,East Naseem,city Riyadh Eastern Al Naseem district_840,Resid.,Open,,,,,0.13,0.09,0,0,0,0,2,13,0,0,0,0,13,0,11,2,20,13,3,4,0,-18,0.21,0
3,,9032,East Naseem,city Riyadh Eastern Al Naseem district_844,Resid.,Open,,,,,0.18,0.12,0,0,0,0,2,13,0,0,0,0,13,0,11,2,25,21,2,2,0,-25,0.21,0
3,,9034,East Naseem,city Riyadh Eastern Al Naseem district_846,Resid.,Open,,,,,0.14,0.1,0,0,0,0,2,13,0,0,0,0,13,1,11,1,22,16,4,2,0,-20,0.21,0
3,,9064,East Naseem,city Riyadh Eastern Al Naseem district_876,Resid.,Open,,,,,0.22,0.15,0,0,0,0,2,13,0,0,0,0,13,1,10,2,34,28,3,3,0,-31,0.21,0
3,,9070,East Naseem,city Riyadh Eastern Al Naseem district_882,Resid.,Open,,,,,0.15,0.1,0,0,0,0,2,19,0,0,0,0,19,2,14,3,23,16,4,3,0,-21,0.21,0
3,,9071,East Naseem,city Riyadh Eastern Al Naseem district_883,Resid.,Open,,,,,0.11,0.08,0,0,0,0,2,16,0,0,0,0,16,1,12,3,19,12,3,4,0,-16,0.21,0
3,,9089,East Naseem,city Riyadh Eastern Al Naseem district_901,Resid.,Open,,,,,0.22,0.15,0,0,0,0,2,13,0,0,0,0,13,0,11,2,32,26,3,3,0,-31,0.21,0
3,,9320,Oraija,city Riyadh Oraija middle district_742,Mixed.,Open,,,,,0.14,0.09,0,0,0,0,2,13,0,0,0,0,13,2,9,2,20,11,7,2,0,-19,0.21,YES
3,,9329,Oraija,city Riyadh Oraija middle district_751,Resid.,Open,,,,,0.06,0.04,0,0,0,0,2,7,0,0,0,0,7,0,5,2,11,6,2,3,0,-8,0.21,0
3,,9330,Oraija,city Riyadh Oraija middle district_752,Resid.,Open,,,,,0.11,0.07,0,0,0,0,2,6,0,0,0,0,6,0,5,1,17,11,4,2,0,-15,0.21,0
3,,9332,Oraija,city Riyadh Oraija middle district_754,Resid.,Open,,,,,0.21,0.14,0,0,0,0,2,8,0,0,0,0,8,0,7,1,31,26,3,2,0,-29,0.21,YES
3,,9334,Oraija,city Riyadh Oraija middle district_756,Resid.,Open,,,,,0.13,0.09,0,0,0,0,2,10,0,0,0,0,10,1,8,1,21,13,5,3,0,-18,0.21,0
3,,9346,Oraija,city Riyadh Oraija middle district_768,Mixed.,Open,,,,,0.12,0.08,0,0,0,0,2,7,0,0,0,0,7,0,6,1,19,13,3,3,0,-17,0.21,0
3,,9353,Oraija,city Riyadh Oraija middle district_775,Resid.,Open,,,,,0.09,0.06,0,0,0,0,2,5,0,0,0,0,5,0,4,1,17,9,3,5,0,-13,0.21,0
3,,9669,West Suwaidi,city Riyadh West Suwaidi district_264,Resid.,Open,,,,,0.09,0.06,0,0,0,0,2,8,0,0,0,0,8,0,8,0,16,10,2,4,0,-12,0.21,0
3,,9680,West Suwaidi,city Riyadh West Suwaidi district_275,Resid.,Open,,,,,0.08,0.05,0,0,0,0,2,6,2,0,2,0,4,1,3,0,13,9,3,1,0,-9,0.21,0
3,,9694,West Suwaidi,city Riyadh West Suwaidi district_289,Resid.,Open,,,,,0.11,0.07,0,0,0,0,2,2,0,0,0,0,2,0,2,0,16,13,2,1,0,-15,0.21,0
3,,9703,West Suwaidi,city Riyadh West Suwaidi district_298,Resid.,Open,,,,,0.08,0.05,0,0,0,0,2,10,0,0,0,0,10,0,10,0,13,8,3,2,0,-11,0.21,0
3,,9709,West Suwaidi,city Riyadh West Suwaidi district_304,Resid.,Open,,,,,0.11,0.07,0,0,0,0,2,9,0,0,0,0,9,0,8,1,18,13,2,3,0,-15,0.21,0
3,,9731,Western Al Naseem,city Riyadh Western Al Naseem district_1090,Resid.,Open,,,,,0.1,0.07,0,0,0,0,2,13,0,0,0,0,13,0,12,1,17,12,2,3,0,-14,0.21,0
3,,9743,Western Al Naseem,city Riyadh Western Al Naseem district_121,Mixed.,Open,,,,,0.26,0.17,0,0,0,0,2,17,0,0,0,0,17,0,15,2,38,33,2,3,0,-36,0.21,0
3,,9744,Western Al Naseem,city Riyadh Western Al Naseem district_122,Mixed.,Open,,,,,0.1,0.07,0,0,0,0,2,12,0,0,0,0,12,0,11,1,15,10,3,2,0,-14,0.21,0
3,,9751,Western Al Naseem,city Riyadh Western Al Naseem district_129,Resid.,Open,,,,,0.14,0.1,0,0,0,0,2,7,0,0,0,0,7,1,4,2,21,16,3,2,0,-20,0.21,0
3,,9784,Western Al Naseem,city Riyadh Western Al Naseem district_162,Resid.,Open,,,,,0.09,0.06,0,0,0,0,2,14,0,0,0,0,14,0,14,0,12,10,2,0,0,-12,0.21,YES
3,,9788,Western Al Naseem,city Riyadh Western Al Naseem district_166,Resid.,Open,,,,,0.11,0.08,0,0,0,0,2,14,0,0,0,0,14,0,13,1,17,14,2,1,0,-16,0.21,0
3,,9790,Western Al Naseem,city Riyadh Western Al Naseem district_168,Resid.,Open,,,,,0.16,0.1,0,0,0,0,2,7,0,0,0,0,7,0,7,0,26,20,2,4,0,-22,0.21,0
3,,9792,Western Al Naseem,city Riyadh Western Al Naseem district_170,Resid.,Open,,,,,0.2,0.13,0,0,0,0,2,13,0,0,0,0,13,1,7,5,32,22,2,8,0,-28,0.21,0
3,,9805,Western Al Naseem,city Riyadh Western Al Naseem district_183,Resid.,Open,,,,,0.09,0.06,0,0,0,0,2,9,0,0,0,0,9,0,8,1,13,10,2,1,0,-13,0.21,YES
3,,9804,Western Al Naseem,city Riyadh Western Al Naseem district_182,Resid.,Open,,,,,0.05,0.03,0,0,0,0,2,10,0,0,0,0,10,0,10,0,8,5,2,1,0,-7,0.21,0
3,,9810,Western Al Naseem,city Riyadh Western Al Naseem district_188,Resid.,Open,,,,,0.14,0.1,0,0,0,0,2,10,0,0,0,0,10,0,6,4,20,13,3,4,0,-20,0.21,YES
3,,9825,Western Al Naseem,city Riyadh Western Al Naseem district_210,Resid.,Open,,,,,0.09,0.06,0,0,0,0,2,13,1,0,1,0,12,2,8,2,17,9,5,3,0,-12,0.21,0
3,,9827,Western Al Naseem,city Riyadh Western Al Naseem district_76,Mixed.,Open,,,,,0.09,0.06,0,0,0,0,2,3,0,0,0,0,3,1,2,0,13,11,2,0,0,-12,0.21,0
3,,9838,Western Al Naseem,city Riyadh Western Al Naseem district_87,Resid.,Open,,,,,0.1,0.07,0,0,0,0,2,13,4,0,4,0,9,0,9,0,14,10,4,0,0,-10,0.21,0
3,,9848,Western Al Naseem,city Riyadh Western Al Naseem district_97,Resid.,Open,,,,,0.15,0.1,0,0,0,0,2,12,0,0,0,0,12,0,10,2,25,17,2,6,0,-21,0.21,YES
3,,9849,Western Al Naseem,city Riyadh Western Al Naseem district_98,Resid.,Open,,,,,0.11,0.08,0,0,0,0,2,13,0,0,0,0,13,0,13,0,18,14,2,2,0,-16,0.21,0
3,,9860,Oraija,city Riyadh Oraija district_613,Resid.,Open,,,,,0.13,0.09,0,0,0,0,2,9,0,0,0,0,9,1,5,3,22,12,4,6,0,-18,0.21,0
3,,9869,Oraija,city Riyadh Oraija district_637,Mixed.,Open,,,,,0.09,0.06,0,0,0,0,2,14,0,0,0,0,14,0,11,3,16,10,2,4,0,-13,0.21,0
3,,9863,Oraija,city Riyadh Oraija district_622,Mixed.,Open,,,,,0.24,0.16,0,0,0,0,2,16,0,0,0,0,16,0,13,3,37,26,4,7,0,-33,0.21,YES
3,,9881,Oraija,city Riyadh Oraija district_661,Resid.,Open,,,,,0.19,0.13,0,0,0,0,2,14,0,0,0,0,14,0,14,0,28,25,2,1,0,-27,0.21,0
3,,9897,Oraija,city Riyadh Oraija district_677,Resid.,Open,,,,,0.15,0.1,0,0,0,0,2,6,0,0,0,0,6,2,3,1,24,19,3,2,0,-21,0.21,YES
3,,9907,Oraija,city Riyadh Oraija district_687,Resid.,Open,,,,,0.11,0.08,0,0,0,0,2,12,0,0,0,0,12,1,9,2,19,12,3,4,0,-16,0.21,YES
3,,9909,Oraija,city Riyadh Oraija district_689,Resid.,Open,,,,,0.14,0.1,0,0,0,0,2,6,0,0,0,0,6,0,5,1,22,17,2,3,0,-20,0.21,0
3,,9916,Oraija,city Riyadh Oraija district_696,Mixed.,Open,,,,,0.32,0.21,0,0,0,0,2,28,0,0,0,0,28,1,21,6,52,37,4,11,0,-45,0.21,YES
3,,9918,Oraija,city Riyadh Oraija district_698,Resid.,Open,,,,,0.13,0.09,0,0,0,0,2,7,0,0,0,0,7,0,7,0,19,15,3,1,0,-18,0.21,0
3,,9930,Oraija,city Riyadh Oraija district_710,Resid.,Open,,,,,0.05,0.03,0,0,0,0,2,8,0,0,0,0,8,0,8,0,9,5,2,2,0,-7,0.21,0
3,,9922,Oraija,city Riyadh Oraija district_702,Resid.,Open,,,,,0.08,0.05,0,0,0,0,2,5,0,0,0,0,5,0,4,1,13,9,2,2,0,-11,0.21,0
3,,9931,Oraija,city Riyadh Oraija district_711,Resid.,Open,,,,,0.09,0.06,0,0,0,0,2,4,0,0,0,0,4,0,4,0,12,10,2,0,0,-12,0.21,YES
3,,9966,Eshbilia,Ishbiliyah district_10,Resid.,Open,,,,,0.18,0.12,0,0,0,0,2,9,0,0,0,0,9,0,9,0,26,22,3,1,0,-25,0.21,0
3,,10000,Eshbilia,Ishbiliyah district_41,Resid.,Open,,,,,0.21,0.14,0,0,0,0,2,9,0,0,0,0,9,1,6,2,32,24,5,3,0,-29,0.21,0
3,,10002,Eshbilia,Ishbiliyah district_43,Resid.,Open,,,,,0.26,0.18,0,0,0,0,2,12,0,0,0,0,12,2,9,1,40,35,3,2,0,-37,0.21,YES
3,,10003,Eshbilia,Ishbiliyah district_44,Resid.,Open,,,,,0.14,0.09,0,0,0,0,2,14,0,0,0,0,14,0,14,0,20,15,4,1,0,-19,0.21,YES
3,,10162,Oraija,RUH_Oraija _09,Resid.,Open,,,,,0.06,0.04,0,0,0,0,2,2,0,0,0,0,2,0,2,0,9,6,2,1,0,-8,0.21,0
3,,5857,Al Aziziyah,Al Aziziyah district_140,Resid.,Open,,,,,0.06,0.04,0,0,0,0,1,6,0,0,0,0,6,0,6,0,8,4,4,0,0,-8,0.18,0
3,,10220,Al Badiea,Sultanah district_10000102,Resid.,Open,,,,,0.09,0.06,0,0,0,0,2,25,0,0,0,0,25,3,17,5,20,8,5,7,0,-13,0.21,0
3,,5934,Al Aziziyah,Al Aziziyah district_479,Resid.,Open,,,,,0.03,0.02,0,0,0,0,1,3,0,0,0,0,3,0,3,0,4,2,2,0,0,-4,0.18,0
3,,6221,Al Yarmuk,Al Hamra district_179,Resid.,Open,,,,,0.04,0.02,0,0,0,0,1,3,0,0,0,0,3,0,3,0,6,2,3,1,0,-5,0.18,0
3,,6626,Al Munisiyah,Al Munisiyah district_279,Resid.,Open,,,,,0.04,0.03,0,0,0,0,1,3,0,0,0,0,3,0,3,0,6,3,3,0,0,-6,0.18,0
3,,7157,Al Badiea,city Riyadh Al Badiea district_1188,Resid.,Open,,,,,0.03,0.02,0,0,0,0,1,6,0,0,0,0,6,1,4,1,7,0,4,3,0,-4,0.18,0
3,,8159,Al Shifa,city Riyadh Al Shifa district_298,Resid.,Open,,,,,0.03,0.02,0,0,0,0,1,5,0,0,0,0,5,1,3,1,5,1,3,1,0,-4,0.18,0
3,,8167,Al Shifa,city Riyadh Al Shifa district_306,Resid.,Open,,,,,0.07,0.05,0,0,0,0,1,12,0,0,0,0,12,3,6,3,14,5,5,4,0,-10,0.18,0
3,,8311,Al Sulay,city Riyadh Al Sulay district_667,Mixed.,Open,,,,,0.04,0.03,0,0,0,0,1,8,0,0,0,0,8,0,7,1,6,2,3,1,0,-6,0.18,0
3,,8261,Al Sulay,city Riyadh Al Sulay district_6,Mixed.,Open,,,,,0.03,0.02,0,0,0,0,1,3,0,0,0,0,3,0,3,0,4,2,2,0,0,-4,0.18,0
3,,8761,Dhahrat Al Badiea,city Riyadh Dhahrat Al Badiea district_195,Resid.,Open,,,,,0.03,0.02,0,0,0,0,1,10,0,0,0,0,10,1,8,1,5,2,2,1,0,-4,0.18,0
3,,8772,Dhahrat Al Badiea,city Riyadh Dhahrat Al Badiea district_205,Resid.,Open,,,,,0.04,0.03,0,0,0,0,1,7,0,0,0,0,7,1,4,2,7,2,3,2,0,-6,0.18,0
3,,9351,Oraija,city Riyadh Oraija middle district_773,Resid.,Open,,,,,0.06,0.04,0,0,0,0,1,8,0,0,0,0,8,1,6,1,11,2,6,3,0,-8,0.18,0
3,,9354,Oraija,city Riyadh Oraija middle district_776,Resid.,Open,,,,,0.05,0.03,0,0,0,0,1,4,0,0,0,0,4,0,3,1,7,3,3,1,0,-7,0.18,0
3,,9718,West Suwaidi,city Riyadh West Suwaidi district_313,Resid.,Open,,,,,0.06,0.04,0,0,0,0,1,36,0,0,0,0,36,1,34,1,10,4,4,2,0,-8,0.18,0
3,,9854,Oraija,city Riyadh Oraija district_607,Resid.,Open,,,,,0.03,0.02,0,0,0,0,1,4,0,0,0,0,4,1,2,1,6,2,2,2,0,-4,0.18,0
3,,9861,Oraija,city Riyadh Oraija district_614,Mixed.,Open,,,,,0.04,0.02,0,0,0,0,1,7,0,0,0,0,7,5,1,1,9,2,5,2,0,-5,0.18,0
3,,9934,Oraija,city Riyadh Oraija district_714,Resid.,Open,,,,,0.04,0.03,0,0,0,0,1,4,0,0,0,0,4,0,3,1,8,3,3,2,0,-6,0.18,0
3,,9973,Eshbilia,Ishbiliyah district_17,Resid.,Open,,,,,0.04,0.02,0,0,0,0,1,6,0,0,0,0,6,1,3,2,10,2,3,5,0,-5,0.18,0
3,,6594,Al Munisiyah,Al Munisiyah district_247,Resid.,Off-Plan,abinsaedan,25-May,"January 9, 25","May 1, 25",0.29,0.11,0,0,0,0,1,37,30,16,14,0,7,1,6,0,43,13,28,2,0,16,0.18,0
3,,6586,Al Munisiyah,Al Munisiyah district_239,Resid.,Off-Plan,ashuban,25-May,"May 3, 25","May 3, 25",0.05,0.02,0,0,0,0,1,11,5,2,3,0,6,0,5,1,7,1,5,1,0,3,0.18,0
3,,8379,Al Suwaidi,city Riyadh Al Suwaidi district_62,Resid.,Off-Plan,ashuban,25-Apr,"April 17, 25","April 20, 25",0.25,0.1,0,0,0,0,1,46,34,13,15,6,12,1,11,0,36,2,28,6,0,13,0.18,YES
3,,6599,Al Munisiyah,Al Munisiyah district_252,Resid.,Off-Plan,fabdelrahman,25-Mar,"May 4, 25","May 4, 25",0.25,0.06,0,0,0,0,1,38,35,30,5,0,3,0,3,0,42,7,35,0,0,23,0.18,0
3,,6600,Al Munisiyah,Al Munisiyah district_253,Resid.,Off-Plan,fabdelrahman,25-Mar,"May 4, 25","May 4, 25",0.09,0.03,0,0,0,0,1,18,15,11,4,0,3,0,3,0,18,3,15,0,0,6,0.18,0
3,,5816,Al Aziziyah,Al Aziziyah district_1,Com,Open,,,,,0.1,0.07,0,0,0,0,1,12,0,0,0,0,12,0,12,0,15,11,3,1,0,-14,0.16,0
3,,5865,Al Aziziyah,Al Aziziyah district_152,Com,Open,,,,,0.29,0.2,0,0,0,0,1,21,0,0,0,0,21,0,21,0,42,29,12,1,0,-41,0.16,0
3,,5871,Al Aziziyah,Al Aziziyah district_158,Com,Open,,,,,0.11,0.08,0,0,0,0,1,3,0,0,0,0,3,0,3,0,16,14,2,0,0,-16,0.16,0
3,,5874,Al Aziziyah,Al Aziziyah district_161,Com,Open,,,,,0.2,0.13,0,0,0,0,1,4,0,0,0,0,4,0,3,1,29,26,2,1,0,-28,0.16,0
3,,5897,Al Aziziyah,Al Aziziyah district_184,Com,Open,,,,,0.04,0.03,0,0,0,0,1,1,0,0,0,0,1,0,1,0,6,5,1,0,0,-6,0.16,0
3,,5947,Al Aziziyah,Al Aziziyah district_86,Com,Open,,,,,0.68,0.45,0,0,0,0,1,17,0,0,0,0,17,1,13,3,103,86,7,10,0,-95,0.16,0
3,,5949,Al Aziziyah,Al Aziziyah district_88,Com,Open,,,,,0.11,0.07,0,0,0,0,1,1,0,0,0,0,1,0,1,0,19,14,1,4,0,-15,0.16,0
3,,6920,Al Sinaiyah,Al Sinaiyah district_10000503,Com,Open,,,,,0.41,0.27,0,0,0,0,1,4,0,0,0,0,4,1,2,1,61,55,2,4,0,-57,0.16,0
3,,6930,Al Sinaiyah,Al Sinaiyah district_10000513,Com,Open,,,,,0.28,0.19,0,0,0,0,1,2,0,0,0,0,2,0,2,0,41,37,2,2,0,-39,0.16,0
3,,8232,Al Sulay,city Riyadh Al Sulay district_530,Com,Open,,,,,0.06,0.04,0,0,0,0,1,1,0,0,0,0,1,0,1,0,10,8,1,1,0,-9,0.16,0
3,,8299,Al Sulay,city Riyadh Al Sulay district_655,Com,Open,,,,,0.13,0.09,0,0,0,0,1,9,0,0,0,0,9,0,8,1,19,17,1,1,0,-18,0.16,0
3,,5839,Al Aziziyah,Al Aziziyah district_122,Com,Open,,,,,0.02,0.01,0,0,0,0,0,0,0,0,0,0,0,0,0,0,4,3,0,1,0,-3,0.13,0
3,,5864,Al Aziziyah,Al Aziziyah district_151,Com,Open,,,,,0.05,0.03,0,0,0,0,0,0,0,0,0,0,0,0,0,0,7,7,0,0,0,-7,0.13,0
3,,5878,Al Aziziyah,Al Aziziyah district_165,Com,Open,,,,,0.04,0.03,0,0,0,0,0,0,0,0,0,0,0,0,0,0,6,6,0,0,0,-6,0.13,0
3,,5879,Al Aziziyah,Al Aziziyah district_166,Com,Open,,,,,0.05,0.03,0,0,0,0,0,0,0,0,0,0,0,0,0,0,7,7,0,0,0,-7,0.13,0
3,,5881,Al Aziziyah,Al Aziziyah district_168,Com,Open,,,,,0.05,0.03,0,0,0,0,0,0,0,0,0,0,0,0,0,0,7,7,0,0,0,-7,0.13,0
3,,5899,Al Aziziyah,Al Aziziyah district_3,Com,Open,,,,,0.04,0.02,0,0,0,0,0,0,0,0,0,0,0,0,0,0,5,5,0,0,0,-5,0.13,0
3,,5911,Al Aziziyah,Al Aziziyah district_436,Com,Open,,,,,0.04,0.02,0,0,0,0,0,0,0,0,0,0,0,0,0,0,5,5,0,0,0,-5,0.13,0
3,,5955,Al Aziziyah,Al Aziziyah district_94,Com,Open,,,,,0.09,0.06,0,0,0,0,0,0,0,0,0,0,0,0,0,0,12,12,0,0,0,-12,0.13,0
3,,5957,Al Aziziyah,Al Aziziyah district_96,Com,Open,,,,,0.03,0.02,0,0,0,0,0,0,0,0,0,0,0,0,0,0,4,4,0,0,0,-4,0.13,0
3,,6904,Al Sinaiyah,Al Sinaiyah district_10000487,Com,Open,,,,,0.48,0.32,0,0,0,0,0,1,0,0,0,0,1,0,0,1,75,66,0,9,0,-67,0.13,0
3,,6905,Al Sinaiyah,Al Sinaiyah district_10000488,Com,Open,,,,,0.21,0.14,0,0,0,0,0,2,0,0,0,0,2,0,0,2,33,29,0,4,0,-30,0.13,0
3,,6918,Al Sinaiyah,Al Sinaiyah district_10000501,Com,Open,,,,,0.32,0.21,0,0,0,0,0,0,0,0,0,0,0,0,0,0,48,45,0,3,0,-45,0.13,YES
3,,7806,Al Qadisiyah,city Riyadh Al Qadisiyah district_522,Com,Open,,,,,0.03,0.02,0,0,0,0,0,0,0,0,0,0,0,0,0,0,4,4,0,0,0,-4,0.13,0
3,,7827,Al Qadisiyah,city Riyadh Al Qadisiyah district_83,Com,Open,,,,,0.09,0.06,0,0,0,0,0,0,0,0,0,0,0,0,0,0,14,13,0,1,0,-13,0.13,0
3,,7828,Al Qadisiyah,city Riyadh Al Qadisiyah district_84,Com,Open,,,,,0.17,0.11,0,0,0,0,0,0,0,0,0,0,0,0,0,0,24,24,0,0,0,-24,0.13,0
3,,8211,Al Sulay,city Riyadh Al Sulay district_1093,Com,Open,,,,,0.07,0.05,0,0,0,0,0,0,0,0,0,0,0,0,0,0,10,10,0,0,0,-10,0.13,0
3,,8267,Al Sulay,city Riyadh Al Sulay district_622,Com,Open,,,,,0.33,0.22,0,0,0,0,0,0,0,0,0,0,0,0,0,0,47,46,0,1,0,-46,0.13,0
3,,8268,Al Sulay,city Riyadh Al Sulay district_623,Com,Open,,,,,0.29,0.19,0,0,0,0,0,0,0,0,0,0,0,0,0,0,43,40,0,3,0,-40,0.13,0
3,,8269,Al Sulay,city Riyadh Al Sulay district_624,Com,Open,,,,,0.27,0.18,0,0,0,0,0,0,0,0,0,0,0,0,0,0,39,38,0,1,0,-38,0.13,0
3,,8272,Al Sulay,city Riyadh Al Sulay district_627,Com,Open,,,,,0.02,0.01,0,0,0,0,0,0,0,0,0,0,0,0,0,0,5,3,0,2,0,-3,0.13,0
3,,8276,Al Sulay,city Riyadh Al Sulay district_632,Com,Open,,,,,0.04,0.03,0,0,0,0,0,0,0,0,0,0,0,0,0,0,7,6,0,1,0,-6,0.13,0
3,,8278,Al Sulay,city Riyadh Al Sulay district_634,Com,Open,,,,,0.11,0.08,0,0,0,0,0,0,0,0,0,0,0,0,0,0,19,16,0,3,0,-16,0.13,0
3,,8279,Al Sulay,city Riyadh Al Sulay district_635,Com,Open,,,,,0.05,0.03,0,0,0,0,0,0,0,0,0,0,0,0,0,0,8,7,0,1,0,-7,0.13,0
3,,8280,Al Sulay,city Riyadh Al Sulay district_636,Com,Open,,,,,0.04,0.02,0,0,0,0,0,0,0,0,0,0,0,0,0,0,7,5,0,2,0,-5,0.13,0
3,,8281,Al Sulay,city Riyadh Al Sulay district_637,Com,Open,,,,,0.04,0.02,0,0,0,0,0,0,0,0,0,0,0,0,0,0,5,5,0,0,0,-5,0.13,0
3,,8282,Al Sulay,city Riyadh Al Sulay district_638,Com,Open,,,,,0.04,0.03,0,0,0,0,0,0,0,0,0,0,0,0,0,0,7,6,0,1,0,-6,0.13,0
3,,8283,Al Sulay,city Riyadh Al Sulay district_639,Com,Open,,,,,0.03,0.02,0,0,0,0,0,0,0,0,0,0,0,0,0,0,4,4,0,0,0,-4,0.13,0
3,,8289,Al Sulay,city Riyadh Al Sulay district_645,Com,Open,,,,,0.11,0.07,0,0,0,0,0,0,0,0,0,0,0,0,0,0,15,15,0,0,0,-15,0.13,0
3,,8296,Al Sulay,city Riyadh Al Sulay district_652,Com,Open,,,,,0.09,0.06,0,0,0,0,0,0,0,0,0,0,0,0,0,0,14,13,0,1,0,-13,0.13,0
3,,8297,Al Sulay,city Riyadh Al Sulay district_653,Com,Open,,,,,0.06,0.04,0,0,0,0,0,0,0,0,0,0,0,0,0,0,10,9,0,1,0,-9,0.13,0
3,,8300,Al Sulay,city Riyadh Al Sulay district_656,Com,Open,,,,,0.09,0.06,0,0,0,0,0,0,0,0,0,0,0,0,0,0,14,13,0,1,0,-13,0.13,0
3,,8298,Al Sulay,city Riyadh Al Sulay district_654,Com,Open,,,,,0.08,0.05,0,0,0,0,0,0,0,0,0,0,0,0,0,0,12,11,0,1,0,-11,0.13,0
3,,8302,Al Sulay,city Riyadh Al Sulay district_658,Com,Open,,,,,0.05,0.03,0,0,0,0,0,0,0,0,0,0,0,0,0,0,8,7,0,1,0,-7,0.13,0
3,,8325,Al Sulay,city Riyadh Al Sulay district_681,Com,Open,,,,,0.09,0.06,0,0,0,0,0,0,0,0,0,0,0,0,0,0,15,12,0,3,0,-12,0.13,0
3,,9075,East Naseem,city Riyadh Eastern Al Naseem district_887,Com,Open,,,,,0.3,0.2,0,0,0,0,0,0,0,0,0,0,0,0,0,0,44,42,0,2,0,-42,0.13,YES
3,,9076,East Naseem,city Riyadh Eastern Al Naseem district_888,Com,Open,,,,,0.38,0.25,0,0,0,0,0,0,0,0,0,0,0,0,0,0,55,53,0,2,0,-53,0.13,0
3,,9100,East Naseem,city Riyadh Eastern Al Naseem district_912,Com,Open,,,,,0.06,0.04,0,0,0,0,0,0,0,0,0,0,0,0,0,0,9,8,0,1,0,-8,0.13,YES
3,,9101,East Naseem,city Riyadh Eastern Al Naseem district_913,Com,Open,,,,,0.06,0.04,0,0,0,0,0,1,0,0,0,0,1,0,0,1,10,9,0,1,0,-9,0.13,YES
3,,9103,East Naseem,city Riyadh Eastern Al Naseem district_915,Com,Open,,,,,0.06,0.04,0,0,0,0,0,0,0,0,0,0,0,0,0,0,8,8,0,0,0,-8,0.13,0
3,,9104,East Naseem,city Riyadh Eastern Al Naseem district_916,Com,Open,,,,,0.09,0.06,0,0,0,0,0,0,0,0,0,0,0,0,0,0,13,13,0,0,0,-13,0.13,0
3,,9105,East Naseem,city Riyadh Eastern Al Naseem district_917,Com,Open,,,,,0.09,0.06,0,0,0,0,0,0,0,0,0,0,0,0,0,0,14,12,0,2,0,-12,0.13,0
3,,9106,East Naseem,city Riyadh Eastern Al Naseem district_918,Com,Open,,,,,0.05,0.03,0,0,0,0,0,0,0,0,0,0,0,0,0,0,7,7,0,0,0,-7,0.13,0
3,,6313,Al Khaleej,Al Khaleej district_250,Resid.,Closed,aalosaimi,25-Apr,"April 23, 25","April 23, 25",0.24,0.06,0,0,0,0,1,40,27,20,7,0,13,2,9,2,36,5,28,3,0,20,0.13,0
3,,6617,Al Munisiyah,Al Munisiyah district_270,Mixed.,Closed,aalosaimi,25-Mar,"March 10, 25","March 11, 25",0.34,0.1,0,0,0,0,1,49,39,25,7,7,10,0,9,1,46,10,28,8,0,25,0.13,YES
3,,5817,Al Aziziyah,Al Aziziyah district_100,Resid.,Open,,,,,0.02,0.01,0,0,0,0,1,6,0,0,0,0,6,0,6,0,3,2,1,0,0,-3,0.11,0
3,,7159,Al Badiea,city Riyadh Al Badiea district_1190,Resid.,Open,,,,,0.03,0.02,0,0,0,0,1,2,0,0,0,0,2,1,1,0,7,3,2,2,0,-4,0.11,0
3,,8200,Al Shifa,city Riyadh Al Shifa district_339,Resid.,Open,,,,,0.06,0.03,0,0,0,0,1,5,2,2,0,0,3,0,3,0,8,4,3,1,0,-5,0.11,0
3,,8216,Al Sulay,city Riyadh Al Sulay district_514,Mixed.,Open,,,,,0.02,0.01,0,0,0,0,1,1,0,0,0,0,1,0,1,0,3,2,1,0,0,-3,0.11,0
3,,8746,Dhahrat Al Badiea,city Riyadh Dhahrat Al Badiea district_180,Resid.,Open,,,,,0.02,0.01,0,0,0,0,1,1,0,0,0,0,1,0,1,0,3,2,1,0,0,-3,0.11,0
3,,9313,Oraija,city Riyadh Oraija middle district_735,Resid.,Open,,,,,0.05,0.03,0,0,0,0,1,7,0,0,0,0,7,2,3,2,9,4,3,2,0,-7,0.11,0
3,,9335,Oraija,city Riyadh Oraija middle district_757,Resid.,Open,,,,,0.04,0.02,0,0,0,0,1,4,0,0,0,0,4,1,2,1,6,3,2,1,0,-5,0.11,YES
3,,9911,Oraija,city Riyadh Oraija district_691,Resid.,Open,,,,,0.06,0.04,0,0,0,0,1,11,0,0,0,0,11,1,8,2,11,4,3,4,0,-8,0.11,0
3,,9920,Oraija,city Riyadh Oraija district_700,Resid.,Open,,,,,0.02,0.01,0,0,0,0,1,1,0,0,0,0,1,0,1,0,3,2,1,0,0,-3,0.11,0
3,,9937,Oraija,city Riyadh Oraija district_717,Resid.,Open,,,,,0.02,0.01,0,0,0,0,1,1,0,0,0,0,1,0,1,0,3,2,1,0,0,-3,0.11,0
3,,6596,Al Munisiyah,Al Munisiyah district_249,Resid.,Open,,,,,0.01,0,0,0,0,0,0,0,0,0,0,0,0,0,0,0,1,1,0,0,0,-1,0.1,0
3,,5834,Al Aziziyah,Al Aziziyah district_117,Resid.,Open,,,,,0.01,0.01,0,0,0,0,0,0,0,0,0,0,0,0,0,0,2,2,0,0,0,-2,0.1,0
3,,5856,Al Aziziyah,Al Aziziyah district_139,Resid.,Open,,,,,0.01,0,0,0,0,0,0,0,0,0,0,0,0,0,0,0,1,1,0,0,0,-1,0.1,0
3,,5883,Al Aziziyah,Al Aziziyah district_170,Resid.,Open,,,,,0.01,0.01,0,0,0,0,0,0,0,0,0,0,0,0,0,0,2,2,0,0,0,-2,0.1,0
3,,5884,Al Aziziyah,Al Aziziyah district_171,Resid.,Open,,,,,0.01,0,0,0,0,0,0,0,0,0,0,0,0,0,0,0,1,1,0,0,0,-1,0.1,0
3,,5885,Al Aziziyah,Al Aziziyah district_172,Resid.,Open,,,,,0.01,0.01,0,0,0,0,0,0,0,0,0,0,0,0,0,0,2,2,0,0,0,-2,0.1,0
3,,5886,Al Aziziyah,Al Aziziyah district_173,Resid.,Open,,,,,0.01,0.01,0,0,0,0,0,0,0,0,0,0,0,0,0,0,4,2,0,2,0,-2,0.1,0
3,,5891,Al Aziziyah,Al Aziziyah district_178,Resid.,Open,,,,,0.01,0,0,0,0,0,0,0,0,0,0,0,0,0,0,0,1,1,0,0,0,-1,0.1,0
3,,5896,Al Aziziyah,Al Aziziyah district_183,Resid.,Open,,,,,0.01,0,0,0,0,0,0,0,0,0,0,0,0,0,0,0,1,1,0,0,0,-1,0.1,0
3,,5920,Al Aziziyah,Al Aziziyah district_456,Resid.,Open,,,,,0.01,0,0,0,0,0,0,1,0,0,0,0,1,0,0,1,2,1,0,1,0,-1,0.1,0
3,,5922,Al Aziziyah,Al Aziziyah district_463,Resid.,Open,,,,,0.01,0.01,0,0,0,0,0,0,0,0,0,0,0,0,0,0,2,2,0,0,0,-2,0.1,0
3,,5923,Al Aziziyah,Al Aziziyah district_464,Resid.,Open,,,,,0.01,0,0,0,0,0,0,0,0,0,0,0,0,0,0,0,1,1,0,0,0,-1,0.1,0
3,,5928,Al Aziziyah,Al Aziziyah district_473,Resid.,Open,,,,,0.01,0,0,0,0,0,0,0,0,0,0,0,0,0,0,0,1,1,0,0,0,-1,0.1,0
3,,5929,Al Aziziyah,Al Aziziyah district_474,Resid.,Open,,,,,0.01,0.01,0,0,0,0,0,0,0,0,0,0,0,0,0,0,2,2,0,0,0,-2,0.1,0
3,,5931,Al Aziziyah,Al Aziziyah district_476,Resid.,Open,,,,,0.01,0,0,0,0,0,0,0,0,0,0,0,0,0,0,0,1,1,0,0,0,-1,0.1,0
3,,5940,Al Aziziyah,Al Aziziyah district_485,Resid.,Open,,,,,0.01,0.01,0,0,0,0,0,0,0,0,0,0,0,0,0,0,2,2,0,0,0,-2,0.1,0
3,,6601,Al Munisiyah,Al Munisiyah district_254,Resid.,Open,,,,,0.01,0,0,0,0,0,0,0,0,0,0,0,0,0,0,0,1,1,0,0,0,-1,0.1,0
3,,6609,Al Munisiyah,Al Munisiyah district_262,Resid.,Open,,,,,0.01,0.01,0,0,0,0,0,0,0,0,0,0,0,0,0,0,3,2,0,1,0,-2,0.1,0
3,,6611,Al Munisiyah,Al Munisiyah district_264,Resid.,Open,,,,,0.01,0,0,0,0,0,0,0,0,0,0,0,0,0,0,0,1,1,0,0,0,-1,0.1,0
3,,6615,Al Munisiyah,Al Munisiyah district_268,Resid.,Open,,,,,0.01,0.01,0,0,0,0,0,0,0,0,0,0,0,0,0,0,2,2,0,0,0,-2,0.1,0
3,,7164,Al Badiea,city Riyadh Al Badiea district_1195,Resid.,Open,,,,,0.01,0.01,0,0,0,0,0,0,0,0,0,0,0,0,0,0,3,2,0,1,0,-2,0.1,YES
3,,7168,Al Badiea,city Riyadh Al Badiea district_1199,Resid.,Open,,,,,0.01,0.01,0,0,0,0,0,0,0,0,0,0,0,0,0,0,3,2,0,1,0,-2,0.1,0
3,,7170,Al Badiea,city Riyadh Al Badiea district_1201,Resid.,Open,,,,,0.01,0.01,0,0,0,0,0,0,0,0,0,0,0,0,0,0,2,2,0,0,0,-2,0.1,0
3,,7207,Al Fayha,city Riyadh Al Fayha district_380,Resid.,Open,,,,,0.01,0,0,0,0,0,0,0,0,0,0,0,0,0,0,0,1,1,0,0,0,-1,0.1,0
3,,7209,Al Fayha,city Riyadh Al Fayha district_382,Resid.,Open,,,,,0.01,0,0,0,0,0,0,0,0,0,0,0,0,0,0,0,1,1,0,0,0,-1,0.1,0
3,,7213,Al Fayha,city Riyadh Al Fayha district_386,Resid.,Open,,,,,0.01,0.01,0,0,0,0,0,1,0,0,0,0,1,0,0,1,3,2,0,1,0,-2,0.1,0
3,,7221,Al Fayha,city Riyadh Al Fayha district_394,Resid.,Open,,,,,0.01,0,0,0,0,0,0,0,0,0,0,0,0,0,0,0,1,1,0,0,0,-1,0.1,0
3,,7492,Al Mahdiyah,city Riyadh Al Mahdiyah district_1020,Resid.,Open,,,,,0.01,0.01,0,0,0,0,0,0,0,0,0,0,0,0,0,0,2,2,0,0,0,-2,0.1,YES
3,,7493,Al Mahdiyah,city Riyadh Al Mahdiyah district_1021,Resid.,Open,,,,,0.01,0,0,0,0,0,0,0,0,0,0,0,0,0,0,0,1,1,0,0,0,-1,0.1,0
3,,7495,Al Mahdiyah,city Riyadh Al Mahdiyah district_1023,Resid.,Open,,,,,0.01,0.01,0,0,0,0,0,0,0,0,0,0,0,0,0,0,2,2,0,0,0,-2,0.1,YES
3,,7511,Al Mahdiyah,city Riyadh Al Mahdiyah district_1039,Resid.,Open,,,,,0.01,0,0,0,0,0,0,1,0,0,0,0,1,0,0,1,2,1,0,1,0,-1,0.1,YES
3,,7512,Al Mahdiyah,city Riyadh Al Mahdiyah district_1040,Resid.,Open,,,,,0.01,0,0,0,0,0,0,0,0,0,0,0,0,0,0,0,2,1,0,1,0,-1,0.1,0
3,,7513,Al Mahdiyah,city Riyadh Al Mahdiyah district_1041,Resid.,Open,,,,,0.01,0,0,0,0,0,0,0,0,0,0,0,0,0,0,0,3,1,0,2,0,-1,0.1,0
3,,7514,Al Mahdiyah,city Riyadh Al Mahdiyah district_1042,Resid.,Open,,,,,0.01,0,0,0,0,0,0,0,0,0,0,0,0,0,0,0,2,1,0,1,0,-1,0.1,0
3,,7519,Al Mahdiyah,city Riyadh Al Mahdiyah district_1047,Resid.,Open,,,,,0.01,0.01,0,0,0,0,0,1,0,0,0,0,1,0,0,1,3,2,0,1,0,-2,0.1,0
3,,7784,Al Qadisiyah,city Riyadh Al Qadisiyah district_100,Resid.,Open,,,,,0.01,0,0,0,0,0,0,0,0,0,0,0,0,0,0,0,1,1,0,0,0,-1,0.1,0
3,,7791,Al Qadisiyah,city Riyadh Al Qadisiyah district_107,Resid.,Open,,,,,0.01,0,0,0,0,0,0,0,0,0,0,0,0,0,0,0,1,1,0,0,0,-1,0.1,0
3,,7796,Al Qadisiyah,city Riyadh Al Qadisiyah district_112,Resid.,Open,,,,,0.01,0,0,0,0,0,0,1,0,0,0,0,1,0,0,1,2,1,0,1,0,-1,0.1,0
3,,7797,Al Qadisiyah,city Riyadh Al Qadisiyah district_113,Resid.,Open,,,,,0.01,0.01,0,0,0,0,0,0,0,0,0,0,0,0,0,0,3,2,0,1,0,-2,0.1,0
3,,7819,Al Qadisiyah,city Riyadh Al Qadisiyah district_75,Resid.,Open,,,,,0.01,0.01,0,0,0,0,0,0,0,0,0,0,0,0,0,0,3,2,0,1,0,-2,0.1,0
3,,7823,Al Qadisiyah,city Riyadh Al Qadisiyah district_79,Resid.,Open,,,,,0.01,0.01,0,0,0,0,0,0,0,0,0,0,0,0,0,0,2,2,0,0,0,-2,0.1,0
3,,7834,Al Qadisiyah,city Riyadh Al Qadisiyah district_90,Resid.,Open,,,,,0.01,0.01,0,0,0,0,0,0,0,0,0,0,0,0,0,0,2,2,0,0,0,-2,0.1,0
3,,7840,Al Qadisiyah,city Riyadh Al Qadisiyah district_96,Resid.,Open,,,,,0.01,0,0,0,0,0,0,0,0,0,0,0,0,0,0,0,1,1,0,0,0,-1,0.1,0
3,,7841,Al Qadisiyah,city Riyadh Al Qadisiyah district_97,Resid.,Open,,,,,0.01,0,0,0,0,0,0,0,0,0,0,0,0,0,0,0,1,1,0,0,0,-1,0.1,0
3,,5243,Al Rafiha,city Riyadh Al Rafiha district_1152,Resid.,Open,,,,,0.01,0,0,0,0,0,0,0,0,0,0,0,0,0,0,0,1,1,0,0,0,-1,0.1,0
3,,5245,Al Rafiha,city Riyadh Al Rafiha district_1154,Resid.,Open,,,,,0.01,0.01,0,0,0,0,0,2,0,0,0,0,2,1,0,1,3,2,0,1,0,-2,0.1,0
3,,5255,Al Rafiha,city Riyadh Al Rafiha district_1164,Resid.,Open,,,,,0.01,0.01,0,0,0,0,0,0,0,0,0,0,0,0,0,0,2,2,0,0,0,-2,0.1,0
3,,5257,Al Rafiha,city Riyadh Al Rafiha district_1166,Resid.,Open,,,,,0.01,0.01,0,0,0,0,0,2,0,0,0,0,2,0,0,2,6,2,0,4,0,-2,0.1,0
3,,8168,Al Shifa,city Riyadh Al Shifa district_307,Resid.,Open,,,,,0.01,0.01,0,0,0,0,0,0,0,0,0,0,0,0,0,0,2,2,0,0,0,-2,0.1,0
3,,8169,Al Shifa,city Riyadh Al Shifa district_308,Resid.,Open,,,,,0.01,0,0,0,0,0,0,0,0,0,0,0,0,0,0,0,1,1,0,0,0,-1,0.1,0
3,,8215,Al Sulay,city Riyadh Al Sulay district_513,Mixed.,Open,,,,,0.01,0,0,0,0,0,0,1,0,0,0,0,1,1,0,0,1,1,0,0,0,-1,0.1,0
3,,8225,Al Sulay,city Riyadh Al Sulay district_523,Mixed.,Open,,,,,0.01,0.01,0,0,0,0,0,0,0,0,0,0,0,0,0,0,2,2,0,0,0,-2,0.1,0
3,,8274,Al Sulay,city Riyadh Al Sulay district_629,Mixed.,Open,,,,,0.01,0.01,0,0,0,0,0,0,0,0,0,0,0,0,0,0,2,2,0,0,0,-2,0.1,0
3,,8310,Al Sulay,city Riyadh Al Sulay district_666,Mixed.,Open,,,,,0.01,0.01,0,0,0,0,0,0,0,0,0,0,0,0,0,0,2,2,0,0,0,-2,0.1,0
3,,8313,Al Sulay,city Riyadh Al Sulay district_669,Mixed.,Open,,,,,0.01,0.01,0,0,0,0,0,1,0,0,0,0,1,0,0,1,4,2,0,2,0,-2,0.1,0
3,,8328,Al Sulay,city Riyadh Al Sulay district_684,Resid.,Open,,,,,0.01,0,0,0,0,0,0,0,0,0,0,0,0,0,0,0,1,1,0,0,0,-1,0.1,0
3,,8331,Al Sulay,city Riyadh Al Sulay district_9,Mixed.,Open,,,,,0.01,0,0,0,0,0,0,0,0,0,0,0,0,0,0,0,1,1,0,0,0,-1,0.1,0
3,,8347,Al Suwaidi,city Riyadh Al Suwaidi district_30,Resid.,Open,,,,,0.01,0.01,0,0,0,0,0,0,0,0,0,0,0,0,0,0,3,2,0,1,0,-2,0.1,0
3,,8763,Dhahrat Al Badiea,city Riyadh Dhahrat Al Badiea district_197,Resid.,Open,,,,,0.01,0,0,0,0,0,0,0,0,0,0,0,0,0,0,0,1,1,0,0,0,-1,0.1,0
3,,8388,Al Suwaidi,city Riyadh Al Suwaidi district_71,Resid.,Open,,,,,0.01,0.01,0,0,0,0,0,0,0,0,0,0,0,0,0,0,2,2,0,0,0,-2,0.1,0
3,,8788,Dhahrat Al Badiea,city Riyadh Dhahrat Al Badiea district_221,Resid.,Open,,,,,0.01,0,0,0,0,0,0,0,0,0,0,0,0,0,0,0,1,1,0,0,0,-1,0.1,0
3,,8793,Dhahrat Al Badiea,city Riyadh Dhahrat Al Badiea district_234,Resid.,Open,,,,,0.01,0,0,0,0,0,0,1,0,0,0,0,1,0,0,1,2,1,0,1,0,-1,0.1,0
3,,9079,East Naseem,city Riyadh Eastern Al Naseem district_891,Resid.,Open,,,,,0.01,0.01,0,0,0,0,0,0,0,0,0,0,0,0,0,0,2,2,0,0,0,-2,0.1,0
3,,9108,East Naseem,city Riyadh Eastern Al Naseem district_920,Resid.,Open,,,,,0.01,0,0,0,0,0,0,1,0,0,0,0,1,0,0,1,4,1,0,3,0,-1,0.1,0
3,,9081,East Naseem,city Riyadh Eastern Al Naseem district_893,Resid.,Open,,,,,0.01,0.01,0,0,0,0,0,0,0,0,0,0,0,0,0,0,2,2,0,0,0,-2,0.1,0
3,,9699,West Suwaidi,city Riyadh West Suwaidi district_294,Resid.,Open,,,,,0.01,0,0,0,0,0,0,0,0,0,0,0,0,0,0,0,1,1,0,0,0,-1,0.1,0
3,,9692,West Suwaidi,city Riyadh West Suwaidi district_287,Resid.,Open,,,,,0.01,0,0,0,0,0,0,0,0,0,0,0,0,0,0,0,1,1,0,0,0,-1,0.1,0
3,,9771,Western Al Naseem,city Riyadh Western Al Naseem district_149,Resid.,Open,,,,,0.01,0,0,0,0,0,0,0,0,0,0,0,0,0,0,0,1,1,0,0,0,-1,0.1,0
3,,9714,West Suwaidi,city Riyadh West Suwaidi district_309,Resid.,Open,,,,,0.01,0.01,0,0,0,0,0,0,0,0,0,0,0,0,0,0,2,2,0,0,0,-2,0.1,0
3,,9793,Western Al Naseem,city Riyadh Western Al Naseem district_171,Resid.,Open,,,,,0.01,0.01,0,0,0,0,0,0,0,0,0,0,0,0,0,0,2,2,0,0,0,-2,0.1,0
3,,9856,Oraija,city Riyadh Oraija district_609,Resid.,Open,,,,,0.01,0,0,0,0,0,0,0,0,0,0,0,0,0,0,0,2,1,0,1,0,-1,0.1,0
3,,9798,Western Al Naseem,city Riyadh Western Al Naseem district_176,Resid.,Open,,,,,0.01,0,0,0,0,0,0,0,0,0,0,0,0,0,0,0,1,1,0,0,0,-1,0.1,0
3,,9888,Oraija,city Riyadh Oraija district_668,Resid.,Open,,,,,0.01,0,0,0,0,0,0,0,0,0,0,0,0,0,0,0,1,1,0,0,0,-1,0.1,0
3,,9858,Oraija,city Riyadh Oraija district_611,Resid.,Open,,,,,0.01,0,0,0,0,0,0,0,0,0,0,0,0,0,0,0,1,1,0,0,0,-1,0.1,0
3,,9924,Oraija,city Riyadh Oraija district_704,Resid.,Open,,,,,0.01,0.01,0,0,0,0,0,0,0,0,0,0,0,0,0,0,2,2,0,0,0,-2,0.1,0
3,,9900,Oraija,city Riyadh Oraija district_680,Resid.,Open,,,,,0.01,0.01,0,0,0,0,0,0,0,0,0,0,0,0,0,0,2,2,0,0,0,-2,0.1,YES
3,,9984,Eshbilia,Ishbiliyah district_27,Resid.,Open,,,,,0.01,0.01,0,0,0,0,0,0,0,0,0,0,0,0,0,0,3,2,0,1,0,-2,0.1,0
3,,9991,Eshbilia,Ishbiliyah district_33,Resid.,Open,,,,,0.01,0,0,0,0,0,0,0,0,0,0,0,0,0,0,0,1,1,0,0,0,-1,0.1,0
3,,9994,Eshbilia,Ishbiliyah district_36,Resid.,Open,,,,,0.01,0.01,0,0,0,0,0,0,0,0,0,0,0,0,0,0,2,2,0,0,0,-2,0.1,0
3,,10159,Oraija,RUH_Oraija _07,Resid.,Open,,,,,0.01,0.01,0,0,0,0,0,0,0,0,0,0,0,0,0,0,2,2,0,0,0,-2,0.1,0
3,,6606,Al Munisiyah,Al Munisiyah district_259,Resid.,Open,,,,,0.01,0.01,0,0,0,0,0,2,0,0,0,0,2,0,2,0,2,1,1,0,0,-2,0.1,0
3,,5855,Al Aziziyah,Al Aziziyah district_138,Resid.,Open,,,,,0.01,0,0,0,0,0,0,3,0,0,0,0,3,1,1,1,2,0,1,1,0,-1,0.1,0
3,,5887,Al Aziziyah,Al Aziziyah district_174,Resid.,Open,,,,,0,0,0,0,0,0,0,0,0,0,0,0,0,0,0,0,1,0,0,1,0,0,0.1,0
3,,5890,Al Aziziyah,Al Aziziyah district_177,Resid.,Open,,,,,0.01,0,0,0,0,0,0,3,0,0,0,0,3,1,1,1,2,0,1,1,0,-1,0.1,0
3,,5892,Al Aziziyah,Al Aziziyah district_179,Resid.,Open,,,,,0,0,0,0,0,0,0,0,0,0,0,0,0,0,0,0,0,0,0,0,0,0,0.1,0
3,,5894,Al Aziziyah,Al Aziziyah district_181,Resid.,Open,,,,,0,0,0,0,0,0,0,0,0,0,0,0,0,0,0,0,0,0,0,0,0,0,0.1,0
3,,5895,Al Aziziyah,Al Aziziyah district_182,Resid.,Open,,,,,0.01,0.01,0,0,0,0,0,3,0,0,0,0,3,1,1,1,4,1,1,2,0,-2,0.1,0
3,,5909,Al Aziziyah,Al Aziziyah district_431,Resid.,Open,,,,,0.01,0.01,0,0,0,0,0,3,0,0,0,0,3,1,1,1,4,1,1,2,0,-2,0.1,0
3,,5933,Al Aziziyah,Al Aziziyah district_478,Resid.,Open,,,,,0.01,0.01,0,0,0,0,0,3,0,0,0,0,3,1,1,1,3,1,1,1,0,-2,0.1,0
3,,6593,Al Munisiyah,Al Munisiyah district_246,Resid.,Closed,aalngedan,,"January 9, 25","January 9, 25",0.02,0.01,0,0,0,0,0,5,2,0,2,0,3,1,1,1,4,0,3,1,0,-1,0.1,0
3,,5959,Al Aziziyah,Al Aziziyah district_98,Resid.,Open,,,,,0.01,0,0,0,0,0,0,3,0,0,0,0,3,1,1,1,2,0,1,1,0,-1,0.1,0
3,,6610,Al Munisiyah,Al Munisiyah district_263,Mixed.,Open,,,,,0,0,0,0,0,0,0,0,0,0,0,0,0,0,0,0,0,0,0,0,0,0,0.1,0
3,,6630,Al Munisiyah,Al Munisiyah district_283,Resid.,Open,,,,,0,0,0,0,0,0,0,0,0,0,0,0,0,0,0,0,0,0,0,0,0,0,0.1,0
3,,6633,Al Munisiyah,Al Munisiyah district_286,Resid.,Open,,,,,0,0,0,0,0,0,0,0,0,0,0,0,0,0,0,0,0,0,0,0,0,0,0.1,0
3,,7142,Al Badiea,city Riyadh Al Badiea district_1173,Resid.,Open,,,,,0.01,0.01,0,0,0,0,0,4,0,0,0,0,4,1,1,2,4,1,1,2,0,-2,0.1,0
3,,7200,Al Fayha,city Riyadh Al Fayha district_373,Resid.,Open,,,,,0.01,0,0,0,0,0,0,3,0,0,0,0,3,1,1,1,3,0,1,2,0,-1,0.1,0
3,,7216,Al Fayha,city Riyadh Al Fayha district_389,Resid.,Open,,,,,0.01,0,0,0,0,0,0,6,0,0,0,0,6,1,3,2,3,0,1,2,0,-1,0.1,0
3,,7491,Al Mahdiyah,city Riyadh Al Mahdiyah district_1019,Resid.,Open,,,,,0,0,0,0,0,0,0,1,0,0,0,0,1,0,0,1,1,0,0,1,0,0,0.1,0
3,,7509,Al Mahdiyah,city Riyadh Al Mahdiyah district_1037,Resid.,Open,,,,,0,0,0,0,0,0,0,0,0,0,0,0,0,0,0,0,0,0,0,0,0,0,0.1,0
3,,7510,Al Mahdiyah,city Riyadh Al Mahdiyah district_1038,Resid.,Open,,,,,0,0,0,0,0,0,0,0,0,0,0,0,0,0,0,0,0,0,0,0,0,0,0.1,0
3,,7515,Al Mahdiyah,city Riyadh Al Mahdiyah district_1043,Mixed.,Open,,,,,0,0,0,0,0,0,0,1,0,0,0,0,1,0,0,1,1,0,0,1,0,0,0.1,0
3,,7517,Al Mahdiyah,city Riyadh Al Mahdiyah district_1045,Resid.,Open,,,,,0,0,0,0,0,0,0,0,0,0,0,0,0,0,0,0,0,0,0,0,0,0,0.1,0
3,,7518,Al Mahdiyah,city Riyadh Al Mahdiyah district_1046,Resid.,Open,,,,,0,0,0,0,0,0,0,0,0,0,0,0,0,0,0,0,2,0,0,2,0,0,0.1,0
3,,7785,Al Qadisiyah,city Riyadh Al Qadisiyah district_101,Resid.,Open,,,,,0,0,0,0,0,0,0,0,0,0,0,0,0,0,0,0,0,0,0,0,0,0,0.1,0
3,,7529,Al Mahdiyah,city Riyadh Al Mahdiyah district_1608,Resid.,Open,,,,,0.01,0.01,0,0,0,0,0,2,0,0,0,0,2,0,2,0,4,1,1,2,0,-2,0.1,0
3,,7786,Al Qadisiyah,city Riyadh Al Qadisiyah district_102,Resid.,Open,,,,,0,0,0,0,0,0,0,0,0,0,0,0,0,0,0,0,0,0,0,0,0,0,0.1,0
3,,7787,Al Qadisiyah,city Riyadh Al Qadisiyah district_103,Resid.,Open,,,,,0,0,0,0,0,0,0,0,0,0,0,0,0,0,0,0,0,0,0,0,0,0,0.1,0
3,,7788,Al Qadisiyah,city Riyadh Al Qadisiyah district_104,Resid.,Open,,,,,0,0,0,0,0,0,0,0,0,0,0,0,0,0,0,0,0,0,0,0,0,0,0.1,0
3,,7789,Al Qadisiyah,city Riyadh Al Qadisiyah district_105,Resid.,Open,,,,,0,0,0,0,0,0,0,0,0,0,0,0,0,0,0,0,0,0,0,0,0,0,0.1,0
3,,7790,Al Qadisiyah,city Riyadh Al Qadisiyah district_106,Resid.,Open,,,,,0,0,0,0,0,0,0,0,0,0,0,0,0,0,0,0,0,0,0,0,0,0,0.1,0
3,,7803,Al Qadisiyah,city Riyadh Al Qadisiyah district_513,Resid.,Open,,,,,0.01,0,0,0,0,0,0,3,0,0,0,0,3,1,1,1,2,0,1,1,0,-1,0.1,0
3,,7804,Al Qadisiyah,city Riyadh Al Qadisiyah district_515,Resid.,Open,,,,,0,0,0,0,0,0,0,0,0,0,0,0,0,0,0,0,0,0,0,0,0,0,0.1,0
3,,7821,Al Qadisiyah,city Riyadh Al Qadisiyah district_77,Resid.,Open,,,,,0.01,0,0,0,0,0,0,3,0,0,0,0,3,1,1,1,2,0,1,1,0,-1,0.1,0
3,,7822,Al Qadisiyah,city Riyadh Al Qadisiyah district_78,Resid.,Open,,,,,0.01,0.01,0,0,0,0,0,3,0,0,0,0,3,1,1,1,3,1,1,1,0,-2,0.1,0
3,,7833,Al Qadisiyah,city Riyadh Al Qadisiyah district_89,Resid.,Open,,,,,0,0,0,0,0,0,0,0,0,0,0,0,0,0,0,0,0,0,0,0,0,0,0.1,0
3,,7835,Al Qadisiyah,city Riyadh Al Qadisiyah district_91,Resid.,Open,,,,,0,0,0,0,0,0,0,0,0,0,0,0,0,0,0,0,0,0,0,0,0,0,0.1,0
3,,7836,Al Qadisiyah,city Riyadh Al Qadisiyah district_92,Resid.,Open,,,,,0,0,0,0,0,0,0,0,0,0,0,0,0,0,0,0,0,0,0,0,0,0,0.1,0
3,,7837,Al Qadisiyah,city Riyadh Al Qadisiyah district_93,Resid.,Open,,,,,0,0,0,0,0,0,0,0,0,0,0,0,0,0,0,0,0,0,0,0,0,0,0.1,0
3,,7838,Al Qadisiyah,city Riyadh Al Qadisiyah district_94,Resid.,Open,,,,,0,0,0,0,0,0,0,0,0,0,0,0,0,0,0,0,1,0,0,1,0,0,0.1,0
3,,7839,Al Qadisiyah,city Riyadh Al Qadisiyah district_95,Resid.,Open,,,,,0.01,0,0,0,0,0,0,2,0,0,0,0,2,0,2,0,1,0,1,0,0,-1,0.1,0
3,,7842,Al Qadisiyah,city Riyadh Al Qadisiyah district_98,Resid.,Open,,,,,0,0,0,0,0,0,0,1,0,0,0,0,1,0,0,1,1,0,0,1,0,0,0.1,0
3,,7843,Al Qadisiyah,city Riyadh Al Qadisiyah district_99,Resid.,Open,,,,,0,0,0,0,0,0,0,0,0,0,0,0,0,0,0,0,0,0,0,0,0,0,0.1,0
3,,5259,Al Rafiha,city Riyadh Al Rafiha district_1168,Resid.,Open,,,,,0.01,0,0,0,0,0,0,3,0,0,0,0,3,1,1,1,2,0,1,1,0,-1,0.1,0
3,,8160,Al Shifa,city Riyadh Al Shifa district_299,Resid.,Open,,,,,0.01,0.01,0,0,0,0,0,3,0,0,0,0,3,1,1,1,3,1,1,1,0,-2,0.1,0
3,,8202,Al Shifa,city Riyadh Al Shifa district_341,Resid.,Open,,,,,0.01,0,0,0,0,0,0,3,0,0,0,0,3,1,1,1,3,0,1,2,0,-1,0.1,0
3,,8203,Al Shifa,city Riyadh Al Shifa district_342,Resid.,Open,,,,,0.02,0.01,0,0,0,0,0,4,1,1,0,0,3,1,1,1,3,0,1,2,0,-1,0.1,0
3,,8205,Al Shifa,city Riyadh Al Shifa district_344,Mixed.,Open,,,,,0.01,0,0,0,0,0,0,1,0,0,0,0,1,0,1,0,1,0,1,0,0,-1,0.1,0
3,,8275,Al Sulay,city Riyadh Al Sulay district_630,Mixed.,Open,,,,,0,0,0,0,0,0,0,0,0,0,0,0,0,0,0,0,0,0,0,0,0,0,0.1,0
3,,8293,Al Sulay,city Riyadh Al Sulay district_649,Mixed.,Open,,,,,0,0,0,0,0,0,0,0,0,0,0,0,0,0,0,0,0,0,0,0,0,0,0.1,0
3,,8305,Al Sulay,city Riyadh Al Sulay district_661,Mixed.,Open,,,,,0,0,0,0,0,0,0,0,0,0,0,0,0,0,0,0,0,0,0,0,0,0,0.1,0
3,,8391,Al Suwaidi,city Riyadh Al Suwaidi district_74,Resid.,Open,,,,,0.01,0.01,0,0,0,0,0,2,0,0,0,0,2,0,1,1,3,1,1,1,0,-2,0.1,0
3,,8752,Dhahrat Al Badiea,city Riyadh Dhahrat Al Badiea district_186,Resid.,Open,,,,,0.01,0.01,0,0,0,0,0,6,0,0,0,0,6,2,2,2,4,0,2,2,0,-2,0.1,0
3,,8753,Dhahrat Al Badiea,city Riyadh Dhahrat Al Badiea district_187,Resid.,Open,,,,,0.01,0.01,0,0,0,0,0,2,0,0,0,0,2,0,2,0,2,0,2,0,0,-2,0.1,0
3,,8766,Dhahrat Al Badiea,city Riyadh Dhahrat Al Badiea district_2,Resid.,Open,,,,,0,0,0,0,0,0,0,0,0,0,0,0,0,0,0,0,0,0,0,0,0,0,0.1,0
3,,8768,Dhahrat Al Badiea,city Riyadh Dhahrat Al Badiea district_201,Resid.,Open,,,,,0.01,0.01,0,0,0,0,0,3,0,0,0,0,3,1,1,1,3,1,1,1,0,-2,0.1,0
3,,8777,Dhahrat Al Badiea,city Riyadh Dhahrat Al Badiea district_210,Resid.,Open,,,,,0,0,0,0,0,0,0,0,0,0,0,0,0,0,0,0,0,0,0,0,0,0,0.1,0
3,,8794,Dhahrat Al Badiea,city Riyadh Dhahrat Al Badiea district_235,Resid.,Open,,,,,0.01,0,0,0,0,0,0,3,0,0,0,0,3,1,1,1,2,0,1,1,0,-1,0.1,0
3,,8796,Dhahrat Al Badiea,city Riyadh Dhahrat Al Badiea district_4,Resid.,Open,,,,,0.01,0,0,0,0,0,0,1,0,0,0,0,1,0,1,0,1,0,1,0,0,-1,0.1,0
3,,9058,East Naseem,city Riyadh Eastern Al Naseem district_870,Resid.,Open,,,,,0,0,0,0,0,0,0,0,0,0,0,0,0,0,0,0,0,0,0,0,0,0,0.1,0
3,,9107,East Naseem,city Riyadh Eastern Al Naseem district_919,Mixed.,Open,,,,,0.01,0.01,0,0,0,0,0,8,0,0,0,0,8,2,2,4,7,1,2,4,0,-2,0.1,0
3,,9109,East Naseem,city Riyadh Eastern Al Naseem district_921,Resid.,Open,,,,,0,0,0,0,0,0,0,0,0,0,0,0,0,0,0,0,0,0,0,0,0,0,0.1,0
3,,9110,East Naseem,city Riyadh Eastern Al Naseem district_922,Resid.,Open,,,,,0,0,0,0,0,0,0,0,0,0,0,0,0,0,0,0,0,0,0,0,0,0,0.1,0
3,,9312,Oraija,city Riyadh Oraija middle district_734,Resid.,Open,,,,,0,0,0,0,0,0,0,0,0,0,0,0,0,0,0,0,0,0,0,0,0,0,0.1,0
3,,9681,West Suwaidi,city Riyadh West Suwaidi district_276,Resid.,Open,,,,,0,0,0,0,0,0,0,0,0,0,0,0,0,0,0,0,0,0,0,0,0,0,0.1,0
3,,9696,West Suwaidi,city Riyadh West Suwaidi district_291,Resid.,Open,,,,,0.01,0,0,0,0,0,0,3,0,0,0,0,3,1,1,1,2,0,1,1,0,-1,0.1,0
3,,9701,West Suwaidi,city Riyadh West Suwaidi district_296,Resid.,Open,,,,,0.01,0,0,0,0,0,0,3,0,0,0,0,3,1,1,1,2,0,1,1,0,-1,0.1,0
3,,9717,West Suwaidi,city Riyadh West Suwaidi district_312,Resid.,Open,,,,,0,0,0,0,0,0,0,0,0,0,0,0,0,0,0,0,0,0,0,0,0,0,0.1,0
3,,9723,Western Al Naseem,city Riyadh Western Al Naseem district_102,Resid.,Open,,,,,0.01,0.01,0,0,0,0,0,1,0,0,0,0,1,0,1,0,2,1,1,0,0,-2,0.1,0
3,,9769,Western Al Naseem,city Riyadh Western Al Naseem district_147,Resid.,Open,,,,,0,0,0,0,0,0,0,0,0,0,0,0,0,0,0,0,0,0,0,0,0,0,0.1,0
3,,9875,Oraija,city Riyadh Oraija district_655,Resid.,Open,,,,,0,0,0,0,0,0,0,0,0,0,0,0,0,0,0,0,0,0,0,0,0,0,0.1,0
3,,9878,Oraija,city Riyadh Oraija district_658,Resid.,Open,,,,,0,0,0,0,0,0,0,0,0,0,0,0,0,0,0,0,0,0,0,0,0,0,0.1,0
3,,9886,Oraija,city Riyadh Oraija district_666,Resid.,Open,,,,,0,0,0,0,0,0,0,0,0,0,0,0,0,0,0,0,0,0,0,0,0,0,0.1,0
3,,9990,Eshbilia,Ishbiliyah district_32,Resid.,Open,,,,,0.01,0.01,0,0,0,0,0,5,0,0,0,0,5,1,3,1,4,0,2,2,0,-2,0.1,0
3,,9993,Eshbilia,Ishbiliyah district_35,Resid.,Open,,,,,0.01,0,0,0,0,0,0,3,0,0,0,0,3,1,1,1,2,0,1,1,0,-1,0.1,0
3,,5910,Al Aziziyah,Al Aziziyah district_433,Com,,,,,,0.04,0.03,0,0,0,0,1,1,0,0,0,0,1,0,1,0,6,5,1,0,0,-6,0.06,0
3,,5854,Al Aziziyah,Al Aziziyah district_137,Resid.,Open,,,,,0.04,0.03,0,0,0,0,1,2,0,0,0,0,2,0,2,0,6,4,2,0,0,-6,0.04,0
3,,6598,Al Munisiyah,Al Munisiyah district_251,Resid.,Open,,,,,0.02,0.01,0,0,0,0,1,2,0,0,0,0,2,1,1,0,4,3,1,0,0,-3,0.04,0
3,,7197,Al Fayha,city Riyadh Al Fayha district_370,Resid.,Open,,,,,0.06,0.04,0,0,0,0,1,5,0,0,0,0,5,1,3,1,10,5,3,2,0,-8,0.04,0
3,,7235,Al Fayha,city Riyadh Al Fayha district_408,Resid.,Open,,,,,0.04,0.03,0,0,0,0,1,3,0,0,0,0,3,0,3,0,6,4,2,0,0,-6,0.04,0
3,,8234,Al Sulay,city Riyadh Al Sulay district_532,Mixed.,Open,,,,,0.03,0.02,0,0,0,0,1,1,0,0,0,0,1,0,1,0,5,3,1,1,0,-4,0.04,0
3,,8790,Dhahrat Al Badiea,city Riyadh Dhahrat Al Badiea district_231,Resid.,Open,,,,,0.06,0.04,0,0,0,0,1,11,0,0,0,0,11,1,9,1,11,5,3,3,0,-8,0.04,0
3,,9302,Oraija,city Riyadh Oraija middle district_724,Resid.,Open,,,,,0.06,0.04,0,0,0,0,1,6,0,0,0,0,6,0,5,1,11,5,3,3,0,-9,0.04,0
3,,9337,Oraija,city Riyadh Oraija middle district_759,Resid.,Open,,,,,0.05,0.03,0,0,0,0,1,5,0,0,0,0,5,1,2,2,9,4,2,3,0,-7,0.04,0
3,,9338,Oraija,city Riyadh Oraija middle district_760,Resid.,Open,,,,,0.04,0.03,0,0,0,0,1,4,0,0,0,0,4,1,2,1,8,4,2,2,0,-6,0.04,0
3,,9350,Oraija,city Riyadh Oraija middle district_772,Resid.,Open,,,,,0.08,0.05,0,0,0,0,1,8,0,0,0,0,8,1,4,3,14,6,4,4,0,-11,0.04,0
3,,9880,Oraija,city Riyadh Oraija district_660,Resid.,Open,,,,,0.03,0.02,0,0,0,0,1,1,0,0,0,0,1,0,1,0,4,3,1,0,0,-4,0.04,0
3,,5820,Al Aziziyah,Al Aziziyah district_103,Resid.,Open,,,,,0.13,0.09,0,0,0,0,1,6,0,0,0,0,6,1,3,2,20,15,2,3,0,-18,0.03,0
3,,5821,Al Aziziyah,Al Aziziyah district_104,Resid.,Open,,,,,0.3,0.2,0,0,0,0,1,12,0,0,0,0,12,1,6,5,50,36,4,10,0,-42,0.03,0
3,,5823,Al Aziziyah,Al Aziziyah district_106,Resid.,Open,,,,,0.07,0.05,0,0,0,0,1,8,0,0,0,0,8,0,7,1,11,9,1,1,0,-10,0.03,0
3,,5827,Al Aziziyah,Al Aziziyah district_110,Resid.,Open,,,,,0.24,0.16,0,0,0,0,1,14,0,0,0,0,14,0,12,2,33,29,3,1,0,-33,0.03,0
3,,5830,Al Aziziyah,Al Aziziyah district_113,Resid.,Open,,,,,0.18,0.12,0,0,0,0,1,16,0,0,0,0,16,1,12,3,26,20,3,3,0,-25,0.03,0
3,,5837,Al Aziziyah,Al Aziziyah district_120,Mixed.,Open,,,,,0.04,0.03,0,0,0,0,1,1,0,0,0,0,1,0,1,0,6,5,1,0,0,-6,0.03,0
3,,5846,Al Aziziyah,Al Aziziyah district_129,Resid.,Open,,,,,0.11,0.08,0,0,0,0,1,3,0,0,0,0,3,0,3,0,16,13,3,0,0,-16,0.03,YES
3,,5851,Al Aziziyah,Al Aziziyah district_134,Resid.,Open,,,,,0.08,0.05,0,0,0,0,1,8,0,0,0,0,8,1,6,1,13,8,3,2,0,-11,0.03,0
3,,5853,Al Aziziyah,Al Aziziyah district_136,Resid.,Open,,,,,0.1,0.07,0,0,0,0,1,8,0,0,0,0,8,0,6,2,15,12,1,2,0,-14,0.03,YES
3,,5867,Al Aziziyah,Al Aziziyah district_154,Resid.,Open,,,,,0.11,0.08,0,0,0,0,1,5,0,0,0,0,5,1,3,1,19,13,3,3,0,-16,0.03,0
3,,5868,Al Aziziyah,Al Aziziyah district_155,Resid.,Open,,,,,0.19,0.12,0,0,0,0,1,20,0,0,0,0,20,2,12,6,34,21,5,8,0,-26,0.03,0
3,,5876,Al Aziziyah,Al Aziziyah district_163,Resid.,Open,,,,,0.25,0.17,0,0,0,0,1,25,0,0,0,0,25,5,8,12,46,23,8,15,0,-35,0.03,YES
3,,5904,Al Aziziyah,Al Aziziyah district_376,Resid.,Open,,,,,0.07,0.05,0,0,0,0,1,8,0,0,0,0,8,2,5,1,13,7,4,2,0,-10,0.03,0
3,,5915,Al Aziziyah,Al Aziziyah district_447,Resid.,Open,,,,,0.26,0.17,0,0,0,0,1,5,0,0,0,0,5,0,3,2,37,33,2,2,0,-36,0.03,YES
3,,5917,Al Aziziyah,Al Aziziyah district_453,Mixed.,Open,,,,,0.09,0.06,0,0,0,0,1,4,0,0,0,0,4,1,1,2,16,11,1,4,0,-13,0.03,0
3,,5935,Al Aziziyah,Al Aziziyah district_480,Resid.,Open,,,,,0.21,0.14,0,0,0,0,1,5,0,0,0,0,5,0,4,1,31,24,4,3,0,-29,0.03,YES
3,,5936,Al Aziziyah,Al Aziziyah district_481,Mixed.,Open,,,,,0.07,0.05,0,0,0,0,1,1,0,0,0,0,1,0,1,0,11,9,1,1,0,-10,0.03,0
3,,6270,Al Khaleej,Al Khaleej district_207,Resid.,Open,,,,,0.41,0.27,0,0,0,0,1,8,0,0,0,0,8,0,4,4,59,50,3,6,0,-57,0.03,0
3,,6275,Al Khaleej,Al Khaleej district_212,Resid.,Open,,,,,0.32,0.21,0,0,0,0,1,5,0,0,0,0,5,1,3,1,50,42,3,5,0,-45,0.03,YES
3,,6277,Al Khaleej,Al Khaleej district_214,Resid.,Open,,,,,0.21,0.14,0,0,0,0,1,9,0,0,0,0,9,0,5,4,33,24,3,6,0,-30,0.03,0
3,,6289,Al Khaleej,Al Khaleej district_226,Resid.,Open,,,,,0.32,0.21,0,0,0,0,1,3,0,0,0,0,3,0,1,2,46,42,1,3,0,-45,0.03,YES
3,,6292,Al Khaleej,Al Khaleej district_229,Resid.,Open,,,,,0.24,0.16,0,0,0,0,1,7,0,0,0,0,7,1,3,3,36,29,3,4,0,-34,0.03,YES
3,,6295,Al Khaleej,Al Khaleej district_232,Resid.,Open,,,,,0.21,0.14,0,0,0,0,1,7,0,0,0,0,7,1,4,2,30,26,2,2,0,-29,0.03,YES
3,,6306,Al Khaleej,Al Khaleej district_243,Resid.,Open,,,,,0.15,0.1,0,0,0,0,1,7,0,0,0,0,7,1,5,1,24,16,5,3,0,-21,0.03,YES
3,,6310,Al Khaleej,Al Khaleej district_247,Resid.,Open,,,,,0.18,0.12,0,0,0,0,1,4,0,0,0,0,4,1,2,1,31,23,2,6,0,-25,0.03,0
3,,6311,Al Khaleej,Al Khaleej district_248,Resid.,Open,,,,,0.07,0.05,0,0,0,0,1,4,0,0,0,0,4,1,2,1,12,8,2,2,0,-10,0.03,0
3,,6312,Al Khaleej,Al Khaleej district_249,Resid.,Open,,,,,0.11,0.07,0,0,0,0,1,2,0,0,0,0,2,0,2,0,16,13,2,1,0,-15,0.03,0
3,,6560,Al Munisiyah,Al Munisiyah district_213,Resid.,Open,,,,,0.29,0.19,0,0,0,0,1,10,0,0,0,0,10,1,8,1,44,38,2,4,0,-40,0.03,YES
3,,6563,Al Munisiyah,Al Munisiyah district_216,Resid.,Open,,,,,0.18,0.12,0,0,0,0,1,6,0,0,0,0,6,0,6,0,26,24,1,1,0,-25,0.03,0
3,,6570,Al Munisiyah,Al Munisiyah district_223,Resid.,Open,,,,,0.06,0.04,0,0,0,0,1,1,0,0,0,0,1,0,1,0,10,8,1,1,0,-9,0.03,0
3,,6573,Al Munisiyah,Al Munisiyah district_226,Resid.,Open,,,,,0.19,0.12,0,0,0,0,1,2,0,0,0,0,2,0,2,0,26,24,2,0,0,-26,0.03,YES
3,,6578,Al Munisiyah,Al Munisiyah district_231,Resid.,Open,,,,,0.21,0.14,0,0,0,0,1,4,0,0,0,0,4,1,2,1,31,27,2,2,0,-29,0.03,YES
3,,6584,Al Munisiyah,Al Munisiyah district_237,Resid.,Open,,,,,0.14,0.09,0,0,0,0,1,10,0,0,0,0,10,2,6,2,25,14,5,6,0,-19,0.03,0
3,,6618,Al Munisiyah,Al Munisiyah district_271,Mixed.,Open,,,,,0.1,0.07,0,0,0,0,1,7,0,0,0,0,7,2,3,2,16,11,3,2,0,-14,0.03,0
3,,6619,Al Munisiyah,Al Munisiyah district_272,Resid.,Open,,,,,0.06,0.04,0,0,0,0,1,6,0,0,0,0,6,0,6,0,10,8,1,1,0,-9,0.03,YES
3,,6642,Al Nahdah,Al Nahdah district_152,Resid.,Open,,,,,0.08,0.05,0,0,0,0,1,5,0,0,0,0,5,1,3,1,12,8,3,1,0,-11,0.03,0
3,,6644,Al Nahdah,Al Nahdah district_154,Resid.,Open,,,,,0.04,0.02,0,0,0,0,1,1,0,0,0,0,1,0,1,0,5,4,1,0,0,-5,0.03,0
3,,6646,Al Nahdah,Al Nahdah district_156,Resid.,Open,,,,,0.06,0.04,0,0,0,0,1,1,0,0,0,0,1,0,1,0,9,8,1,0,0,-9,0.03,0
3,,6647,Al Nahdah,Al Nahdah district_157,Resid.,Open,,,,,0.13,0.09,0,0,0,0,1,7,0,0,0,0,7,1,4,2,19,13,4,2,0,-18,0.03,0
3,,6652,Al Nahdah,Al Nahdah district_162,Resid.,Open,,,,,0.11,0.07,0,0,0,0,1,8,0,0,0,0,8,1,6,1,18,10,5,3,0,-15,0.03,YES
3,,6653,Al Nahdah,Al Nahdah district_163,Resid.,Open,,,,,0.15,0.1,0,0,0,0,1,1,0,0,0,0,1,0,1,0,22,20,1,1,0,-21,0.03,YES
3,,6663,Al Nahdah,Al Nahdah district_173,Resid.,Open,,,,,0.1,0.07,0,0,0,0,1,3,0,0,0,0,3,0,2,1,14,11,2,1,0,-14,0.03,0
3,,6666,Al Nahdah,Al Nahdah district_176,Resid.,Open,,,,,0.27,0.18,0,0,0,0,1,2,0,0,0,0,2,0,2,0,39,36,2,1,0,-38,0.03,YES
3,,6671,Al Nahdah,Al Nahdah district_181,Resid.,Open,,,,,0.07,0.05,0,0,0,0,1,6,0,0,0,0,6,1,3,2,11,6,3,2,0,-10,0.03,YES
3,,6677,Al Nahdah,Al Nahdah district_187,Resid.,Open,,,,,0.15,0.1,0,0,0,0,1,8,0,0,0,0,8,0,6,2,22,18,1,3,0,-21,0.03,0
3,,6678,Al Nahdah,Al Nahdah district_188,Resid.,Open,,,,,0.07,0.05,0,0,0,0,1,12,0,0,0,0,12,0,12,0,14,7,3,4,0,-10,0.03,0
3,,6681,Al Nahdah,Al Nahdah district_191,Resid.,Open,,,,,0.09,0.06,0,0,0,0,1,5,0,0,0,0,5,1,2,2,15,9,2,4,0,-12,0.03,0
3,,6685,Al Nahdah,Al Nahdah district_195,Resid.,Open,,,,,0.06,0.04,0,0,0,0,1,9,0,0,0,0,9,1,6,2,14,6,3,5,0,-9,0.03,0
3,,6686,Al Nahdah,Al Nahdah district_196,Resid.,Open,,,,,0.18,0.12,0,0,0,0,1,5,0,0,0,0,5,0,4,1,25,20,4,1,0,-25,0.03,0
3,,6692,Al Nahdah,Al Nahdah district_202,Resid.,Open,,,,,0.25,0.17,0,0,0,0,1,9,0,0,0,0,9,0,9,0,38,32,3,3,0,-35,0.03,0
3,,6891,Al Sinaiyah,Al Sinaiyah district_10000016,Indust.,Open,,,,,0.17,0.11,0,0,0,0,1,5,0,0,0,0,5,2,3,0,27,21,5,1,0,-24,0.03,0
3,,6937,Al Sinaiyah,Al Sinaiyah district_10000520,Resid.,Open,,,,,0.22,0.15,0,0,0,0,1,9,0,0,0,0,9,2,4,3,38,27,4,7,0,-31,0.03,0
3,,6979,Al Yarmuk,Al Yarmuk district_178,Resid.,Open,,,,,0.05,0.03,0,0,0,0,1,3,0,0,0,0,3,0,2,1,9,5,2,2,0,-7,0.03,0
3,,6980,Al Yarmuk,Al Yarmuk district_180,Mixed.,Open,,,,,0.14,0.1,0,0,0,0,1,10,0,0,0,0,10,0,9,1,23,16,4,3,0,-20,0.03,0
3,,6981,Al Yarmuk,Al Yarmuk district_181,Resid.,Open,,,,,0.04,0.03,0,0,0,0,1,2,0,0,0,0,2,0,1,1,8,5,1,2,0,-6,0.03,0
3,,6983,Al Yarmuk,Al Yarmuk district_183,Resid.,Open,,,,,0.19,0.12,0,0,0,0,1,5,0,0,0,0,5,0,3,2,32,23,2,7,0,-26,0.03,0
3,,6989,Al Yarmuk,Al Yarmuk district_189,Resid.,Open,,,,,0.08,0.05,0,0,0,0,1,1,0,0,0,0,1,0,1,0,11,10,1,0,0,-11,0.03,0
3,,6995,Al Yarmuk,Al Yarmuk district_195,Resid.,Open,,,,,0.29,0.2,0,0,0,0,1,6,0,0,0,0,6,1,3,2,44,38,3,3,0,-41,0.03,0
3,,6997,Al Yarmuk,Al Yarmuk district_197,Mixed.,Open,,,,,0.18,0.12,0,0,0,0,1,9,0,0,0,0,9,2,5,2,30,20,5,5,0,-25,0.03,0
3,,7003,Al Yarmuk,Al Yarmuk district_203,Resid.,Open,,,,,0.21,0.14,0,0,0,0,1,12,0,0,0,0,12,0,12,0,31,26,3,2,0,-29,0.03,YES
3,,7007,Al Yarmuk,Al Yarmuk district_207,Resid.,Open,,,,,0.24,0.16,0,0,0,0,1,11,0,0,0,0,11,1,9,1,37,29,4,4,0,-33,0.03,YES
3,,7011,Al Yarmuk,Al Yarmuk district_211,Resid.,Open,,,,,0.12,0.08,0,0,0,0,1,8,0,0,0,0,8,2,5,1,19,13,4,2,0,-17,0.03,0
3,,7144,Al Badiea,city Riyadh Al Badiea district_1175,Mixed.,Open,,,,,0.11,0.07,0,0,0,0,1,12,0,0,0,0,12,2,6,4,23,11,3,9,0,-15,0.03,0
3,,7154,Al Badiea,city Riyadh Al Badiea district_1185,Resid.,Open,,,,,0.12,0.08,0,0,0,0,1,4,0,0,0,0,4,1,2,1,18,15,2,1,0,-17,0.03,0
3,,7161,Al Badiea,city Riyadh Al Badiea district_1192,Resid.,Open,,,,,0.07,0.05,0,0,0,0,1,5,0,0,0,0,5,1,2,2,12,7,2,3,0,-10,0.03,0
3,,7165,Al Badiea,city Riyadh Al Badiea district_1196,Resid.,Open,,,,,0.09,0.06,0,0,0,0,1,5,0,0,0,0,5,1,3,1,15,10,2,3,0,-12,0.03,0
3,,7176,Al Badiea,city Riyadh Al Badiea district_1613,Resid.,Open,,,,,0.1,0.07,0,0,0,0,1,14,0,0,0,0,14,1,10,3,18,10,3,5,0,-14,0.03,0
3,,7177,Al Badiea,city Riyadh Al Badiea district_1614,Resid.,Open,,,,,0.09,0.06,0,0,0,0,1,1,0,0,0,0,1,0,1,0,16,12,1,3,0,-13,0.03,YES
3,,7190,Al Fayha,city Riyadh Al Fayha district_363,Resid.,Open,,,,,0.14,0.09,0,0,0,0,1,1,0,0,0,0,1,0,1,0,19,18,1,0,0,-19,0.03,0
3,,7204,Al Fayha,city Riyadh Al Fayha district_377,Resid.,Open,,,,,0.05,0.03,0,0,0,0,1,3,0,0,0,0,3,0,3,0,7,6,1,0,0,-7,0.03,0
3,,7210,Al Fayha,city Riyadh Al Fayha district_383,Resid.,Open,,,,,0.07,0.05,0,0,0,0,1,5,0,0,0,0,5,1,3,1,12,9,2,1,0,-10,0.03,YES
3,,7219,Al Fayha,city Riyadh Al Fayha district_392,Resid.,Open,,,,,0.15,0.1,0,0,0,0,1,7,0,0,0,0,7,0,7,0,21,17,4,0,0,-21,0.03,0
3,,7227,Al Fayha,city Riyadh Al Fayha district_400,Resid.,Open,,,,,0.08,0.05,0,0,0,0,1,13,0,0,0,0,13,2,9,2,13,8,3,2,0,-11,0.03,0
3,,7233,Al Fayha,city Riyadh Al Fayha district_406,Resid.,Open,,,,,0.06,0.04,0,0,0,0,1,8,0,0,0,0,8,3,3,2,13,7,3,3,0,-9,0.03,0
3,,7236,Al Fayha,city Riyadh Al Fayha district_409,Resid.,Open,,,,,0.14,0.09,0,0,0,0,1,8,0,0,0,0,8,0,8,0,19,17,2,0,0,-19,0.03,0
3,,7237,Al Fayha,city Riyadh Al Fayha district_410,Resid.,Open,,,,,0.07,0.05,0,0,0,0,1,10,0,0,0,0,10,1,8,1,11,8,2,1,0,-10,0.03,0
3,,7238,Al Fayha,city Riyadh Al Fayha district_411,Resid.,Open,,,,,0.05,0.03,0,0,0,0,1,5,0,0,0,0,5,1,2,2,10,5,2,3,0,-7,0.03,0
3,,7497,Al Mahdiyah,city Riyadh Al Mahdiyah district_1025,Resid.,Open,,,,,0.14,0.09,0,0,0,0,1,10,0,0,0,0,10,0,8,2,21,17,2,2,0,-19,0.03,YES
3,,7499,Al Mahdiyah,city Riyadh Al Mahdiyah district_1027,Resid.,Open,,,,,0.12,0.08,0,0,0,0,1,10,0,0,0,0,10,1,6,3,23,16,2,5,0,-17,0.03,YES
3,,7506,Al Mahdiyah,city Riyadh Al Mahdiyah district_1034,Resid.,Open,,,,,0.06,0.04,0,0,0,0,1,9,0,0,0,0,9,0,9,0,11,7,2,2,0,-9,0.03,0
3,,7508,Al Mahdiyah,city Riyadh Al Mahdiyah district_1036,Resid.,Open,,,,,0.16,0.11,0,0,0,0,1,10,0,0,0,0,10,0,10,0,29,21,2,6,0,-23,0.03,YES
3,,7795,Al Qadisiyah,city Riyadh Al Qadisiyah district_111,Resid.,Open,,,,,0.07,0.05,0,0,0,0,1,4,0,0,0,0,4,0,4,0,10,9,1,0,0,-10,0.03,0
3,,7798,Al Qadisiyah,city Riyadh Al Qadisiyah district_114,Resid.,Open,,,,,0.09,0.06,0,0,0,0,1,5,0,0,0,0,5,2,2,1,16,12,2,2,0,-13,0.03,0
3,,7808,Al Qadisiyah,city Riyadh Al Qadisiyah district_64,Resid.,Open,,,,,0.06,0.04,0,0,0,0,1,9,0,0,0,0,9,2,3,4,13,6,3,4,0,-9,0.03,0
3,,7812,Al Qadisiyah,city Riyadh Al Qadisiyah district_68,Resid.,Open,,,,,0.09,0.06,0,0,0,0,1,5,0,0,0,0,5,2,2,1,17,12,2,3,0,-13,0.03,0
3,,8141,Al Shifa,city Riyadh Al Shifa district_280,Resid.,Open,,,,,0.17,0.11,0,0,0,0,1,10,0,0,0,0,10,1,7,2,28,21,2,5,0,-24,0.03,0
3,,8143,Al Shifa,city Riyadh Al Shifa district_282,Resid.,Open,,,,,0.13,0.09,0,0,0,0,1,5,0,0,0,0,5,1,3,1,23,16,3,4,0,-18,0.03,0
3,,8145,Al Shifa,city Riyadh Al Shifa district_284,Resid.,Open,,,,,0.31,0.2,0,0,0,0,1,10,0,0,0,0,10,0,7,3,44,37,3,4,0,-43,0.03,0
3,,8151,Al Shifa,city Riyadh Al Shifa district_290,Resid.,Open,,,,,0.08,0.05,0,0,0,0,1,1,0,0,0,0,1,0,1,0,11,10,1,0,0,-11,0.03,0
3,,8153,Al Shifa,city Riyadh Al Shifa district_292,Resid.,Open,,,,,0.06,0.04,0,0,0,0,1,2,0,0,0,0,2,0,2,0,9,7,2,0,0,-9,0.03,0
3,,8158,Al Shifa,city Riyadh Al Shifa district_297,Resid.,Open,,,,,0.06,0.04,0,0,0,0,1,2,0,0,0,0,2,0,2,0,10,7,2,1,0,-9,0.03,0
3,,8176,Al Shifa,city Riyadh Al Shifa district_315,Resid.,Open,,,,,0.06,0.04,0,0,0,0,1,6,0,0,0,0,6,1,4,1,12,7,2,3,0,-9,0.03,0
3,,8179,Al Shifa,city Riyadh Al Shifa district_318,Resid.,Open,,,,,0.26,0.17,0,0,0,0,1,4,0,0,0,0,4,1,2,1,41,36,1,4,0,-36,0.03,0
3,,8183,Al Shifa,city Riyadh Al Shifa district_322,Resid.,Open,,,,,0.06,0.04,0,0,0,0,1,8,0,0,0,0,8,3,3,2,14,7,3,4,0,-9,0.03,YES
3,,8191,Al Shifa,city Riyadh Al Shifa district_330,Resid.,Open,,,,,0.04,0.03,0,0,0,0,1,1,0,0,0,0,1,0,1,0,6,5,1,0,0,-6,0.03,0
3,,8193,Al Shifa,city Riyadh Al Shifa district_332,Resid.,Open,,,,,0.05,0.03,0,0,0,0,1,1,0,0,0,0,1,0,1,0,8,6,1,1,0,-7,0.03,0
3,,8194,Al Shifa,city Riyadh Al Shifa district_333,Resid.,Open,,,,,0.06,0.04,0,0,0,0,1,3,1,1,0,0,2,0,2,0,12,6,2,4,0,-7,0.03,0
3,,8195,Al Shifa,city Riyadh Al Shifa district_334,Resid.,Open,,,,,0.17,0.11,0,0,0,0,1,4,1,1,0,0,3,0,3,0,29,20,3,6,0,-22,0.03,0
3,,8197,Al Shifa,city Riyadh Al Shifa district_336,Resid.,Open,,,,,0.16,0.1,0,0,0,0,1,8,3,3,0,0,5,1,3,1,23,15,5,3,0,-17,0.03,0
3,,8214,Al Sulay,city Riyadh Al Sulay district_512,Mixed.,Open,,,,,0.04,0.03,0,0,0,0,1,2,0,0,0,0,2,0,2,0,6,5,1,0,0,-6,0.03,0
3,,8217,Al Sulay,city Riyadh Al Sulay district_515,Mixed.,Open,,,,,0.14,0.09,0,0,0,0,1,4,0,0,0,0,4,0,4,0,20,16,3,1,0,-19,0.03,0
3,,8220,Al Sulay,city Riyadh Al Sulay district_518,Mixed.,Open,,,,,0.09,0.06,0,0,0,0,1,10,0,0,0,0,10,0,7,3,13,8,2,3,0,-12,0.03,0
3,,8231,Al Sulay,city Riyadh Al Sulay district_529,Mixed.,Open,,,,,0.04,0.02,0,0,0,0,1,1,0,0,0,0,1,1,0,0,6,5,1,0,0,-5,0.03,0
3,,8236,Al Sulay,city Riyadh Al Sulay district_534,Mixed.,Open,,,,,0.09,0.06,0,0,0,0,1,2,0,0,0,0,2,0,2,0,13,10,2,1,0,-12,0.03,0
3,,8256,Al Sulay,city Riyadh Al Sulay district_554,Mixed.,Open,,,,,0.11,0.08,0,0,0,0,1,6,0,0,0,0,6,1,4,1,19,14,2,3,0,-16,0.03,0
3,,8259,Al Sulay,city Riyadh Al Sulay district_557,Mixed.,Open,,,,,0.09,0.06,0,0,0,0,1,3,0,0,0,0,3,0,3,0,13,10,3,0,0,-13,0.03,0
3,,8265,Al Sulay,city Riyadh Al Sulay district_620,Mixed.,Open,,,,,0.04,0.03,0,0,0,0,1,1,0,0,0,0,1,0,1,0,7,5,1,1,0,-6,0.03,0
3,,8291,Al Sulay,city Riyadh Al Sulay district_647,Mixed.,Open,,,,,0.05,0.03,0,0,0,0,1,2,0,0,0,0,2,0,1,1,7,5,1,1,0,-7,0.03,0
3,,8327,Al Sulay,city Riyadh Al Sulay district_683,Mixed.,Open,,,,,0.05,0.03,0,0,0,0,1,7,0,0,0,0,7,0,7,0,8,6,1,1,0,-7,0.03,0
3,,8329,Al Sulay,city Riyadh Al Sulay district_7,Mixed.,Open,,,,,0.16,0.1,0,0,0,0,1,11,0,0,0,0,11,0,9,2,22,19,1,2,0,-22,0.03,0
3,,8333,Al Suwaidi,city Riyadh Al Suwaidi district_1603,Resid.,Open,,,,,0.32,0.21,0,0,0,0,1,3,0,0,0,0,3,0,2,1,52,43,1,8,0,-45,0.03,YES
3,,8335,Al Suwaidi,city Riyadh Al Suwaidi district_226,Resid.,Open,,,,,0.09,0.06,0,0,0,0,1,10,0,0,0,0,10,2,6,2,18,10,3,5,0,-13,0.03,0
3,,8343,Al Suwaidi,city Riyadh Al Suwaidi district_26,Resid.,Open,,,,,0.1,0.07,0,0,0,0,1,4,0,0,0,0,4,0,4,0,17,13,1,3,0,-14,0.03,0
3,,8344,Al Suwaidi,city Riyadh Al Suwaidi district_27,Resid.,Open,,,,,0.07,0.05,0,0,0,0,1,3,0,0,0,0,3,0,2,1,13,8,1,4,0,-10,0.03,0
3,,8345,Al Suwaidi,city Riyadh Al Suwaidi district_28,Resid.,Open,,,,,0.08,0.05,0,0,0,0,1,1,0,0,0,0,1,0,1,0,13,10,1,2,0,-11,0.03,0
3,,8350,Al Suwaidi,city Riyadh Al Suwaidi district_33,Mixed.,Open,,,,,0.13,0.09,0,0,0,0,1,6,0,0,0,0,6,1,3,2,21,14,3,4,0,-18,0.03,0
3,,8353,Al Suwaidi,city Riyadh Al Suwaidi district_36,Resid.,Open,,,,,0.08,0.05,0,0,0,0,1,4,0,0,0,0,4,0,4,0,15,9,2,4,0,-11,0.03,0
3,,8360,Al Suwaidi,city Riyadh Al Suwaidi district_43,Mixed.,Open,,,,,0.08,0.05,0,0,0,0,1,4,0,0,0,0,4,0,4,0,12,9,2,1,0,-11,0.03,0
3,,8384,Al Suwaidi,city Riyadh Al Suwaidi district_67,Resid.,Open,,,,,0.14,0.09,0,0,0,0,1,5,0,0,0,0,5,0,5,0,21,18,1,2,0,-19,0.03,0
3,,8389,Al Suwaidi,city Riyadh Al Suwaidi district_72,Resid.,Open,,,,,0.16,0.11,0,0,0,0,1,6,0,0,0,0,6,0,4,2,24,21,1,2,0,-23,0.03,YES
3,,8393,Al Suwaidi,city Riyadh Al Suwaidi district_76,Mixed.,Open,,,,,0.3,0.2,0,0,0,0,1,15,0,0,0,0,15,1,7,7,50,35,2,13,0,-42,0.03,YES
3,,8402,Uraija,city Riyadh Al Uraija district_787,Resid.,Open,,,,,0.19,0.12,0,0,0,0,1,21,0,0,0,0,21,2,15,4,32,18,6,8,0,-26,0.03,0
3,,8405,Uraija,city Riyadh Al Uraija district_790,Resid.,Open,,,,,0.13,0.09,0,0,0,0,1,5,0,0,0,0,5,1,3,1,20,15,3,2,0,-18,0.03,0
3,,8754,Dhahrat Al Badiea,city Riyadh Dhahrat Al Badiea district_188,Resid.,Open,,,,,0.06,0.04,0,0,0,0,1,1,0,0,0,0,1,0,1,0,9,8,1,0,0,-9,0.03,YES
3,,8760,Dhahrat Al Badiea,city Riyadh Dhahrat Al Badiea district_194,Mixed.,Open,,,,,0.06,0.04,0,0,0,0,1,3,0,0,0,0,3,0,3,0,9,6,3,0,0,-9,0.03,YES
3,,8776,Dhahrat Al Badiea,city Riyadh Dhahrat Al Badiea district_209,Resid.,Open,,,,,0.09,0.06,0,0,0,0,1,5,0,0,0,0,5,0,4,1,13,10,2,1,0,-13,0.03,0
3,,8779,Dhahrat Al Badiea,city Riyadh Dhahrat Al Badiea district_212,Resid.,Open,,,,,0.09,0.06,0,0,0,0,1,2,0,0,0,0,2,0,2,0,12,10,2,0,0,-12,0.03,0
3,,8782,Dhahrat Al Badiea,city Riyadh Dhahrat Al Badiea district_215,Mixed.,Open,,,,,0.21,0.14,0,0,0,0,1,5,0,0,0,0,5,0,2,3,31,24,2,5,0,-29,0.03,0
3,,8784,Dhahrat Al Badiea,city Riyadh Dhahrat Al Badiea district_217,Resid.,Open,,,,,0.11,0.08,0,0,0,0,1,5,0,0,0,0,5,1,3,1,19,13,3,3,0,-16,0.03,0
3,,8797,Dhahrat Al Badiea,city Riyadh Dhahrat Al Badiea district_5,Mixed.,Open,,,,,0.06,0.04,0,0,0,0,1,2,0,0,0,0,2,0,1,1,10,8,1,1,0,-9,0.03,0
3,,9018,East Naseem,city Riyadh Eastern Al Naseem district_1084,Resid.,Open,,,,,0.19,0.13,0,0,0,0,1,7,0,0,0,0,7,2,2,3,29,24,2,3,0,-27,0.03,0
3,,9020,East Naseem,city Riyadh Eastern Al Naseem district_1087,Resid.,Open,,,,,0.24,0.16,0,0,0,0,1,12,0,0,0,0,12,1,7,4,35,29,2,4,0,-33,0.03,0
3,,9022,East Naseem,city Riyadh Eastern Al Naseem district_834,Resid.,Open,,,,,0.12,0.08,0,0,0,0,1,6,0,0,0,0,6,1,3,2,19,14,2,3,0,-17,0.03,0
3,,9023,East Naseem,city Riyadh Eastern Al Naseem district_835,Resid.,Open,,,,,0.16,0.1,0,0,0,0,1,2,0,0,0,0,2,0,2,0,22,20,2,0,0,-22,0.03,0
3,,9027,East Naseem,city Riyadh Eastern Al Naseem district_839,Resid.,Open,,,,,0.16,0.11,0,0,0,0,1,3,0,0,0,0,3,0,1,2,24,20,1,3,0,-23,0.03,0
3,,9033,East Naseem,city Riyadh Eastern Al Naseem district_845,Resid.,Open,,,,,0.04,0.03,0,0,0,0,1,2,0,0,0,0,2,0,1,1,7,4,1,2,0,-6,0.03,0
3,,9036,East Naseem,city Riyadh Eastern Al Naseem district_848,Resid.,Open,,,,,0.11,0.07,0,0,0,0,1,6,0,0,0,0,6,0,6,0,15,14,1,0,0,-15,0.03,0
3,,9040,East Naseem,city Riyadh Eastern Al Naseem district_852,Resid.,Open,,,,,0.15,0.1,0,0,0,0,1,5,0,0,0,0,5,0,2,3,25,18,1,6,0,-21,0.03,0
3,,9043,East Naseem,city Riyadh Eastern Al Naseem district_855,Resid.,Open,,,,,0.11,0.07,0,0,0,0,1,7,0,0,0,0,7,0,7,0,17,14,1,2,0,-15,0.03,0
3,,9046,East Naseem,city Riyadh Eastern Al Naseem district_858,Resid.,Open,,,,,0.13,0.09,0,0,0,0,1,11,0,0,0,0,11,1,6,4,23,16,2,5,0,-18,0.03,0
3,,9047,East Naseem,city Riyadh Eastern Al Naseem district_859,Resid.,Open,,,,,0.05,0.03,0,0,0,0,1,9,0,0,0,0,9,0,9,0,7,5,2,0,0,-7,0.03,0
3,,9050,East Naseem,city Riyadh Eastern Al Naseem district_862,Mixed.,Open,,,,,0.27,0.18,0,0,0,0,1,13,0,0,0,0,13,1,6,6,41,31,3,7,0,-38,0.03,0
3,,9052,East Naseem,city Riyadh Eastern Al Naseem district_864,Resid.,Open,,,,,0.21,0.14,0,0,0,0,1,9,0,0,0,0,9,0,4,5,31,24,1,6,0,-30,0.03,0
3,,9054,East Naseem,city Riyadh Eastern Al Naseem district_866,Resid.,Open,,,,,0.11,0.07,0,0,0,0,1,3,0,0,0,0,3,0,2,1,16,13,1,2,0,-15,0.03,0
3,,9056,East Naseem,city Riyadh Eastern Al Naseem district_868,Resid.,Open,,,,,0.1,0.07,0,0,0,0,1,9,0,0,0,0,9,1,7,1,16,12,2,2,0,-14,0.03,0
3,,9057,East Naseem,city Riyadh Eastern Al Naseem district_869,Resid.,Open,,,,,0.19,0.13,0,0,0,0,1,3,0,0,0,0,3,0,2,1,27,25,1,1,0,-27,0.03,0
3,,9060,East Naseem,city Riyadh Eastern Al Naseem district_872,Resid.,Open,,,,,0.06,0.04,0,0,0,0,1,9,0,0,0,0,9,0,7,2,10,7,1,2,0,-9,0.03,0
3,,9063,East Naseem,city Riyadh Eastern Al Naseem district_875,Resid.,Open,,,,,0.07,0.05,0,0,0,0,1,12,0,0,0,0,12,1,10,1,12,7,3,2,0,-10,0.03,0
3,,9065,East Naseem,city Riyadh Eastern Al Naseem district_877,Resid.,Open,,,,,0.08,0.05,0,0,0,0,1,7,0,0,0,0,7,0,6,1,11,9,1,1,0,-11,0.03,0
3,,9066,East Naseem,city Riyadh Eastern Al Naseem district_878,Resid.,Open,,,,,0.16,0.11,0,0,0,0,1,13,0,0,0,0,13,1,8,4,26,19,2,5,0,-23,0.03,0
3,,9067,East Naseem,city Riyadh Eastern Al Naseem district_879,Resid.,Open,,,,,0.14,0.09,0,0,0,0,1,3,0,0,0,0,3,0,3,0,19,17,2,0,0,-19,0.03,0
3,,9068,East Naseem,city Riyadh Eastern Al Naseem district_880,Resid.,Open,,,,,0.24,0.16,0,0,0,0,1,9,0,0,0,0,9,1,7,1,35,31,2,2,0,-33,0.03,0
3,,9073,East Naseem,city Riyadh Eastern Al Naseem district_885,Resid.,Open,,,,,0.14,0.09,0,0,0,0,1,5,0,0,0,0,5,1,2,2,23,16,2,5,0,-19,0.03,0
3,,9082,East Naseem,city Riyadh Eastern Al Naseem district_894,Resid.,Open,,,,,0.05,0.03,0,0,0,0,1,6,0,0,0,0,6,0,6,0,8,6,1,1,0,-7,0.03,0
3,,9086,East Naseem,city Riyadh Eastern Al Naseem district_898,Resid.,Open,,,,,0.31,0.21,0,0,0,0,1,5,0,0,0,0,5,0,2,3,45,39,2,4,0,-44,0.03,0
3,,9088,East Naseem,city Riyadh Eastern Al Naseem district_900,Resid.,Open,,,,,0.26,0.18,0,0,0,0,1,5,0,0,0,0,5,0,4,1,38,33,3,2,0,-37,0.03,0
3,,9091,East Naseem,city Riyadh Eastern Al Naseem district_903,Resid.,Open,,,,,0.15,0.1,0,0,0,0,1,2,0,0,0,0,2,0,1,1,22,19,1,2,0,-21,0.03,YES
3,,9092,East Naseem,city Riyadh Eastern Al Naseem district_904,Resid.,Open,,,,,0.19,0.13,0,0,0,0,1,3,0,0,0,0,3,0,3,0,29,25,2,2,0,-27,0.03,0
3,,9094,East Naseem,city Riyadh Eastern Al Naseem district_906,Resid.,Open,,,,,0.11,0.08,0,0,0,0,1,2,0,0,0,0,2,0,2,0,16,14,2,0,0,-16,0.03,0
3,,9095,East Naseem,city Riyadh Eastern Al Naseem district_907,Resid.,Open,,,,,0.05,0.03,0,0,0,0,1,3,0,0,0,0,3,0,2,1,8,6,1,1,0,-7,0.03,0
3,,9305,Oraija,city Riyadh Oraija middle district_727,Resid.,Open,,,,,0.14,0.09,0,0,0,0,1,10,0,0,0,0,10,0,10,0,22,14,5,3,0,-19,0.03,YES
3,,9308,Oraija,city Riyadh Oraija middle district_730,Resid.,Open,,,,,0.09,0.06,0,0,0,0,1,10,0,0,0,0,10,0,8,2,15,8,4,3,0,-13,0.03,0
3,,9310,Oraija,city Riyadh Oraija middle district_732,Resid.,Open,,,,,0.12,0.08,0,0,0,0,1,6,0,0,0,0,6,0,5,1,18,12,4,2,0,-17,0.03,0
3,,9314,Oraija,city Riyadh Oraija middle district_736,Resid.,Open,,,,,0.04,0.02,0,0,0,0,1,2,0,0,0,0,2,0,2,0,5,4,1,0,0,-5,0.03,0
3,,9321,Oraija,city Riyadh Oraija middle district_743,Resid.,Open,,,,,0.06,0.04,0,0,0,0,1,6,0,0,0,0,6,1,3,2,9,5,2,2,0,-8,0.03,0
3,,9322,Oraija,city Riyadh Oraija middle district_744,Resid.,Open,,,,,0.14,0.09,0,0,0,0,1,11,0,0,0,0,11,1,7,3,27,13,5,9,0,-19,0.03,0
3,,9324,Oraija,city Riyadh Oraija middle district_746,Resid.,Open,,,,,0.11,0.08,0,0,0,0,1,13,0,0,0,0,13,2,8,3,23,13,3,7,0,-16,0.03,YES
3,,9325,Oraija,city Riyadh Oraija middle district_747,Resid.,Open,,,,,0.14,0.1,0,0,0,0,1,9,0,0,0,0,9,0,8,1,22,14,5,3,0,-20,0.03,YES
3,,9326,Oraija,city Riyadh Oraija middle district_748,Resid.,Open,,,,,0.04,0.02,0,0,0,0,1,1,0,0,0,0,1,0,1,0,6,4,1,1,0,-5,0.03,0
3,,9327,Oraija,city Riyadh Oraija middle district_749,Resid.,Open,,,,,0.04,0.02,0,0,0,0,1,1,0,0,0,0,1,0,1,0,5,4,1,0,0,-5,0.03,0
3,,9328,Oraija,city Riyadh Oraija middle district_750,Resid.,Open,,,,,0.06,0.04,0,0,0,0,1,8,0,0,0,0,8,0,7,1,9,6,2,1,0,-9,0.03,0
3,,9336,Oraija,city Riyadh Oraija middle district_758,Resid.,Open,,,,,0.12,0.08,0,0,0,0,1,9,0,0,0,0,9,1,6,2,19,12,5,2,0,-17,0.03,0
3,,9345,Oraija,city Riyadh Oraija middle district_767,Resid.,Open,,,,,0.14,0.1,0,0,0,0,1,6,0,0,0,0,6,0,5,1,23,15,4,4,0,-20,0.03,0
3,,9347,Oraija,city Riyadh Oraija middle district_769,Resid.,Open,,,,,0.04,0.02,0,0,0,0,1,1,0,0,0,0,1,0,1,0,5,4,1,0,0,-5,0.03,0
3,,9355,Oraija,city Riyadh Oraija middle district_777,Resid.,Open,,,,,0.14,0.1,0,0,0,0,1,7,0,0,0,0,7,1,4,2,25,15,4,6,0,-20,0.03,YES
3,,9358,Oraija,city Riyadh Oraija middle district_780,Resid.,Open,,,,,0.05,0.03,0,0,0,0,1,2,0,0,0,0,2,0,2,0,7,5,2,0,0,-7,0.03,0
3,,9670,West Suwaidi,city Riyadh West Suwaidi district_265,Mixed.,Open,,,,,0.11,0.08,0,0,0,0,1,14,6,0,6,0,8,2,4,2,19,10,7,2,0,-10,0.03,0
3,,9686,West Suwaidi,city Riyadh West Suwaidi district_281,Resid.,Open,,,,,0.1,0.07,0,0,0,0,1,1,0,0,0,0,1,0,1,0,15,13,1,1,0,-14,0.03,0
3,,9690,West Suwaidi,city Riyadh West Suwaidi district_285,Resid.,Open,,,,,0.06,0.04,0,0,0,0,1,9,0,0,0,0,9,0,9,0,9,7,2,0,0,-9,0.03,0
3,,9691,West Suwaidi,city Riyadh West Suwaidi district_286,Mixed.,Open,,,,,0.3,0.2,0,0,0,0,1,3,0,0,0,0,3,0,1,2,43,39,1,3,0,-42,0.03,0
3,,9693,West Suwaidi,city Riyadh West Suwaidi district_288,Resid.,Open,,,,,0.11,0.08,0,0,0,0,1,6,0,0,0,0,6,1,3,2,20,14,2,4,0,-16,0.03,0
3,,9697,West Suwaidi,city Riyadh West Suwaidi district_292,Resid.,Open,,,,,0.06,0.04,0,0,0,0,1,8,0,0,0,0,8,0,7,1,8,5,2,1,0,-8,0.03,0
3,,9700,West Suwaidi,city Riyadh West Suwaidi district_295,Resid.,Open,,,,,0.19,0.13,0,0,0,0,1,2,0,0,0,0,2,0,1,1,28,26,1,1,0,-27,0.03,0
3,,9706,West Suwaidi,city Riyadh West Suwaidi district_301,Resid.,Open,,,,,0.14,0.09,0,0,0,0,1,6,0,0,0,0,6,0,4,2,20,14,3,3,0,-19,0.03,0
3,,9708,West Suwaidi,city Riyadh West Suwaidi district_303,Resid.,Open,,,,,0.19,0.12,0,0,0,0,1,8,0,0,0,0,8,0,6,2,32,23,1,8,0,-26,0.03,0
3,,9711,West Suwaidi,city Riyadh West Suwaidi district_306,Resid.,Open,,,,,0.19,0.12,0,0,0,0,1,4,0,0,0,0,4,0,3,1,28,23,2,3,0,-26,0.03,0
3,,9712,West Suwaidi,city Riyadh West Suwaidi district_307,Resid.,Open,,,,,0.05,0.03,0,0,0,0,1,7,2,0,2,0,5,2,3,0,9,6,3,0,0,-7,0.03,0
3,,9715,West Suwaidi,city Riyadh West Suwaidi district_310,Resid.,Open,,,,,0.04,0.03,0,0,0,0,1,1,0,0,0,0,1,0,1,0,7,5,1,1,0,-6,0.03,0
3,,9722,Western Al Naseem,city Riyadh Western Al Naseem district_101,Resid.,Open,,,,,0.21,0.14,0,0,0,0,1,10,0,0,0,0,10,0,7,3,32,25,2,5,0,-30,0.03,YES
3,,9728,Western Al Naseem,city Riyadh Western Al Naseem district_107,Resid.,Open,,,,,0.15,0.1,0,0,0,0,1,7,0,0,0,0,7,0,3,4,24,17,1,6,0,-21,0.03,0
3,,9729,Western Al Naseem,city Riyadh Western Al Naseem district_108,Resid.,Open,,,,,0.08,0.05,0,0,0,0,1,7,0,0,0,0,7,0,7,0,13,10,1,2,0,-11,0.03,0
3,,9733,Western Al Naseem,city Riyadh Western Al Naseem district_111,Resid.,Open,,,,,0.14,0.09,0,0,0,0,1,1,0,0,0,0,1,0,1,0,23,18,1,4,0,-19,0.03,YES
3,,9734,Western Al Naseem,city Riyadh Western Al Naseem district_112,Resid.,Open,,,,,0.09,0.06,0,0,0,0,1,4,0,0,0,0,4,0,3,1,13,10,1,2,0,-12,0.03,0
3,,9736,Western Al Naseem,city Riyadh Western Al Naseem district_114,Resid.,Open,,,,,0.12,0.08,0,0,0,0,1,10,0,0,0,0,10,0,8,2,19,13,2,4,0,-17,0.03,YES
3,,9741,Western Al Naseem,city Riyadh Western Al Naseem district_119,Resid.,Open,,,,,0.06,0.04,0,0,0,0,1,4,0,0,0,0,4,1,2,1,12,7,2,3,0,-9,0.03,0
3,,9742,Western Al Naseem,city Riyadh Western Al Naseem district_120,Resid.,Open,,,,,0.11,0.07,0,0,0,0,1,4,0,0,0,0,4,0,2,2,17,12,1,4,0,-15,0.03,0
3,,9749,Western Al Naseem,city Riyadh Western Al Naseem district_127,Resid.,Open,,,,,0.06,0.04,0,0,0,0,1,5,0,0,0,0,5,1,2,2,9,5,2,2,0,-8,0.03,0
3,,9754,Western Al Naseem,city Riyadh Western Al Naseem district_132,Resid.,Open,,,,,0.21,0.14,0,0,0,0,1,12,0,0,0,0,12,0,9,3,34,25,2,7,0,-29,0.03,0
3,,9755,Western Al Naseem,city Riyadh Western Al Naseem district_133,Resid.,Open,,,,,0.04,0.03,0,0,0,0,1,1,0,0,0,0,1,0,1,0,6,5,1,0,0,-6,0.03,0
3,,9764,Western Al Naseem,city Riyadh Western Al Naseem district_142,Resid.,Open,,,,,0.11,0.07,0,0,0,0,1,1,0,0,0,0,1,0,1,0,16,14,1,1,0,-15,0.03,0
3,,9767,Western Al Naseem,city Riyadh Western Al Naseem district_145,Resid.,Open,,,,,0.07,0.05,0,0,0,0,1,6,0,0,0,0,6,0,6,0,11,9,1,1,0,-10,0.03,0
3,,9768,Western Al Naseem,city Riyadh Western Al Naseem district_146,Resid.,Open,,,,,0.04,0.02,0,0,0,0,1,2,0,0,0,0,2,0,2,0,6,4,1,1,0,-5,0.03,0
3,,9770,Western Al Naseem,city Riyadh Western Al Naseem district_148,Resid.,Open,,,,,0.06,0.04,0,0,0,0,1,7,0,0,0,0,7,0,7,0,10,7,2,1,0,-9,0.03,0
3,,9776,Western Al Naseem,city Riyadh Western Al Naseem district_154,Mixed.,Open,,,,,0.24,0.16,0,0,0,0,1,13,0,0,0,0,13,2,8,3,39,30,4,5,0,-34,0.03,0
3,,9779,Western Al Naseem,city Riyadh Western Al Naseem district_157,Resid.,Open,,,,,0.04,0.03,0,0,0,0,1,7,0,0,0,0,7,0,6,1,7,4,1,2,0,-6,0.03,0
3,,9780,Western Al Naseem,city Riyadh Western Al Naseem district_158,Resid.,Open,,,,,0.11,0.08,0,0,0,0,1,9,0,0,0,0,9,1,6,2,18,12,3,3,0,-16,0.03,YES
3,,9781,Western Al Naseem,city Riyadh Western Al Naseem district_159,Resid.,Open,,,,,0.15,0.1,0,0,0,0,1,6,0,0,0,0,6,0,6,0,22,20,1,1,0,-21,0.03,0
3,,9791,Western Al Naseem,city Riyadh Western Al Naseem district_169,Resid.,Open,,,,,0.14,0.1,0,0,0,0,1,2,0,0,0,0,2,0,2,0,22,19,2,1,0,-20,0.03,0
3,,9794,Western Al Naseem,city Riyadh Western Al Naseem district_172,Resid.,Open,,,,,0.13,0.09,0,0,0,0,1,4,0,0,0,0,4,0,3,1,22,16,1,5,0,-18,0.03,0
3,,9795,Western Al Naseem,city Riyadh Western Al Naseem district_173,Resid.,Open,,,,,0.19,0.12,0,0,0,0,1,10,0,0,0,0,10,1,7,2,32,23,2,7,0,-26,0.03,0
3,,9796,Western Al Naseem,city Riyadh Western Al Naseem district_174,Resid.,Open,,,,,0.12,0.08,0,0,0,0,1,7,0,0,0,0,7,1,4,2,18,13,3,2,0,-17,0.03,0
3,,9807,Western Al Naseem,city Riyadh Western Al Naseem district_185,Resid.,Open,,,,,0.09,0.06,0,0,0,0,1,15,0,0,0,0,15,1,11,3,13,8,3,2,0,-12,0.03,0
3,,9808,Western Al Naseem,city Riyadh Western Al Naseem district_186,Resid.,Open,,,,,0.04,0.03,0,0,0,0,1,5,0,0,0,0,5,2,2,1,9,5,2,2,0,-6,0.03,0
3,,9812,Western Al Naseem,city Riyadh Western Al Naseem district_190,Resid.,Open,,,,,0.09,0.06,0,0,0,0,1,2,0,0,0,0,2,0,1,1,13,11,1,1,0,-13,0.03,0
3,,9813,Western Al Naseem,city Riyadh Western Al Naseem district_191,Resid.,Open,,,,,0.05,0.03,0,0,0,0,1,7,0,0,0,0,7,0,7,0,7,6,1,0,0,-7,0.03,0
3,,9822,Western Al Naseem,city Riyadh Western Al Naseem district_200,Resid.,Open,,,,,0.09,0.06,0,0,0,0,1,7,0,0,0,0,7,1,3,3,16,10,1,5,0,-13,0.03,0
3,,9826,Western Al Naseem,city Riyadh Western Al Naseem district_75,Resid.,Open,,,,,0.11,0.08,0,0,0,0,1,2,0,0,0,0,2,0,1,1,19,15,1,3,0,-16,0.03,0
3,,9830,Western Al Naseem,city Riyadh Western Al Naseem district_79,Resid.,Open,,,,,0.12,0.08,0,0,0,0,1,11,0,0,0,0,11,0,9,2,19,15,1,3,0,-17,0.03,YES
3,,9834,Western Al Naseem,city Riyadh Western Al Naseem district_83,Resid.,Open,,,,,0.18,0.12,0,0,0,0,1,2,0,0,0,0,2,0,1,1,29,23,1,5,0,-25,0.03,YES
3,,9835,Western Al Naseem,city Riyadh Western Al Naseem district_84,Resid.,Open,,,,,0.08,0.05,0,0,0,0,1,2,0,0,0,0,2,1,1,0,14,10,2,2,0,-11,0.03,0
3,,9840,Western Al Naseem,city Riyadh Western Al Naseem district_89,Mixed.,Open,,,,,0.15,0.1,0,0,0,0,1,13,9,0,9,0,4,0,4,0,25,14,7,4,0,-12,0.03,YES
3,,9842,Western Al Naseem,city Riyadh Western Al Naseem district_91,Resid.,Open,,,,,0.12,0.08,0,0,0,0,1,9,2,0,2,0,7,0,7,0,18,11,6,1,0,-15,0.03,YES
3,,9843,Western Al Naseem,city Riyadh Western Al Naseem district_92,Resid.,Open,,,,,0.11,0.08,0,0,0,0,1,9,0,0,0,0,9,1,7,1,20,14,2,4,0,-16,0.03,0
3,,9844,Western Al Naseem,city Riyadh Western Al Naseem district_93,Mixed.,Open,,,,,0.21,0.14,0,0,0,0,1,11,0,0,0,0,11,0,10,1,35,27,2,6,0,-30,0.03,0
3,,9846,Western Al Naseem,city Riyadh Western Al Naseem district_95,Mixed.,Open,,,,,0.18,0.12,0,0,0,0,1,16,0,0,0,0,16,2,12,2,28,20,5,3,0,-25,0.03,0
3,,9851,Oraija,city Riyadh Oraija district_604,Mixed.,Open,,,,,0.13,0.09,0,0,0,0,1,1,0,0,0,0,1,0,1,0,18,17,1,0,0,-18,0.03,YES
3,,9852,Oraija,city Riyadh Oraija district_605,Resid.,Open,,,,,0.19,0.12,0,0,0,0,1,4,0,0,0,0,4,0,3,1,28,23,2,3,0,-26,0.03,YES
3,,9853,Oraija,city Riyadh Oraija district_606,Resid.,Open,,,,,0.06,0.04,0,0,0,0,1,8,0,0,0,0,8,1,5,2,11,6,2,3,0,-9,0.03,0
3,,9857,Oraija,city Riyadh Oraija district_610,Resid.,Open,,,,,0.13,0.09,0,0,0,0,1,6,0,0,0,0,6,1,5,0,21,17,2,2,0,-18,0.03,YES
3,,9864,Oraija,city Riyadh Oraija district_623,Mixed.,Open,,,,,0.21,0.14,0,0,0,0,1,5,0,0,0,0,5,0,5,0,30,28,2,0,0,-30,0.03,0
3,,9871,Oraija,city Riyadh Oraija district_651,Resid.,Open,,,,,0.13,0.09,0,0,0,0,1,3,0,0,0,0,3,0,3,0,19,15,3,1,0,-18,0.03,0
3,,9876,Oraija,city Riyadh Oraija district_656,Resid.,Open,,,,,0.11,0.08,0,0,0,0,1,13,0,0,0,0,13,3,4,6,22,12,3,7,0,-16,0.03,0
3,,9883,Oraija,city Riyadh Oraija district_663,Resid.,Open,,,,,0.06,0.04,0,0,0,0,1,1,0,0,0,0,1,0,1,0,9,8,1,0,0,-9,0.03,0
3,,9887,Oraija,city Riyadh Oraija district_667,Resid.,Open,,,,,0.12,0.08,0,0,0,0,1,4,0,0,0,0,4,1,1,2,21,15,1,5,0,-17,0.03,0
3,,9892,Oraija,city Riyadh Oraija district_672,Resid.,Open,,,,,0.05,0.03,0,0,0,0,1,4,0,0,0,0,4,1,2,1,9,5,2,2,0,-7,0.03,0
3,,9895,Oraija,city Riyadh Oraija district_675,Resid.,Open,,,,,0.18,0.12,0,0,0,0,1,2,0,0,0,0,2,0,1,1,26,23,1,2,0,-25,0.03,YES
3,,9903,Oraija,city Riyadh Oraija district_683,Mixed.,Open,,,,,0.09,0.06,0,0,0,0,1,7,0,0,0,0,7,0,3,4,14,9,1,4,0,-12,0.03,0
3,,9904,Oraija,city Riyadh Oraija district_684,Resid.,Open,,,,,0.05,0.03,0,0,0,0,1,5,0,0,0,0,5,0,3,2,10,5,2,3,0,-7,0.03,0
3,,9905,Oraija,city Riyadh Oraija district_685,Resid.,Open,,,,,0.13,0.09,0,0,0,0,1,7,0,0,0,0,7,0,3,4,19,13,1,5,0,-18,0.03,0
3,,9908,Oraija,city Riyadh Oraija district_688,Resid.,Open,,,,,0.11,0.08,0,0,0,0,1,9,0,0,0,0,9,0,8,1,16,13,2,1,0,-16,0.03,0
3,,9917,Oraija,city Riyadh Oraija district_697,Resid.,Open,,,,,0.14,0.1,0,0,0,0,1,8,0,0,0,0,8,1,4,3,24,14,4,6,0,-20,0.03,0
3,,9921,Oraija,city Riyadh Oraija district_701,Resid.,Open,,,,,0.05,0.03,0,0,0,0,1,1,0,0,0,0,1,0,1,0,9,6,1,2,0,-7,0.03,0
3,,9935,Oraija,city Riyadh Oraija district_715,Resid.,Open,,,,,0.05,0.03,0,0,0,0,1,3,0,0,0,0,3,0,1,2,9,6,1,2,0,-7,0.03,0
3,,9936,Oraija,city Riyadh Oraija district_716,Resid.,Open,,,,,0.14,0.09,0,0,0,0,1,10,0,0,0,0,10,1,5,4,26,14,4,8,0,-19,0.03,0
3,,9968,Eshbilia,Ishbiliyah district_12,Resid.,Open,,,,,0.09,0.06,0,0,0,0,1,4,0,0,0,0,4,0,3,1,16,11,2,3,0,-13,0.03,0
3,,9971,Eshbilia,Ishbiliyah district_15,Resid.,Open,,,,,0.08,0.05,0,0,0,0,1,6,0,0,0,0,6,0,5,1,14,9,2,3,0,-11,0.03,0
3,,9974,Eshbilia,Ishbiliyah district_18,Resid.,Open,,,,,0.05,0.03,0,0,0,0,1,6,0,0,0,0,6,0,6,0,8,6,1,1,0,-7,0.03,0
3,,9978,Eshbilia,Ishbiliyah district_21,Resid.,Open,,,,,0.2,0.13,0,0,0,0,1,9,0,0,0,0,9,1,7,1,35,26,2,7,0,-28,0.03,YES
3,,9980,Eshbilia,Ishbiliyah district_23,Resid.,Open,,,,,0.12,0.08,0,0,0,0,1,7,0,0,0,0,7,1,3,3,22,14,3,5,0,-17,0.03,0
3,,9985,Eshbilia,Ishbiliyah district_28,Resid.,Open,,,,,0.22,0.15,0,0,0,0,1,9,0,0,0,0,9,1,7,1,38,25,6,7,0,-31,0.03,0
3,,9989,Eshbilia,Ishbiliyah district_31,Resid.,Open,,,,,0.21,0.14,0,0,0,0,1,6,0,0,0,0,6,0,6,0,34,25,6,3,0,-30,0.03,YES
3,,9992,Eshbilia,Ishbiliyah district_34,Resid.,Open,,,,,0.07,0.05,0,0,0,0,1,2,0,0,0,0,2,0,2,0,11,8,2,1,0,-10,0.03,0
3,,9997,Eshbilia,Ishbiliyah district_39,Resid.,Open,,,,,0.1,0.07,0,0,0,0,1,2,0,0,0,0,2,0,1,1,15,13,1,1,0,-14,0.03,0
3,,10004,Eshbilia,Ishbiliyah district_45,Resid.,Open,,,,,0.14,0.09,0,0,0,0,1,17,0,0,0,0,17,2,12,3,23,14,5,4,0,-19,0.03,0
3,,10009,Eshbilia,Ishbiliyah district_6,Resid.,Off-Plan,surveyor3,,"March 16, 25","March 16, 25",0.21,0.14,0,0,0,0,1,3,1,0,1,0,2,0,2,0,31,26,3,2,0,-28,0.03,YES
3,,10161,Oraija,RUH_Oraija _09,Mixed.,Open,,,,,0.2,0.13,0,0,0,0,1,13,0,0,0,0,13,2,4,7,34,22,3,9,0,-28,0.03,0
3,,10172,Oraija,RUH_Oraija_10,Resid.,Open,,,,,0.04,0.03,0,0,0,0,1,1,0,0,0,0,1,0,1,0,6,5,1,0,0,-6,0.03,0
3,,10173,Oraija,RUH_Oraija_11,Resid.,Open,,,,,0.04,0.03,0,0,0,0,1,6,0,0,0,0,6,0,5,1,9,5,1,3,0,-6,0.03,0
3,,10174,Oraija,RUH_Oraija_12,Resid.,Open,,,,,0.06,0.04,0,0,0,0,1,2,0,0,0,0,2,0,2,0,9,6,2,1,0,-8,0.03,0
3,,5262,Al Rafiha,city Riyadh Al Rafiha district_1171,Mixed.,Open,,,,,0.16,0.11,1,0,0,0,1,15,0,0,0,0,15,1,10,4,30,16,5,9,0,-23,0,0
3,,6607,Al Munisiyah,Al Munisiyah district_260,Mixed.,Open,,,,,0.09,0.06,0,0,0,0,1,6,0,0,0,0,6,0,6,0,14,11,1,2,0,-12,0,0
3,,5250,Al Rafiha,city Riyadh Al Rafiha district_1159,Mixed.,Open,,,,,0.09,0.06,1,0,0,0,0,8,1,0,1,0,7,0,5,2,14,10,2,2,0,-11,0,0
3,,9084,East Naseem,city Riyadh Eastern Al Naseem district_896,Resid.,Open,,,,,0.16,0.1,1,0,0,0,0,4,0,0,0,0,4,0,2,2,23,19,1,3,0,-22,0,0
3,,9890,Oraija,city Riyadh Oraija district_670,Resid.,Open,,,,,0.05,0.03,1,0,0,0,0,5,0,0,0,0,5,1,3,1,8,5,2,1,0,-7,0,0
3,,6589,Al Munisiyah,Al Munisiyah district_242,Resid.,Open,,,,,0.1,0.07,0,0,0,0,0,8,0,0,0,0,8,1,4,3,17,12,2,3,0,-14,0,0
3,,5824,Al Aziziyah,Al Aziziyah district_107,Resid.,Open,,,,,0.1,0.07,0,0,0,0,0,7,0,0,0,0,7,0,7,0,14,12,2,0,0,-14,0,0
3,,5825,Al Aziziyah,Al Aziziyah district_108,Resid.,Open,,,,,0.18,0.12,0,0,0,0,0,2,0,0,0,0,2,0,1,1,28,24,1,3,0,-25,0,0
3,,5828,Al Aziziyah,Al Aziziyah district_111,Resid.,Open,,,,,0.08,0.05,0,0,0,0,0,3,0,0,0,0,3,1,1,1,12,10,1,1,0,-11,0,0
3,,5831,Al Aziziyah,Al Aziziyah district_114,Resid.,Open,,,,,0.04,0.02,0,0,0,0,0,5,0,0,0,0,5,1,3,1,6,3,2,1,0,-5,0,0
3,,5832,Al Aziziyah,Al Aziziyah district_115,Resid.,Open,,,,,0.09,0.06,0,0,0,0,0,4,0,0,0,0,4,0,2,2,14,9,1,4,0,-12,0,0
3,,5833,Al Aziziyah,Al Aziziyah district_116,Resid.,Open,,,,,0.02,0.01,0,0,0,0,0,3,0,0,0,0,3,1,1,1,4,2,1,1,0,-3,0,0
3,,5835,Al Aziziyah,Al Aziziyah district_118,Com,Open,,,,,0.09,0.06,0,0,0,0,0,1,0,0,0,0,1,0,1,0,14,12,1,1,0,-13,0,0
3,,5836,Al Aziziyah,Al Aziziyah district_119,Com,Open,,,,,0.03,0.02,0,0,0,0,0,4,0,0,0,0,4,0,4,0,4,3,1,0,0,-4,0,0
3,,5838,Al Aziziyah,Al Aziziyah district_121,Com,Open,,,,,0.07,0.05,0,0,0,0,0,2,0,0,0,0,2,0,2,0,10,9,1,0,0,-10,0,0
3,,5840,Al Aziziyah,Al Aziziyah district_123,Resid.,Open,,,,,0.06,0.04,0,0,0,0,0,0,0,0,0,0,0,0,0,0,8,8,0,0,0,-8,0,0
3,,5843,Al Aziziyah,Al Aziziyah district_126,Resid.,Open,,,,,0.16,0.11,0,0,0,0,0,6,0,0,0,0,6,1,3,2,24,19,3,2,0,-23,0,0
3,,5848,Al Aziziyah,Al Aziziyah district_131,Resid.,Open,,,,,0.04,0.03,0,0,0,0,0,3,0,0,0,0,3,1,1,1,7,5,1,1,0,-6,0,0
3,,5849,Al Aziziyah,Al Aziziyah district_132,Resid.,Open,,,,,0.1,0.07,0,0,0,0,0,2,0,0,0,0,2,0,0,2,17,14,0,3,0,-14,0,0
3,,5850,Al Aziziyah,Al Aziziyah district_133,Com,Open,,,,,0.09,0.06,0,0,0,0,0,10,0,0,0,0,10,2,5,3,16,10,3,3,0,-13,0,0
3,,5858,Al Aziziyah,Al Aziziyah district_141,Resid.,Open,,,,,0.03,0.02,0,0,0,0,0,0,0,0,0,0,0,0,0,0,5,4,0,1,0,-4,0,0
3,,5861,Al Aziziyah,Al Aziziyah district_148,Com,Open,,,,,0.06,0.04,0,0,0,0,0,2,0,0,0,0,2,0,2,0,8,6,2,0,0,-8,0,0
3,,5863,Al Aziziyah,Al Aziziyah district_150,Com,Open,,,,,0.04,0.02,0,0,0,0,0,3,0,0,0,0,3,0,2,1,7,4,1,2,0,-5,0,0
3,,5866,Al Aziziyah,Al Aziziyah district_153,Resid.,Open,,,,,0.04,0.02,0,0,0,0,0,2,0,0,0,0,2,0,0,2,7,5,0,2,0,-5,0,0
3,,5870,Al Aziziyah,Al Aziziyah district_157,Com,Open,,,,,0.24,0.16,0,0,0,0,0,8,0,0,0,0,8,1,5,2,35,29,3,3,0,-33,0,0
3,,5873,Al Aziziyah,Al Aziziyah district_160,Com,Open,,,,,0.12,0.08,0,0,0,0,0,3,0,0,0,0,3,1,1,1,19,16,1,2,0,-17,0,0
3,,5877,Al Aziziyah,Al Aziziyah district_164,Com,Open,,,,,0.12,0.08,0,0,0,0,0,5,0,0,0,0,5,0,1,4,19,13,1,5,0,-17,0,0
3,,5888,Al Aziziyah,Al Aziziyah district_175,Resid.,Open,,,,,0.02,0.01,0,0,0,0,0,0,0,0,0,0,0,0,0,0,3,3,0,0,0,-3,0,0
3,,5889,Al Aziziyah,Al Aziziyah district_176,Resid.,Open,,,,,0.03,0.02,0,0,0,0,0,3,0,0,0,0,3,1,1,1,5,3,1,1,0,-4,0,0
3,,5893,Al Aziziyah,Al Aziziyah district_180,Resid.,Open,,,,,0.03,0.02,0,0,0,0,0,2,0,0,0,0,2,0,2,0,5,3,1,1,0,-4,0,0
3,,5898,Al Aziziyah,Al Aziziyah district_2,Com,Open,,,,,0.14,0.09,0,0,0,0,0,9,0,0,0,0,9,1,5,3,21,14,3,4,0,-19,0,0
3,,5907,Al Aziziyah,Al Aziziyah district_426,Resid.,Open,,,,,0.07,0.05,0,0,0,0,0,5,0,0,0,0,5,1,2,2,12,9,1,2,0,-10,0,0
3,,5908,Al Aziziyah,Al Aziziyah district_430,Resid.,Open,,,,,0.04,0.02,0,0,0,0,0,4,0,0,0,0,4,1,2,1,6,3,2,1,0,-5,0,0
3,,5912,Al Aziziyah,Al Aziziyah district_444,Resid.,,,,,,0.26,0.17,0,0,0,0,0,5,0,0,0,0,5,0,4,1,43,34,2,7,0,-36,0,0
3,,5914,Al Aziziyah,Al Aziziyah district_446,Com,,,,,,0.1,0.07,0,0,0,0,0,1,0,0,0,0,1,0,1,0,14,13,1,0,0,-14,0,0
3,,5916,Al Aziziyah,Al Aziziyah district_448,Resid.,Open,,,,,0.09,0.06,0,0,0,0,0,10,0,0,0,0,10,2,6,2,16,8,4,4,0,-12,0,0
3,,5919,Al Aziziyah,Al Aziziyah district_455,Resid.,Open,,,,,0.02,0.01,0,0,0,0,0,0,0,0,0,0,0,0,0,0,3,3,0,0,0,-3,0,0
3,,5924,Al Aziziyah,Al Aziziyah district_469,Resid.,Open,,,,,0.11,0.08,0,0,0,0,0,8,0,0,0,0,8,2,4,2,21,12,4,5,0,-16,0,0
3,,5925,Al Aziziyah,Al Aziziyah district_470,Resid.,Open,,,,,0.03,0.02,0,0,0,0,0,0,0,0,0,0,0,0,0,0,4,4,0,0,0,-4,0,0
3,,5926,Al Aziziyah,Al Aziziyah district_471,Resid.,Open,,,,,0.06,0.04,0,0,0,0,0,4,0,0,0,0,4,1,2,1,10,7,2,1,0,-9,0,0
3,,5927,Al Aziziyah,Al Aziziyah district_472,Resid.,Open,,,,,0.03,0.02,0,0,0,0,0,1,0,0,0,0,1,0,0,1,5,4,0,1,0,-4,0,0
3,,5930,Al Aziziyah,Al Aziziyah district_475,Resid.,Open,,,,,0.02,0.01,0,0,0,0,0,3,0,0,0,0,3,1,1,1,4,2,1,1,0,-3,0,0
3,,5932,Al Aziziyah,Al Aziziyah district_477,Resid.,Open,,,,,0.16,0.1,0,0,0,0,0,2,0,0,0,0,2,0,0,2,24,22,0,2,0,-22,0,YES
3,,5938,Al Aziziyah,Al Aziziyah district_483,Resid.,Open,,,,,0.02,0.01,0,0,0,0,0,6,0,0,0,0,6,1,1,4,7,2,1,4,0,-3,0,0
3,,5939,Al Aziziyah,Al Aziziyah district_484,Resid.,Open,,,,,0.05,0.03,0,0,0,0,0,3,0,0,0,0,3,1,1,1,8,6,1,1,0,-7,0,0
3,,5950,Al Aziziyah,Al Aziziyah district_89,Com,Open,,,,,0.09,0.06,0,0,0,0,0,5,0,0,0,0,5,0,5,0,14,11,2,1,0,-13,0,0
3,,5951,Al Aziziyah,Al Aziziyah district_90,Com,Open,,,,,0.29,0.19,0,0,0,0,0,4,0,0,0,0,4,0,4,0,40,39,1,0,0,-40,0,0
3,,5953,Al Aziziyah,Al Aziziyah district_92,Com,Open,,,,,0.03,0.02,0,0,0,0,0,2,0,0,0,0,2,0,2,0,4,3,1,0,0,-4,0,0
3,,5956,Al Aziziyah,Al Aziziyah district_95,Com,Open,,,,,0.11,0.07,0,0,0,0,0,4,0,0,0,0,4,0,4,0,17,14,1,2,0,-15,0,0
3,,6266,Al Khaleej,Al Khaleej district_2,Resid.,Open,,,,,0.06,0.04,0,0,0,0,0,2,0,0,0,0,2,0,0,2,10,7,0,3,0,-9,0,0
3,,6267,Al Khaleej,Al Khaleej district_204,Resid.,Open,,,,,0.34,0.22,0,0,0,0,0,15,0,0,0,0,15,2,8,5,54,39,6,9,0,-47,0,YES
3,,6269,Al Khaleej,Al Khaleej district_206,Resid.,Open,,,,,0.26,0.17,0,0,0,0,0,7,0,0,0,0,7,0,0,7,37,29,0,8,0,-36,0,0
3,,6276,Al Khaleej,Al Khaleej district_213,Resid.,Open,,,,,0.16,0.11,0,0,0,0,0,3,0,0,0,0,3,0,2,1,24,22,1,1,0,-23,0,YES
3,,6285,Al Khaleej,Al Khaleej district_222,Resid.,Open,,,,,0.11,0.07,0,0,0,0,0,0,0,0,0,0,0,0,0,0,17,15,0,2,0,-15,0,0
3,,6299,Al Khaleej,Al Khaleej district_236,Resid.,Open,,,,,0.13,0.09,0,0,0,0,0,3,0,0,0,0,3,1,1,1,20,17,1,2,0,-18,0,YES
3,,6302,Al Khaleej,Al Khaleej district_239,Resid.,Open,,,,,0.09,0.06,0,0,0,0,0,5,0,0,0,0,5,1,3,1,16,10,3,3,0,-13,0,0
3,,6304,Al Khaleej,Al Khaleej district_241,Resid.,Open,,,,,0.06,0.04,0,0,0,0,0,3,0,0,0,0,3,1,1,1,11,8,1,2,0,-9,0,0
3,,6562,Al Munisiyah,Al Munisiyah district_215,Resid.,Open,,,,,0.13,0.09,0,0,0,0,0,4,0,0,0,0,4,1,2,1,20,16,2,2,0,-18,0,YES
3,,6567,Al Munisiyah,Al Munisiyah district_220,Resid.,Open,,,,,0.07,0.05,0,0,0,0,0,4,0,0,0,0,4,1,1,2,13,9,1,3,0,-10,0,0
3,,6576,Al Munisiyah,Al Munisiyah district_229,Mixed.,Open,,,,,0.21,0.14,0,0,0,0,0,6,0,0,0,0,6,2,2,2,34,27,2,5,0,-29,0,YES
3,,6591,Al Munisiyah,Al Munisiyah district_244,Resid.,Open,,,,,0.04,0.02,0,0,0,0,0,3,0,0,0,0,3,1,1,1,6,4,1,1,0,-5,0,0
3,,6595,Al Munisiyah,Al Munisiyah district_248,Resid.,Open,,,,,0.06,0.04,0,0,0,0,0,0,0,0,0,0,0,0,0,0,10,9,0,1,0,-9,0,0
3,,6597,Al Munisiyah,Al Munisiyah district_250,Resid.,Open,,,,,0.11,0.08,0,0,0,0,0,0,0,0,0,0,0,0,0,0,16,16,0,0,0,-16,0,0
3,,6602,Al Munisiyah,Al Munisiyah district_255,Mixed.,Open,,,,,0.07,0.05,0,0,0,0,0,2,0,0,0,0,2,0,2,0,10,9,1,0,0,-10,0,0
3,,6603,Al Munisiyah,Al Munisiyah district_256,Resid.,Open,,,,,0.02,0.01,0,0,0,0,0,0,0,0,0,0,0,0,0,0,3,3,0,0,0,-3,0,0
3,,6604,Al Munisiyah,Al Munisiyah district_257,Resid.,Open,,,,,0.08,0.05,0,0,0,0,0,1,0,0,0,0,1,0,1,0,12,10,1,1,0,-11,0,0
3,,6608,Al Munisiyah,Al Munisiyah district_261,Mixed.,Open,,,,,0.02,0.01,0,0,0,0,0,0,0,0,0,0,0,0,0,0,3,3,0,0,0,-3,0,0
3,,6616,Al Munisiyah,Al Munisiyah district_269,Resid.,Open,,,,,0.09,0.06,0,0,0,0,0,7,0,0,0,0,7,2,3,2,15,9,3,3,0,-12,0,0
3,,6620,Al Munisiyah,Al Munisiyah district_273,Resid.,Open,,,,,0.07,0.05,0,0,0,0,0,0,0,0,0,0,0,0,0,0,10,10,0,0,0,-10,0,0
3,,6622,Al Munisiyah,Al Munisiyah district_275,Resid.,Open,,,,,0.04,0.03,0,0,0,0,0,3,0,0,0,0,3,1,1,1,8,5,1,2,0,-6,0,0
3,,6623,Al Munisiyah,Al Munisiyah district_276,Resid.,Open,,,,,0.04,0.02,0,0,0,0,0,0,0,0,0,0,0,0,0,0,5,5,0,0,0,-5,0,0
3,,6627,Al Munisiyah,Al Munisiyah district_280,Resid.,Open,,,,,0.16,0.1,0,0,0,0,0,1,0,0,0,0,1,0,0,1,28,22,0,6,0,-22,0,0
3,,6628,Al Munisiyah,Al Munisiyah district_281,Resid.,Open,,,,,0.05,0.03,0,0,0,0,0,6,0,0,0,0,6,2,2,2,9,5,2,2,0,-7,0,0
3,,6629,Al Munisiyah,Al Munisiyah district_282,Resid.,Open,,,,,0.03,0.02,0,0,0,0,0,0,0,0,0,0,0,0,0,0,5,4,0,1,0,-4,0,0
3,,6654,Al Nahdah,Al Nahdah district_164,Resid.,Open,,,,,0.03,0.02,0,0,0,0,0,3,0,0,0,0,3,1,1,1,5,3,1,1,0,-4,0,0
3,,6656,Al Nahdah,Al Nahdah district_166,Resid.,Open,,,,,0.09,0.06,0,0,0,0,0,4,0,0,0,0,4,1,1,2,17,12,1,4,0,-13,0,0
3,,6657,Al Nahdah,Al Nahdah district_167,Resid.,Open,,,,,0.05,0.03,0,0,0,0,0,0,0,0,0,0,0,0,0,0,7,7,0,0,0,-7,0,0
3,,6658,Al Nahdah,Al Nahdah district_168,Resid.,Open,,,,,0.24,0.16,0,0,0,0,0,12,0,0,0,0,12,0,10,2,38,29,4,5,0,-33,0,0
3,,6660,Al Nahdah,Al Nahdah district_170,Resid.,Open,,,,,0.11,0.08,0,0,0,0,0,12,0,0,0,0,12,0,11,1,18,11,5,2,0,-16,0,0
3,,6669,Al Nahdah,Al Nahdah district_179,Resid.,Open,,,,,0.08,0.05,0,0,0,0,0,0,0,0,0,0,0,0,0,0,12,11,0,1,0,-11,0,0
3,,6679,Al Nahdah,Al Nahdah district_189,Resid.,Open,,,,,0.03,0.02,0,0,0,0,0,1,0,0,0,0,1,0,0,1,5,4,0,1,0,-4,0,0
3,,6680,Al Nahdah,Al Nahdah district_190,Resid.,Open,,,,,0.09,0.06,0,0,0,0,0,5,0,0,0,0,5,0,5,0,15,11,2,2,0,-13,0,0
3,,6684,Al Nahdah,Al Nahdah district_194,Resid.,Open,,,,,0.02,0.01,0,0,0,0,0,0,0,0,0,0,0,0,0,0,3,3,0,0,0,-3,0,0
3,,6687,Al Nahdah,Al Nahdah district_197,Resid.,Open,,,,,0.09,0.06,0,0,0,0,0,1,0,0,0,0,1,0,0,1,14,11,0,3,0,-12,0,YES
3,,6688,Al Nahdah,Al Nahdah district_198,Mixed.,Open,,,,,0.04,0.03,0,0,0,0,0,0,0,0,0,0,0,0,0,0,6,6,0,0,0,-6,0,0
3,,6690,Al Nahdah,Al Nahdah district_200,Resid.,Open,,,,,0.09,0.06,0,0,0,0,0,3,0,0,0,0,3,0,3,0,14,11,2,1,0,-13,0,0
3,,6691,Al Nahdah,Al Nahdah district_201,Resid.,Open,,,,,0.06,0.04,0,0,0,0,0,6,0,0,0,0,6,1,4,1,13,7,2,4,0,-9,0,0
3,,6921,Al Sinaiyah,Al Sinaiyah district_10000504,Com,Open,,,,,0.3,0.2,0,0,0,0,0,4,0,0,0,0,4,1,1,2,46,41,1,4,0,-42,0,0
3,,6928,Al Sinaiyah,Al Sinaiyah district_10000511,Mixed.,Open,,,,,0.05,0.03,0,0,0,0,0,0,0,0,0,0,0,0,0,0,9,7,0,2,0,-7,0,0
3,,6931,Al Sinaiyah,Al Sinaiyah district_10000514,Indust.,Open,,,,,0.24,0.16,0,0,0,0,0,7,0,0,0,0,7,0,7,0,37,31,2,4,0,-33,0,0
3,,6982,Al Yarmuk,Al Yarmuk district_182,Resid.,Open,,,,,0.12,0.08,0,0,0,0,0,8,0,0,0,0,8,1,6,1,21,14,3,4,0,-17,0,0
3,,6993,Al Yarmuk,Al Yarmuk district_193,Resid.,Open,,,,,0.07,0.05,0,0,0,0,0,0,0,0,0,0,0,0,0,0,10,10,0,0,0,-10,0,0
3,,7001,Al Yarmuk,Al Yarmuk district_201,Resid.,Open,,,,,0.16,0.1,0,0,0,0,0,12,0,0,0,0,12,1,10,1,24,18,4,2,0,-22,0,YES
3,,7141,Al Badiea,city Riyadh Al Badiea district_1172,Resid.,Open,,,,,0.04,0.02,0,0,0,0,0,3,0,0,0,0,3,1,1,1,6,4,1,1,0,-5,0,0
3,,7143,Al Badiea,city Riyadh Al Badiea district_1174,Mixed.,Open,,,,,0.02,0.01,0,0,0,0,0,3,0,0,0,0,3,1,1,1,4,2,1,1,0,-3,0,0
3,,7145,Al Badiea,city Riyadh Al Badiea district_1176,Resid.,Open,,,,,0.02,0.01,0,0,0,0,0,4,0,0,0,0,4,1,1,2,6,2,1,3,0,-3,0,0
3,,7147,Al Badiea,city Riyadh Al Badiea district_1178,Mixed.,Open,,,,,0.05,0.03,0,0,0,0,0,2,0,0,0,0,2,0,0,2,10,7,0,3,0,-7,0,YES
3,,7151,Al Badiea,city Riyadh Al Badiea district_1182,Mixed.,Open,,,,,0.07,0.05,0,0,0,0,0,4,0,0,0,0,4,1,1,2,12,8,1,3,0,-10,0,YES
3,,7158,Al Badiea,city Riyadh Al Badiea district_1189,Resid.,Open,,,,,0.02,0.01,0,0,0,0,0,0,0,0,0,0,0,0,0,0,4,3,0,1,0,-3,0,0
3,,7162,Al Badiea,city Riyadh Al Badiea district_1193,Resid.,Open,,,,,0.11,0.07,0,0,0,0,0,1,0,0,0,0,1,0,0,1,17,14,0,3,0,-15,0,YES
3,,7163,Al Badiea,city Riyadh Al Badiea district_1194,Resid.,Open,,,,,0.11,0.07,0,0,0,0,0,4,0,0,0,0,4,0,2,2,17,13,1,3,0,-15,0,0
3,,7167,Al Badiea,city Riyadh Al Badiea district_1198,Resid.,Open,,,,,0.06,0.04,0,0,0,0,0,4,0,0,0,0,4,0,3,1,10,7,1,2,0,-8,0,0
3,,7169,Al Badiea,city Riyadh Al Badiea district_1200,Resid.,Open,,,,,0.02,0.01,0,0,0,0,0,0,0,0,0,0,0,0,0,0,3,3,0,0,0,-3,0,0
3,,7172,Al Badiea,city Riyadh Al Badiea district_1203,Resid.,Open,,,,,0.06,0.04,0,0,0,0,0,0,0,0,0,0,0,0,0,0,10,9,0,1,0,-9,0,0
3,,7173,Al Badiea,city Riyadh Al Badiea district_1204,Resid.,Open,,,,,0.05,0.03,0,0,0,0,0,2,0,0,0,0,2,0,2,0,10,6,1,3,0,-7,0,0
3,,7192,Al Fayha,city Riyadh Al Fayha district_365,Resid.,Open,,,,,0.11,0.08,0,0,0,0,0,8,0,0,0,0,8,1,5,2,19,14,2,3,0,-16,0,0
3,,7195,Al Fayha,city Riyadh Al Fayha district_368,Resid.,Open,,,,,0.03,0.02,0,0,0,0,0,3,0,0,0,0,3,1,1,1,5,3,1,1,0,-4,0,0
3,,7196,Al Fayha,city Riyadh Al Fayha district_369,Resid.,Open,,,,,0.03,0.02,0,0,0,0,0,0,0,0,0,0,0,0,0,0,6,4,0,2,0,-4,0,0
3,,7203,Al Fayha,city Riyadh Al Fayha district_376,Resid.,Open,,,,,0.1,0.07,0,0,0,0,0,5,0,0,0,0,5,2,1,2,15,12,1,2,0,-14,0,0
3,,7205,Al Fayha,city Riyadh Al Fayha district_378,Resid.,Open,,,,,0.02,0.01,0,0,0,0,0,1,0,0,0,0,1,0,1,0,3,2,1,0,0,-3,0,0
3,,7206,Al Fayha,city Riyadh Al Fayha district_379,Mixed.,Open,,,,,0.02,0.01,0,0,0,0,0,3,0,0,0,0,3,1,1,1,4,2,1,1,0,-3,0,0
3,,7208,Al Fayha,city Riyadh Al Fayha district_381,Resid.,Open,,,,,0.06,0.04,0,0,0,0,0,8,0,0,0,0,8,1,6,1,9,5,3,1,0,-8,0,0
3,,7212,Al Fayha,city Riyadh Al Fayha district_385,Resid.,Open,,,,,0.09,0.06,0,0,0,0,0,3,0,0,0,0,3,1,1,1,16,11,1,4,0,-12,0,0
3,,7217,Al Fayha,city Riyadh Al Fayha district_390,Resid.,Open,,,,,0.05,0.03,0,0,0,0,0,5,0,0,0,0,5,1,3,1,8,4,3,1,0,-7,0,0
3,,7215,Al Fayha,city Riyadh Al Fayha district_388,Resid.,Open,,,,,0.02,0.01,0,0,0,0,0,0,0,0,0,0,0,0,0,0,3,3,0,0,0,-3,0,0
3,,7218,Al Fayha,city Riyadh Al Fayha district_391,Resid.,Open,,,,,0.04,0.02,0,0,0,0,0,0,0,0,0,0,0,0,0,0,5,5,0,0,0,-5,0,0
3,,7220,Al Fayha,city Riyadh Al Fayha district_393,Resid.,Open,,,,,0.06,0.04,0,0,0,0,0,2,0,0,0,0,2,0,0,2,8,6,0,2,0,-8,0,0
3,,7222,Al Fayha,city Riyadh Al Fayha district_395,Resid.,Open,,,,,0.04,0.02,0,0,0,0,0,0,0,0,0,0,0,0,0,0,5,5,0,0,0,-5,0,0
3,,7223,Al Fayha,city Riyadh Al Fayha district_396,Resid.,Open,,,,,0.08,0.05,0,0,0,0,0,1,0,0,0,0,1,0,1,0,11,10,1,0,0,-11,0,0
3,,7224,Al Fayha,city Riyadh Al Fayha district_397,Resid.,Open,,,,,0.19,0.12,0,0,0,0,0,5,0,0,0,0,5,1,1,3,27,23,1,3,0,-26,0,0
3,,7225,Al Fayha,city Riyadh Al Fayha district_398,Resid.,Open,,,,,0.02,0.01,0,0,0,0,0,3,0,0,0,0,3,1,1,1,4,2,1,1,0,-3,0,0
3,,7228,Al Fayha,city Riyadh Al Fayha district_401,Resid.,Open,,,,,0.16,0.1,0,0,0,0,0,8,0,0,0,0,8,1,5,2,24,19,2,3,0,-22,0,0
3,,7229,Al Fayha,city Riyadh Al Fayha district_402,Resid.,Open,,,,,0.17,0.11,0,0,0,0,0,0,0,0,0,0,0,0,0,0,25,24,0,1,0,-24,0,0
3,,7230,Al Fayha,city Riyadh Al Fayha district_403,Resid.,Open,,,,,0.11,0.07,0,0,0,0,0,3,0,0,0,0,3,0,1,2,19,13,1,5,0,-15,0,0
3,,7231,Al Fayha,city Riyadh Al Fayha district_404,Resid.,Open,,,,,0.12,0.08,0,0,0,0,0,4,0,0,0,0,4,1,1,2,20,15,1,4,0,-17,0,0
3,,7494,Al Mahdiyah,city Riyadh Al Mahdiyah district_1022,Resid.,Open,,,,,0.07,0.05,0,0,0,0,0,0,0,0,0,0,0,0,0,0,11,10,0,1,0,-10,0,0
3,,7496,Al Mahdiyah,city Riyadh Al Mahdiyah district_1024,Resid.,Open,,,,,0.12,0.08,0,0,0,0,0,1,0,0,0,0,1,0,0,1,20,17,0,3,0,-17,0,YES
3,,7503,Al Mahdiyah,city Riyadh Al Mahdiyah district_1031,Resid.,Open,,,,,0.05,0.03,0,0,0,0,0,1,0,0,0,0,1,0,1,0,9,6,1,2,0,-7,0,0
3,,7507,Al Mahdiyah,city Riyadh Al Mahdiyah district_1035,Mixed.,Open,,,,,0.16,0.11,0,0,0,0,0,2,0,0,0,0,2,0,2,0,28,22,1,5,0,-23,0,0
3,,7516,Al Mahdiyah,city Riyadh Al Mahdiyah district_1044,Mixed.,Open,,,,,0.06,0.04,0,0,0,0,0,0,0,0,0,0,0,0,0,0,10,9,0,1,0,-9,0,YES
3,,7521,Al Mahdiyah,city Riyadh Al Mahdiyah district_1049,Resid.,Open,,,,,0.14,0.09,0,0,0,0,0,7,0,0,0,0,7,0,6,1,25,17,2,6,0,-19,0,YES
3,,7526,Al Mahdiyah,city Riyadh Al Mahdiyah district_1054,Resid.,Open,,,,,0.06,0.04,0,0,0,0,0,1,0,0,0,0,1,0,1,0,9,7,1,1,0,-8,0,0
3,,7527,Al Mahdiyah,city Riyadh Al Mahdiyah district_1055,Resid.,Open,,,,,0.04,0.03,0,0,0,0,0,2,0,0,0,0,2,0,0,2,8,6,0,2,0,-6,0,YES
3,,7528,Al Mahdiyah,city Riyadh Al Mahdiyah district_1056,Resid.,Open,,,,,0.06,0.04,0,0,0,0,0,5,0,0,0,0,5,0,0,5,16,8,0,8,0,-8,0,0
3,,7793,Al Qadisiyah,city Riyadh Al Qadisiyah district_109,Resid.,Open,,,,,0.11,0.08,0,0,0,0,0,2,0,0,0,0,2,0,2,0,18,15,1,2,0,-16,0,0
3,,7800,Al Qadisiyah,city Riyadh Al Qadisiyah district_116,Resid.,Open,,,,,0.06,0.04,0,0,0,0,0,4,0,0,0,0,4,0,4,0,9,8,1,0,0,-9,0,0
3,,7801,Al Qadisiyah,city Riyadh Al Qadisiyah district_117,Resid.,Open,,,,,0.02,0.01,0,0,0,0,0,3,0,0,0,0,3,1,1,1,4,2,1,1,0,-3,0,0
3,,7809,Al Qadisiyah,city Riyadh Al Qadisiyah district_65,Resid.,Open,,,,,0.04,0.02,0,0,0,0,0,1,0,0,0,0,1,0,1,0,5,4,1,0,0,-5,0,0
3,,7810,Al Qadisiyah,city Riyadh Al Qadisiyah district_66,Resid.,Open,,,,,0.09,0.06,0,0,0,0,0,5,0,0,0,0,5,0,3,2,14,9,1,4,0,-12,0,YES
3,,7811,Al Qadisiyah,city Riyadh Al Qadisiyah district_67,Resid.,Open,,,,,0.06,0.04,0,0,0,0,0,0,0,0,0,0,0,0,0,0,9,9,0,0,0,-9,0,0
3,,7814,Al Qadisiyah,city Riyadh Al Qadisiyah district_70,Resid.,Open,,,,,0.03,0.02,0,0,0,0,0,0,0,0,0,0,0,0,0,0,4,4,0,0,0,-4,0,0
3,,7813,Al Qadisiyah,city Riyadh Al Qadisiyah district_69,Resid.,Open,,,,,0.06,0.04,0,0,0,0,0,0,0,0,0,0,0,0,0,0,9,9,0,0,0,-9,0,0
3,,7815,Al Qadisiyah,city Riyadh Al Qadisiyah district_71,Resid.,Open,,,,,0.12,0.08,0,0,0,0,0,1,0,0,0,0,1,0,0,1,19,17,0,2,0,-17,0,0
3,,7816,Al Qadisiyah,city Riyadh Al Qadisiyah district_72,Mixed.,Open,,,,,0.13,0.09,0,0,0,0,0,1,0,0,0,0,1,0,0,1,21,18,0,3,0,-18,0,0
3,,7817,Al Qadisiyah,city Riyadh Al Qadisiyah district_73,Resid.,Open,,,,,0.13,0.09,0,0,0,0,0,1,0,0,0,0,1,0,1,0,19,17,1,1,0,-18,0,0
3,,7818,Al Qadisiyah,city Riyadh Al Qadisiyah district_74,Resid.,Open,,,,,0.03,0.02,0,0,0,0,0,3,0,0,0,0,3,1,1,1,5,3,1,1,0,-4,0,0
3,,7820,Al Qadisiyah,city Riyadh Al Qadisiyah district_76,Resid.,Open,,,,,0.03,0.02,0,0,0,0,0,3,0,0,0,0,3,0,3,0,4,3,1,0,0,-4,0,0
3,,7825,Al Qadisiyah,city Riyadh Al Qadisiyah district_81,Resid.,Open,,,,,0.04,0.02,0,0,0,0,0,4,0,0,0,0,4,1,2,1,7,3,2,2,0,-5,0,0
3,,7829,Al Qadisiyah,city Riyadh Al Qadisiyah district_85,Mixed.,Open,,,,,0.06,0.04,0,0,0,0,0,0,0,0,0,0,0,0,0,0,11,9,0,2,0,-9,0,0
3,,7830,Al Qadisiyah,city Riyadh Al Qadisiyah district_86,Mixed.,Open,,,,,0.08,0.05,0,0,0,0,0,0,0,0,0,0,0,0,0,0,11,11,0,0,0,-11,0,0
3,,7832,Al Qadisiyah,city Riyadh Al Qadisiyah district_88,Mixed.,Open,,,,,0.17,0.11,0,0,0,0,0,3,0,0,0,0,3,1,1,1,26,23,1,2,0,-24,0,0
3,,5244,Al Rafiha,city Riyadh Al Rafiha district_1153,Resid.,Open,,,,,0.05,0.03,0,0,0,0,0,1,0,0,0,0,1,0,1,0,10,6,1,3,0,-7,0,0
3,,5251,Al Rafiha,city Riyadh Al Rafiha district_1160,Resid.,Open,,,,,0.04,0.03,0,0,0,0,0,0,0,0,0,0,0,0,0,0,8,6,0,2,0,-6,0,0
3,,5246,Al Rafiha,city Riyadh Al Rafiha district_1155,Resid.,Open,,,,,0.08,0.05,0,0,0,0,0,3,0,0,0,0,3,1,1,1,14,10,1,3,0,-11,0,0
3,,5252,Al Rafiha,city Riyadh Al Rafiha district_1161,Resid.,Open,,,,,0.08,0.05,0,0,0,0,0,6,0,0,0,0,6,0,6,0,12,9,2,1,0,-11,0,0
3,,5253,Al Rafiha,city Riyadh Al Rafiha district_1162,Resid.,Open,,,,,0.03,0.02,0,0,0,0,0,0,0,0,0,0,0,0,0,0,4,4,0,0,0,-4,0,0
3,,5254,Al Rafiha,city Riyadh Al Rafiha district_1163,Mixed.,Open,,,,,0.02,0.01,0,0,0,0,0,0,0,0,0,0,0,0,0,0,4,3,0,1,0,-3,0,0
3,,5256,Al Rafiha,city Riyadh Al Rafiha district_1165,Resid.,Open,,,,,0.02,0.01,0,0,0,0,0,4,0,0,0,0,4,1,1,2,6,2,1,3,0,-3,0,0
3,,5258,Al Rafiha,city Riyadh Al Rafiha district_1167,Resid.,Open,,,,,0.03,0.02,0,0,0,0,0,0,0,0,0,0,0,0,0,0,4,4,0,0,0,-4,0,0
3,,5260,Al Rafiha,city Riyadh Al Rafiha district_1169,Mixed.,Open,,,,,0.02,0.01,0,0,0,0,0,5,0,0,0,0,5,1,1,3,6,2,1,3,0,-3,0,0
3,,5261,Al Rafiha,city Riyadh Al Rafiha district_1170,Mixed.,Open,,,,,0.03,0.02,0,0,0,0,0,3,0,0,0,0,3,0,0,3,7,4,0,3,0,-4,0,0
3,,8137,Al Shifa,city Riyadh Al Shifa district_276,Resid.,Open,,,,,0.09,0.06,0,0,0,0,0,4,0,0,0,0,4,1,1,2,14,10,1,3,0,-12,0,0
3,,8140,Al Shifa,city Riyadh Al Shifa district_279,Resid.,Open,,,,,0.04,0.02,0,0,0,0,0,4,0,0,0,0,4,1,2,1,7,3,2,2,0,-5,0,0
3,,8144,Al Shifa,city Riyadh Al Shifa district_283,Mixed.,Open,,,,,0.02,0.01,0,0,0,0,0,0,0,0,0,0,0,0,0,0,3,3,0,0,0,-3,0,0
3,,8146,Al Shifa,city Riyadh Al Shifa district_285,Resid.,Open,,,,,0.04,0.02,0,0,0,0,0,6,0,0,0,0,6,2,2,2,8,3,2,3,0,-5,0,0
3,,8147,Al Shifa,city Riyadh Al Shifa district_286,Resid.,Open,,,,,0.08,0.05,0,0,0,0,0,0,0,0,0,0,0,0,0,0,11,11,0,0,0,-11,0,0
3,,8152,Al Shifa,city Riyadh Al Shifa district_291,Resid.,Open,,,,,0.11,0.07,0,0,0,0,0,1,0,0,0,0,1,0,1,0,16,14,1,1,0,-15,0,0
3,,8155,Al Shifa,city Riyadh Al Shifa district_294,Resid.,Open,,,,,0.04,0.02,0,0,0,0,0,0,0,0,0,0,0,0,0,0,5,5,0,0,0,-5,0,YES
3,,8157,Al Shifa,city Riyadh Al Shifa district_296,Resid.,Open,,,,,0.02,0.01,0,0,0,0,0,0,0,0,0,0,0,0,0,0,3,3,0,0,0,-3,0,0
3,,8164,Al Shifa,city Riyadh Al Shifa district_303,Resid.,Open,,,,,0.02,0.01,0,0,0,0,0,0,0,0,0,0,0,0,0,0,3,3,0,0,0,-3,0,0
3,,8165,Al Shifa,city Riyadh Al Shifa district_304,Resid.,Open,,,,,0.09,0.06,0,0,0,0,0,7,0,0,0,0,7,1,1,5,15,7,1,7,0,-12,0,0
3,,8174,Al Shifa,city Riyadh Al Shifa district_313,Resid.,Open,,,,,0.05,0.03,0,0,0,0,0,3,0,0,0,0,3,1,1,1,9,6,1,2,0,-7,0,0
3,,8175,Al Shifa,city Riyadh Al Shifa district_314,Resid.,Open,,,,,0.19,0.12,0,0,0,0,0,0,0,0,0,0,0,0,0,0,27,26,0,1,0,-26,0,0
3,,8181,Al Shifa,city Riyadh Al Shifa district_320,Resid.,Open,,,,,0.06,0.04,0,0,0,0,0,1,0,0,0,0,1,0,0,1,9,8,0,1,0,-9,0,0
3,,8189,Al Shifa,city Riyadh Al Shifa district_328,Resid.,Open,,,,,0.09,0.06,0,0,0,0,0,3,0,0,0,0,3,1,1,1,16,12,1,3,0,-13,0,0
3,,8192,Al Shifa,city Riyadh Al Shifa district_331,Resid.,Open,,,,,0.03,0.02,0,0,0,0,0,0,0,0,0,0,0,0,0,0,4,4,0,0,0,-4,0,0
3,,8201,Al Shifa,city Riyadh Al Shifa district_340,Resid.,Open,,,,,0.04,0.03,0,0,0,0,0,4,0,0,0,0,4,1,2,1,9,4,2,3,0,-6,0,0
3,,8204,Al Shifa,city Riyadh Al Shifa district_343,Resid.,Open,,,,,0.02,0.01,0,0,0,0,0,1,0,0,0,0,1,0,1,0,4,3,1,0,0,-3,0,0
3,,8206,Al Shifa,city Riyadh Al Shifa district_345,Resid.,Open,,,,,0.02,0.01,0,0,0,0,0,0,0,0,0,0,0,0,0,0,4,3,0,1,0,-3,0,0
3,,8207,Al Shifa,city Riyadh Al Shifa district_346,Mixed.,Open,,,,,0.02,0.01,0,0,0,0,0,1,0,0,0,0,1,0,0,1,4,3,0,1,0,-3,0,0
3,,8208,Al Shifa,city Riyadh Al Shifa district_589,Resid.,Open,,,,,0.03,0.02,0,0,0,0,0,0,0,0,0,0,0,0,0,0,4,4,0,0,0,-4,0,0
3,,8210,Al Sulay,city Riyadh Al Sulay district_10,Mixed.,Open,,,,,0.08,0.05,0,0,0,0,0,1,0,0,0,0,1,0,1,0,11,10,1,0,0,-11,0,0
3,,8212,Al Sulay,city Riyadh Al Sulay district_510,Mixed.,Open,,,,,0.23,0.15,0,0,0,0,0,11,0,0,0,0,11,0,8,3,35,26,3,6,0,-32,0,0
3,,8213,Al Sulay,city Riyadh Al Sulay district_511,Com,Open,,,,,0.17,0.11,0,0,0,0,0,4,0,0,0,0,4,0,4,0,25,22,2,1,0,-24,0,0
3,,8218,Al Sulay,city Riyadh Al Sulay district_516,Mixed.,Open,,,,,0.16,0.11,0,0,0,0,0,2,0,0,0,0,2,0,2,0,25,22,1,2,0,-23,0,0
3,,8219,Al Sulay,city Riyadh Al Sulay district_517,Mixed.,Open,,,,,0.15,0.1,0,0,0,0,0,3,0,0,0,0,3,0,3,0,22,20,1,1,0,-21,0,0
3,,8221,Al Sulay,city Riyadh Al Sulay district_519,Mixed.,Open,,,,,0.11,0.07,0,0,0,0,0,4,0,0,0,0,4,0,4,0,15,14,1,0,0,-15,0,0
3,,8222,Al Sulay,city Riyadh Al Sulay district_520,Mixed.,Open,,,,,0.16,0.1,0,0,0,0,0,0,0,0,0,0,0,0,0,0,22,22,0,0,0,-22,0,0
3,,8223,Al Sulay,city Riyadh Al Sulay district_521,Mixed.,Open,,,,,0.14,0.1,0,0,0,0,0,5,0,0,0,0,5,0,3,2,21,16,2,3,0,-20,0,0
3,,8224,Al Sulay,city Riyadh Al Sulay district_522,Mixed.,Open,,,,,0.03,0.02,0,0,0,0,0,1,0,0,0,0,1,0,0,1,6,4,0,2,0,-4,0,0
3,,8227,Al Sulay,city Riyadh Al Sulay district_525,Mixed.,Open,,,,,0.02,0.01,0,0,0,0,0,0,0,0,0,0,0,0,0,0,3,3,0,0,0,-3,0,0
3,,8226,Al Sulay,city Riyadh Al Sulay district_524,Mixed.,Open,,,,,0.05,0.03,0,0,0,0,0,0,0,0,0,0,0,0,0,0,8,7,0,1,0,-7,0,0
3,,8228,Al Sulay,city Riyadh Al Sulay district_526,Mixed.,Open,,,,,0.06,0.04,0,0,0,0,0,1,0,0,0,0,1,0,0,1,9,7,0,2,0,-8,0,0
3,,8229,Al Sulay,city Riyadh Al Sulay district_527,Mixed.,Open,,,,,0.05,0.03,0,0,0,0,0,2,0,0,0,0,2,0,2,0,7,6,1,0,0,-7,0,0
3,,8233,Al Sulay,city Riyadh Al Sulay district_531,Mixed.,Open,,,,,0.03,0.02,0,0,0,0,0,0,0,0,0,0,0,0,0,0,4,4,0,0,0,-4,0,0
3,,8235,Al Sulay,city Riyadh Al Sulay district_533,Mixed.,Open,,,,,0.11,0.07,0,0,0,0,0,4,0,0,0,0,4,1,1,2,16,13,1,2,0,-15,0,0
3,,8237,Al Sulay,city Riyadh Al Sulay district_535,Mixed.,Open,,,,,0.03,0.02,0,0,0,0,0,0,0,0,0,0,0,0,0,0,4,4,0,0,0,-4,0,0
3,,8238,Al Sulay,city Riyadh Al Sulay district_536,Mixed.,Open,,,,,0.07,0.05,0,0,0,0,0,4,0,0,0,0,4,0,4,0,10,8,2,0,0,-10,0,0
3,,8239,Al Sulay,city Riyadh Al Sulay district_537,Mixed.,Open,,,,,0.08,0.05,0,0,0,0,0,2,0,0,0,0,2,0,2,0,11,10,1,0,0,-11,0,0
3,,8240,Al Sulay,city Riyadh Al Sulay district_538,Mixed.,Open,,,,,0.07,0.05,0,0,0,0,0,0,0,0,0,0,0,0,0,0,11,10,0,1,0,-10,0,0
3,,8241,Al Sulay,city Riyadh Al Sulay district_539,Mixed.,Open,,,,,0.14,0.1,0,0,0,0,0,3,0,0,0,0,3,0,3,0,24,19,1,4,0,-20,0,0
3,,8242,Al Sulay,city Riyadh Al Sulay district_540,Mixed.,Open,,,,,0.11,0.07,0,0,0,0,0,3,0,0,0,0,3,0,3,0,18,14,1,3,0,-15,0,0
3,,8244,Al Sulay,city Riyadh Al Sulay district_542,Mixed.,Open,,,,,0.16,0.11,0,0,0,0,0,9,0,0,0,0,9,0,8,1,24,20,3,1,0,-23,0,0
3,,8243,Al Sulay,city Riyadh Al Sulay district_541,Mixed.,Open,,,,,0.19,0.12,0,0,0,0,0,2,0,0,0,0,2,0,2,0,27,25,1,1,0,-26,0,0
3,,8245,Al Sulay,city Riyadh Al Sulay district_543,Mixed.,Open,,,,,0.18,0.12,0,0,0,0,0,3,0,0,0,0,3,0,3,0,25,23,2,0,0,-25,0,0
3,,8246,Al Sulay,city Riyadh Al Sulay district_544,Mixed.,Open,,,,,0.14,0.09,0,0,0,0,0,0,0,0,0,0,0,0,0,0,19,19,0,0,0,-19,0,0
3,,8247,Al Sulay,city Riyadh Al Sulay district_545,Mixed.,Open,,,,,0.11,0.07,0,0,0,0,0,0,0,0,0,0,0,0,0,0,16,15,0,1,0,-15,0,0
3,,8248,Al Sulay,city Riyadh Al Sulay district_546,Mixed.,Open,,,,,0.09,0.06,0,0,0,0,0,2,0,0,0,0,2,0,0,2,16,12,0,4,0,-12,0,0
3,,8249,Al Sulay,city Riyadh Al Sulay district_547,Mixed.,Open,,,,,0.27,0.18,0,0,0,0,0,4,0,0,0,0,4,1,2,1,41,36,2,3,0,-38,0,0
3,,8250,Al Sulay,city Riyadh Al Sulay district_548,Mixed.,Open,,,,,0.19,0.13,0,0,0,0,0,2,0,0,0,0,2,0,2,0,27,26,1,0,0,-27,0,0
3,,8251,Al Sulay,city Riyadh Al Sulay district_549,Mixed.,Open,,,,,0.02,0.01,0,0,0,0,0,0,0,0,0,0,0,0,0,0,3,3,0,0,0,-3,0,0
3,,8252,Al Sulay,city Riyadh Al Sulay district_550,Mixed.,Open,,,,,0.11,0.08,0,0,0,0,0,0,0,0,0,0,0,0,0,0,16,16,0,0,0,-16,0,0
3,,8253,Al Sulay,city Riyadh Al Sulay district_551,Mixed.,Open,,,,,0.02,0.01,0,0,0,0,0,0,0,0,0,0,0,0,0,0,3,3,0,0,0,-3,0,0
3,,8254,Al Sulay,city Riyadh Al Sulay district_552,Mixed.,Open,,,,,0.06,0.04,0,0,0,0,0,0,0,0,0,0,0,0,0,0,10,8,0,2,0,-8,0,0
3,,8255,Al Sulay,city Riyadh Al Sulay district_553,Mixed.,Open,,,,,0.04,0.03,0,0,0,0,0,0,0,0,0,0,0,0,0,0,6,6,0,0,0,-6,0,0
3,,8257,Al Sulay,city Riyadh Al Sulay district_555,Mixed.,Open,,,,,0.04,0.03,0,0,0,0,0,0,0,0,0,0,0,0,0,0,6,6,0,0,0,-6,0,0
3,,8258,Al Sulay,city Riyadh Al Sulay district_556,Mixed.,Open,,,,,0.13,0.09,0,0,0,0,0,5,0,0,0,0,5,0,4,1,21,16,2,3,0,-18,0,0
3,,8260,Al Sulay,city Riyadh Al Sulay district_559,Mixed.,Open,,,,,0.22,0.15,0,0,0,0,0,4,0,0,0,0,4,0,4,0,32,29,2,1,0,-31,0,0
3,,8262,Al Sulay,city Riyadh Al Sulay district_617,Com,Open,,,,,0.06,0.04,0,0,0,0,0,4,0,0,0,0,4,0,4,0,9,8,1,0,0,-9,0,0
3,,8263,Al Sulay,city Riyadh Al Sulay district_618,Mixed.,Open,,,,,0.07,0.05,0,0,0,0,0,3,0,0,0,0,3,1,1,1,13,9,1,3,0,-10,0,0
3,,8264,Al Sulay,city Riyadh Al Sulay district_619,Mixed.,Open,,,,,0.06,0.04,0,0,0,0,0,4,0,0,0,0,4,0,4,0,8,7,1,0,0,-8,0,0
3,,8266,Al Sulay,city Riyadh Al Sulay district_621,Mixed.,Open,,,,,0.03,0.02,0,0,0,0,0,0,0,0,0,0,0,0,0,0,5,4,0,1,0,-4,0,0
3,,8273,Al Sulay,city Riyadh Al Sulay district_628,Com,Open,,,,,0.03,0.02,0,0,0,0,0,4,0,0,0,0,4,0,4,0,4,3,1,0,0,-4,0,0
3,,8284,Al Sulay,city Riyadh Al Sulay district_640,Mixed.,Open,,,,,0.04,0.02,0,0,0,0,0,0,0,0,0,0,0,0,0,0,7,5,0,2,0,-5,0,0
3,,8285,Al Sulay,city Riyadh Al Sulay district_641,Mixed.,Open,,,,,0.04,0.02,0,0,0,0,0,1,0,0,0,0,1,0,0,1,7,5,0,2,0,-5,0,0
3,,8286,Al Sulay,city Riyadh Al Sulay district_642,Mixed.,Open,,,,,0.04,0.03,0,0,0,0,0,0,0,0,0,0,0,0,0,0,7,6,0,1,0,-6,0,0
3,,8287,Al Sulay,city Riyadh Al Sulay district_643,Mixed.,Open,,,,,0.07,0.05,0,0,0,0,0,1,0,0,0,0,1,0,1,0,10,9,1,0,0,-10,0,0
3,,8288,Al Sulay,city Riyadh Al Sulay district_644,Com,Open,,,,,0.1,0.07,0,0,0,0,0,5,0,0,0,0,5,0,5,0,14,11,3,0,0,-14,0,0
3,,8290,Al Sulay,city Riyadh Al Sulay district_646,Mixed.,Open,,,,,0.04,0.02,0,0,0,0,0,0,0,0,0,0,0,0,0,0,5,5,0,0,0,-5,0,0
3,,8292,Al Sulay,city Riyadh Al Sulay district_648,Mixed.,Open,,,,,0.1,0.07,0,0,0,0,0,3,0,0,0,0,3,0,3,0,15,13,1,1,0,-14,0,0
3,,8294,Al Sulay,city Riyadh Al Sulay district_650,Mixed.,Open,,,,,0.04,0.02,0,0,0,0,0,0,0,0,0,0,0,0,0,0,6,5,0,1,0,-5,0,0
3,,8304,Al Sulay,city Riyadh Al Sulay district_660,Mixed.,Open,,,,,0.06,0.04,0,0,0,0,0,0,0,0,0,0,0,0,0,0,10,9,0,1,0,-9,0,0
3,,8295,Al Sulay,city Riyadh Al Sulay district_651,Com,Open,,,,,0.07,0.05,0,0,0,0,0,1,0,0,0,0,1,0,1,0,12,9,1,2,0,-10,0,0
3,,8306,Al Sulay,city Riyadh Al Sulay district_662,Mixed.,Open,,,,,0.04,0.02,0,0,0,0,0,0,0,0,0,0,0,0,0,0,5,5,0,0,0,-5,0,0
3,,8307,Al Sulay,city Riyadh Al Sulay district_663,Resid.,Open,,,,,0.02,0.01,0,0,0,0,0,1,0,0,0,0,1,0,0,1,4,3,0,1,0,-3,0,0
3,,8308,Al Sulay,city Riyadh Al Sulay district_664,Resid.,Open,,,,,0.04,0.03,0,0,0,0,0,0,0,0,0,0,0,0,0,0,6,6,0,0,0,-6,0,0
3,,8309,Al Sulay,city Riyadh Al Sulay district_665,Mixed.,Open,,,,,0.1,0.07,0,0,0,0,0,1,0,0,0,0,1,0,1,0,14,13,1,0,0,-14,0,0
3,,8312,Al Sulay,city Riyadh Al Sulay district_668,Resid.,Open,,,,,0.04,0.03,0,0,0,0,0,1,0,0,0,0,1,0,0,1,8,6,0,2,0,-6,0,0
3,,8314,Al Sulay,city Riyadh Al Sulay district_670,Resid.,Open,,,,,0.04,0.03,0,0,0,0,0,1,0,0,0,0,1,0,0,1,7,6,0,1,0,-6,0,0
3,,8316,Al Sulay,city Riyadh Al Sulay district_672,Mixed.,Open,,,,,0.03,0.02,0,0,0,0,0,2,0,0,0,0,2,0,0,2,6,4,0,2,0,-4,0,0
3,,8317,Al Sulay,city Riyadh Al Sulay district_673,Mixed.,Open,,,,,0.04,0.02,0,0,0,0,0,0,0,0,0,0,0,0,0,0,5,5,0,0,0,-5,0,0
3,,8318,Al Sulay,city Riyadh Al Sulay district_674,Mixed.,Open,,,,,0.05,0.03,0,0,0,0,0,2,0,0,0,0,2,0,2,0,7,6,1,0,0,-7,0,0
3,,8319,Al Sulay,city Riyadh Al Sulay district_675,Mixed.,Open,,,,,0.1,0.07,0,0,0,0,0,0,0,0,0,0,0,0,0,0,16,14,0,2,0,-14,0,0
3,,8322,Al Sulay,city Riyadh Al Sulay district_678,Com,Open,,,,,0.06,0.04,0,0,0,0,0,4,0,0,0,0,4,0,4,0,9,6,2,1,0,-8,0,0
3,,8324,Al Sulay,city Riyadh Al Sulay district_680,Mixed.,Open,,,,,0.04,0.03,0,0,0,0,0,0,0,0,0,0,0,0,0,0,6,6,0,0,0,-6,0,0
3,,8326,Al Sulay,city Riyadh Al Sulay district_682,Mixed.,Open,,,,,0.03,0.02,0,0,0,0,0,0,0,0,0,0,0,0,0,0,5,4,0,1,0,-4,0,0
3,,8330,Al Sulay,city Riyadh Al Sulay district_8,Mixed.,Open,,,,,0.03,0.02,0,0,0,0,0,0,0,0,0,0,0,0,0,0,5,4,0,1,0,-4,0,0
3,,8334,Al Suwaidi,city Riyadh Al Suwaidi district_225,Mixed.,Open,,,,,0.02,0.01,0,0,0,0,0,1,0,0,0,0,1,0,0,1,6,3,0,3,0,-3,0,0
3,,8337,Al Suwaidi,city Riyadh Al Suwaidi district_228,Resid.,Open,,,,,0.03,0.02,0,0,0,0,0,2,0,0,0,0,2,0,2,0,5,3,1,1,0,-4,0,0
3,,8338,Al Suwaidi,city Riyadh Al Suwaidi district_229,Mixed.,Open,,,,,0.12,0.08,0,0,0,0,0,7,2,0,2,0,5,1,3,1,22,14,3,5,0,-15,0,YES
3,,8339,Al Suwaidi,city Riyadh Al Suwaidi district_230,Resid.,Open,,,,,0.08,0.05,0,0,0,0,0,2,0,0,0,0,2,0,2,0,13,9,2,2,0,-11,0,0
3,,8349,Al Suwaidi,city Riyadh Al Suwaidi district_32,Resid.,Open,,,,,0.11,0.08,0,0,0,0,0,1,0,0,0,0,1,0,0,1,19,15,0,4,0,-16,0,0
3,,8351,Al Suwaidi,city Riyadh Al Suwaidi district_34,Resid.,Open,,,,,0.04,0.03,0,0,0,0,0,3,3,0,2,1,0,0,0,0,10,4,2,4,0,-4,0,0
3,,8352,Al Suwaidi,city Riyadh Al Suwaidi district_35,Resid.,Open,,,,,0.05,0.03,0,0,0,0,0,0,0,0,0,0,0,0,0,0,9,7,0,2,0,-7,0,0
3,,8356,Al Suwaidi,city Riyadh Al Suwaidi district_39,Resid.,Open,,,,,0.05,0.03,0,0,0,0,0,1,0,0,0,0,1,0,1,0,10,6,1,3,0,-7,0,YES
3,,8357,Al Suwaidi,city Riyadh Al Suwaidi district_40,Resid.,Open,,,,,0.02,0.01,0,0,0,0,0,3,0,0,0,0,3,1,1,1,5,2,1,2,0,-3,0,YES
3,,8359,Al Suwaidi,city Riyadh Al Suwaidi district_42,Resid.,Open,,,,,0.05,0.03,0,0,0,0,0,2,0,0,0,0,2,0,1,1,10,6,1,3,0,-7,0,0
3,,8362,Al Suwaidi,city Riyadh Al Suwaidi district_45,Resid.,Open,,,,,0.06,0.04,0,0,0,0,0,9,0,0,0,0,9,1,6,2,12,6,2,4,0,-8,0,0
3,,8364,Al Suwaidi,city Riyadh Al Suwaidi district_47,Resid.,Open,,,,,0.06,0.04,0,0,0,0,0,5,0,0,0,0,5,1,1,3,12,7,1,4,0,-8,0,0
3,,8365,Al Suwaidi,city Riyadh Al Suwaidi district_48,Resid.,Open,,,,,0.04,0.03,0,0,0,0,0,1,0,0,0,0,1,0,1,0,7,5,1,1,0,-6,0,0
3,,8366,Al Suwaidi,city Riyadh Al Suwaidi district_49,Resid.,Open,,,,,0.07,0.05,0,0,0,0,0,4,1,0,0,1,3,1,1,1,13,9,1,3,0,-10,0,0
3,,8367,Al Suwaidi,city Riyadh Al Suwaidi district_50,Resid.,Open,,,,,0.09,0.06,0,0,0,0,0,7,0,0,0,0,7,1,4,2,16,10,2,4,0,-13,0,YES
3,,8368,Al Suwaidi,city Riyadh Al Suwaidi district_51,Resid.,Open,,,,,0.16,0.1,0,0,0,0,0,1,0,0,0,0,1,0,1,0,24,21,1,2,0,-22,0,0
3,,8372,Al Suwaidi,city Riyadh Al Suwaidi district_55,Resid.,Open,,,,,0.09,0.06,0,0,0,0,0,6,0,0,0,0,6,1,4,1,14,11,2,1,0,-13,0,YES
3,,8380,Al Suwaidi,city Riyadh Al Suwaidi district_63,Resid.,Open,,,,,0.06,0.04,0,0,0,0,0,2,0,0,0,0,2,0,2,0,10,8,1,1,0,-9,0,0
3,,8382,Al Suwaidi,city Riyadh Al Suwaidi district_65,Resid.,Open,,,,,0.12,0.08,0,0,0,0,0,0,0,0,0,0,0,0,0,0,17,17,0,0,0,-17,0,0
3,,8385,Al Suwaidi,city Riyadh Al Suwaidi district_68,Resid.,Open,,,,,0.08,0.05,0,0,0,0,0,0,0,0,0,0,0,0,0,0,11,11,0,0,0,-11,0,0
3,,8386,Al Suwaidi,city Riyadh Al Suwaidi district_69,Resid.,Open,,,,,0.09,0.06,0,0,0,0,0,1,0,0,0,0,1,0,0,1,13,11,0,2,0,-12,0,0
3,,8390,Al Suwaidi,city Riyadh Al Suwaidi district_73,Resid.,Open,,,,,0.14,0.09,0,0,0,0,0,1,0,0,0,0,1,0,0,1,21,18,0,3,0,-19,0,0
3,,8392,Al Suwaidi,city Riyadh Al Suwaidi district_75,Resid.,Open,,,,,0.1,0.07,0,0,0,0,0,0,0,0,0,0,0,0,0,0,15,14,0,1,0,-14,0,YES
3,,8394,Al Suwaidi,city Riyadh Al Suwaidi district_77,Resid.,Open,,,,,0.06,0.04,0,0,0,0,0,7,0,0,0,0,7,2,2,3,13,6,2,5,0,-9,0,YES
3,,8398,Uraija,city Riyadh Al Uraija district_783,Resid.,Open,,,,,0.02,0.01,0,0,0,0,0,4,0,0,0,0,4,1,1,2,6,2,1,3,0,-3,0,0
3,,8399,Uraija,city Riyadh Al Uraija district_784,Resid.,Open,,,,,0.09,0.06,0,0,0,0,0,8,0,0,0,0,8,2,2,4,16,10,2,4,0,-12,0,0
3,,8400,Uraija,city Riyadh Al Uraija district_785,Resid.,Open,,,,,0.04,0.03,0,0,0,0,0,1,0,0,0,0,1,0,0,1,6,5,0,1,0,-6,0,0
3,,8401,Uraija,city Riyadh Al Uraija district_786,Resid.,Open,,,,,0.06,0.04,0,0,0,0,0,3,0,0,0,0,3,1,1,1,10,8,1,1,0,-9,0,0
3,,8403,Uraija,city Riyadh Al Uraija district_788,Resid.,Open,,,,,0.04,0.02,0,0,0,0,0,3,0,0,0,0,3,0,0,3,8,5,0,3,0,-5,0,0
3,,8404,Uraija,city Riyadh Al Uraija district_789,Mixed.,Open,,,,,0.09,0.06,0,0,0,0,0,4,0,0,0,0,4,0,2,2,17,12,1,4,0,-13,0,0
3,,8741,Dhahrat Al Badiea,city Riyadh Dhahrat Al Badiea district_1,Resid.,Open,,,,,0.09,0.06,0,0,0,0,0,6,0,0,0,0,6,2,2,2,18,10,2,6,0,-12,0,0
3,,8743,Dhahrat Al Badiea,city Riyadh Dhahrat Al Badiea district_177,Resid.,Open,,,,,0.04,0.03,0,0,0,0,0,0,0,0,0,0,0,0,0,0,6,6,0,0,0,-6,0,0
3,,8747,Dhahrat Al Badiea,city Riyadh Dhahrat Al Badiea district_181,Resid.,Open,,,,,0.06,0.04,0,0,0,0,0,0,0,0,0,0,0,0,0,0,12,9,0,3,0,-9,0,YES
3,,8748,Dhahrat Al Badiea,city Riyadh Dhahrat Al Badiea district_182,Resid.,Open,,,,,0.02,0.01,0,0,0,0,0,5,0,0,0,0,5,1,1,3,6,2,1,3,0,-3,0,0
3,,8750,Dhahrat Al Badiea,city Riyadh Dhahrat Al Badiea district_184,Resid.,Open,,,,,0.02,0.01,0,0,0,0,0,0,0,0,0,0,0,0,0,0,3,3,0,0,0,-3,0,0
3,,8770,Dhahrat Al Badiea,city Riyadh Dhahrat Al Badiea district_203,Resid.,Open,,,,,0.06,0.04,0,0,0,0,0,3,0,0,0,0,3,1,1,1,10,8,1,1,0,-9,0,0
3,,8771,Dhahrat Al Badiea,city Riyadh Dhahrat Al Badiea district_204,Resid.,Open,,,,,0.19,0.12,0,0,0,0,0,0,0,0,0,0,0,0,0,0,27,26,0,1,0,-26,0,0
3,,8773,Dhahrat Al Badiea,city Riyadh Dhahrat Al Badiea district_206,Resid.,Open,,,,,0.04,0.02,0,0,0,0,0,3,0,0,0,0,3,0,0,3,9,4,0,5,0,-5,0,0
3,,8780,Dhahrat Al Badiea,city Riyadh Dhahrat Al Badiea district_213,Resid.,Open,,,,,0.03,0.02,0,0,0,0,0,4,0,0,0,0,4,1,1,2,6,2,1,3,0,-4,0,0
3,,8787,Dhahrat Al Badiea,city Riyadh Dhahrat Al Badiea district_220,Resid.,Open,,,,,0.04,0.02,0,0,0,0,0,1,0,0,0,0,1,0,1,0,5,4,1,0,0,-5,0,0
3,,8789,Dhahrat Al Badiea,city Riyadh Dhahrat Al Badiea district_222,Resid.,Open,,,,,0.04,0.03,0,0,0,0,0,3,0,0,0,0,3,1,1,1,7,5,1,1,0,-6,0,0
3,,8791,Dhahrat Al Badiea,city Riyadh Dhahrat Al Badiea district_232,Mixed.,Open,,,,,0.06,0.04,0,0,0,0,0,3,0,0,0,0,3,0,3,0,10,7,2,1,0,-9,0,0
3,,8795,Dhahrat Al Badiea,city Riyadh Dhahrat Al Badiea district_3,Resid.,Open,,,,,0.03,0.02,0,0,0,0,0,0,0,0,0,0,0,0,0,0,4,4,0,0,0,-4,0,0
3,,8798,Dhahrat Al Badiea,city Riyadh Dhahrat Al Badiea district_6,Mixed.,Open,,,,,0.04,0.02,0,0,0,0,0,3,0,0,0,0,3,0,0,3,8,5,0,3,0,-5,0,0
3,,9019,East Naseem,city Riyadh Eastern Al Naseem district_1086,Resid.,Open,,,,,0.17,0.11,0,0,0,0,0,1,0,0,0,0,1,0,0,1,24,22,0,2,0,-24,0,YES
3,,9021,East Naseem,city Riyadh Eastern Al Naseem district_1088,Resid.,Open,,,,,0.07,0.05,0,0,0,0,0,9,0,0,0,0,9,2,5,2,12,7,3,2,0,-10,0,0
3,,9024,East Naseem,city Riyadh Eastern Al Naseem district_836,Resid.,Open,,,,,0.09,0.06,0,0,0,0,0,0,0,0,0,0,0,0,0,0,15,13,0,2,0,-13,0,0
3,,9025,East Naseem,city Riyadh Eastern Al Naseem district_837,Resid.,Open,,,,,0.13,0.09,0,0,0,0,0,3,0,0,0,0,3,1,1,1,21,17,1,3,0,-18,0,0
3,,9029,East Naseem,city Riyadh Eastern Al Naseem district_841,Resid.,Open,,,,,0.09,0.06,0,0,0,0,0,0,0,0,0,0,0,0,0,0,13,12,0,1,0,-12,0,0
3,,9031,East Naseem,city Riyadh Eastern Al Naseem district_843,Resid.,Open,,,,,0.11,0.08,0,0,0,0,0,0,0,0,0,0,0,0,0,0,17,16,0,1,0,-16,0,0
3,,9037,East Naseem,city Riyadh Eastern Al Naseem district_849,Resid.,Open,,,,,0.2,0.13,0,0,0,0,0,2,0,0,0,0,2,0,0,2,28,26,0,2,0,-28,0,0
3,,9038,East Naseem,city Riyadh Eastern Al Naseem district_850,Resid.,Open,,,,,0.13,0.09,0,0,0,0,0,1,0,0,0,0,1,0,0,1,19,17,0,2,0,-18,0,0
3,,9039,East Naseem,city Riyadh Eastern Al Naseem district_851,Resid.,Open,,,,,0.12,0.08,0,0,0,0,0,3,0,0,0,0,3,0,0,3,18,14,0,4,0,-17,0,0
3,,9041,East Naseem,city Riyadh Eastern Al Naseem district_853,Resid.,Open,,,,,0.23,0.15,0,0,0,0,0,4,0,0,0,0,4,1,1,2,37,31,1,5,0,-32,0,0
3,,9042,East Naseem,city Riyadh Eastern Al Naseem district_854,Resid.,Open,,,,,0.1,0.07,0,0,0,0,0,3,0,0,0,0,3,1,1,1,16,13,1,2,0,-14,0,0
3,,9044,East Naseem,city Riyadh Eastern Al Naseem district_856,Resid.,Open,,,,,0.09,0.06,0,0,0,0,0,0,0,0,0,0,0,0,0,0,14,13,0,1,0,-13,0,0
3,,9045,East Naseem,city Riyadh Eastern Al Naseem district_857,Resid.,Open,,,,,0.07,0.05,0,0,0,0,0,0,0,0,0,0,0,0,0,0,10,10,0,0,0,-10,0,0
3,,9048,East Naseem,city Riyadh Eastern Al Naseem district_860,Resid.,Open,,,,,0.09,0.06,0,0,0,0,0,3,0,0,0,0,3,1,1,1,14,12,1,1,0,-13,0,0
3,,9049,East Naseem,city Riyadh Eastern Al Naseem district_861,Resid.,Open,,,,,0.1,0.07,0,0,0,0,0,2,0,0,0,0,2,0,1,1,14,12,1,1,0,-14,0,0
3,,9053,East Naseem,city Riyadh Eastern Al Naseem district_865,Resid.,Open,,,,,0.08,0.05,0,0,0,0,0,2,0,0,0,0,2,0,0,2,13,10,0,3,0,-11,0,0
3,,9055,East Naseem,city Riyadh Eastern Al Naseem district_867,Resid.,Open,,,,,0.08,0.05,0,0,0,0,0,0,0,0,0,0,0,0,0,0,11,11,0,0,0,-11,0,0
3,,9061,East Naseem,city Riyadh Eastern Al Naseem district_873,Resid.,Open,,,,,0.11,0.07,0,0,0,0,0,7,0,0,0,0,7,1,4,2,17,12,2,3,0,-15,0,0
3,,9062,East Naseem,city Riyadh Eastern Al Naseem district_874,Resid.,Open,,,,,0.02,0.01,0,0,0,0,0,3,0,0,0,0,3,0,0,3,6,3,0,3,0,-3,0,0
3,,9069,East Naseem,city Riyadh Eastern Al Naseem district_881,Resid.,Open,,,,,0.08,0.05,0,0,0,0,0,3,0,0,0,0,3,0,0,3,13,10,0,3,0,-11,0,0
3,,9072,East Naseem,city Riyadh Eastern Al Naseem district_884,Resid.,Open,,,,,0.15,0.1,0,0,0,0,0,3,0,0,0,0,3,0,1,2,21,18,1,2,0,-21,0,0
3,,9074,East Naseem,city Riyadh Eastern Al Naseem district_886,Resid.,Open,,,,,0.44,0.29,0,0,0,0,0,4,0,0,0,0,4,0,0,4,65,57,0,8,0,-61,0,0
3,,9077,East Naseem,city Riyadh Eastern Al Naseem district_889,Mixed.,Open,,,,,0.36,0.24,0,0,0,0,0,0,0,0,0,0,0,0,0,0,52,51,0,1,0,-51,0,0
3,,9078,East Naseem,city Riyadh Eastern Al Naseem district_890,Resid.,Open,,,,,0.08,0.05,0,0,0,0,0,3,0,0,0,0,3,0,2,1,13,10,1,2,0,-11,0,0
3,,9080,East Naseem,city Riyadh Eastern Al Naseem district_892,Resid.,Open,,,,,0.09,0.06,0,0,0,0,0,1,0,0,0,0,1,0,1,0,13,12,1,0,0,-13,0,0
3,,9085,East Naseem,city Riyadh Eastern Al Naseem district_897,Resid.,Open,,,,,0.1,0.07,0,0,0,0,0,0,0,0,0,0,0,0,0,0,14,14,0,0,0,-14,0,0
3,,9087,East Naseem,city Riyadh Eastern Al Naseem district_899,Resid.,Open,,,,,0.12,0.08,0,0,0,0,0,2,0,0,0,0,2,0,0,2,17,15,0,2,0,-17,0,0
3,,9090,East Naseem,city Riyadh Eastern Al Naseem district_902,Resid.,Open,,,,,0.07,0.05,0,0,0,0,0,1,0,0,0,0,1,0,1,0,10,9,1,0,0,-10,0,0
3,,9093,East Naseem,city Riyadh Eastern Al Naseem district_905,Resid.,Open,,,,,0.1,0.07,0,0,0,0,0,7,0,0,0,0,7,2,3,2,17,11,3,3,0,-14,0,0
3,,9096,East Naseem,city Riyadh Eastern Al Naseem district_908,Resid.,Open,,,,,0.07,0.05,0,0,0,0,0,3,0,0,0,0,3,1,1,1,11,9,1,1,0,-10,0,0
3,,9098,East Naseem,city Riyadh Eastern Al Naseem district_910,Resid.,Open,,,,,0.06,0.04,0,0,0,0,0,0,0,0,0,0,0,0,0,0,10,8,0,2,0,-8,0,0
3,,9099,East Naseem,city Riyadh Eastern Al Naseem district_911,Mixed.,Open,,,,,0.19,0.12,0,0,0,0,0,0,0,0,0,0,0,0,0,0,26,26,0,0,0,-26,0,YES
3,,9102,East Naseem,city Riyadh Eastern Al Naseem district_914,Com,Open,,,,,0.06,0.04,0,0,0,0,0,3,0,0,0,0,3,1,1,1,11,8,1,2,0,-9,0,0
3,,9301,Oraija,city Riyadh Oraija middle district_723,Resid.,Open,,,,,0.04,0.02,0,0,0,0,0,7,0,0,0,0,7,0,5,2,7,3,2,2,0,-5,0,0
3,,9304,Oraija,city Riyadh Oraija middle district_726,Resid.,Open,,,,,0.09,0.06,0,0,0,0,0,2,0,0,0,0,2,0,0,2,14,11,0,3,0,-13,0,YES
3,,9303,Oraija,city Riyadh Oraija middle district_725,Resid.,Open,,,,,0.07,0.05,0,0,0,0,0,6,0,0,0,0,6,0,5,1,10,6,3,1,0,-10,0,0
3,,9309,Oraija,city Riyadh Oraija middle district_731,Resid.,Open,,,,,0.11,0.07,0,0,0,0,0,2,0,0,0,0,2,0,0,2,17,14,0,3,0,-15,0,0
3,,9315,Oraija,city Riyadh Oraija middle district_737,Resid.,Open,,,,,0.04,0.03,0,0,0,0,0,3,0,0,0,0,3,1,1,1,7,5,1,1,0,-6,0,0
3,,9317,Oraija,city Riyadh Oraija middle district_739,Resid.,Open,,,,,0.05,0.03,0,0,0,0,0,6,0,0,0,0,6,1,4,1,10,5,2,3,0,-7,0,0
3,,9323,Oraija,city Riyadh Oraija middle district_745,Resid.,Open,,,,,0.02,0.01,0,0,0,0,0,0,0,0,0,0,0,0,0,0,4,3,0,1,0,-3,0,0
3,,9331,Oraija,city Riyadh Oraija middle district_753,Resid.,Open,,,,,0.02,0.01,0,0,0,0,0,3,0,0,0,0,3,1,1,1,4,2,1,1,0,-3,0,0
3,,9333,Oraija,city Riyadh Oraija middle district_755,Resid.,Open,,,,,0.06,0.04,0,0,0,0,0,1,0,0,0,0,1,0,0,1,10,8,0,2,0,-9,0,0
3,,9339,Oraija,city Riyadh Oraija middle district_761,Mixed.,Open,,,,,0.46,0.31,0,0,0,0,0,0,0,0,0,0,0,0,0,0,82,65,0,17,0,-65,0,YES
3,,9341,Oraija,city Riyadh Oraija middle district_763,Mixed.,Open,,,,,0.19,0.13,0,0,0,0,0,1,0,0,0,0,1,0,0,1,44,27,0,17,0,-27,0,YES
3,,9342,Oraija,city Riyadh Oraija middle district_764,Mixed.,Open,,,,,0.04,0.03,0,0,0,0,0,8,0,0,0,0,8,0,5,3,9,5,1,3,0,-6,0,0
3,,9343,Oraija,city Riyadh Oraija middle district_765,Resid.,Open,,,,,0.02,0.01,0,0,0,0,0,3,0,0,0,0,3,1,1,1,4,2,1,1,0,-3,0,0
3,,9344,Oraija,city Riyadh Oraija middle district_766,Resid.,Open,,,,,0.02,0.01,0,0,0,0,0,3,0,0,0,0,3,1,1,1,4,2,1,1,0,-3,0,0
3,,9357,Oraija,city Riyadh Oraija middle district_779,Resid.,Open,,,,,0.03,0.02,0,0,0,0,0,5,0,0,0,0,5,1,1,3,6,2,1,3,0,-4,0,0
3,,9672,West Suwaidi,city Riyadh West Suwaidi district_267,Mixed.,Open,,,,,0.12,0.08,0,0,0,0,0,12,3,0,3,0,9,1,7,1,18,13,4,1,0,-14,0,0
3,,9675,West Suwaidi,city Riyadh West Suwaidi district_270,Resid.,Open,,,,,0.06,0.04,0,0,0,0,0,9,0,0,0,0,9,1,7,1,9,5,3,1,0,-8,0,0
3,,9677,West Suwaidi,city Riyadh West Suwaidi district_272,Resid.,Open,,,,,0.09,0.06,0,0,0,0,0,1,0,0,0,0,1,0,1,0,15,11,1,3,0,-12,0,0
3,,9678,West Suwaidi,city Riyadh West Suwaidi district_273,Resid.,Open,,,,,0.06,0.04,0,0,0,0,0,2,0,0,0,0,2,0,2,0,10,6,2,2,0,-8,0,0
3,,9682,West Suwaidi,city Riyadh West Suwaidi district_277,Resid.,Open,,,,,0.02,0.01,0,0,0,0,0,3,0,0,0,0,3,1,1,1,5,2,1,2,0,-3,0,0
3,,9683,West Suwaidi,city Riyadh West Suwaidi district_278,Resid.,Open,,,,,0.03,0.02,0,0,0,0,0,0,0,0,0,0,0,0,0,0,5,4,0,1,0,-4,0,0
3,,9685,West Suwaidi,city Riyadh West Suwaidi district_280,Resid.,Open,,,,,0.1,0.07,0,0,0,0,0,1,1,0,1,0,0,0,0,0,17,13,1,3,0,-14,0,0
3,,9689,West Suwaidi,city Riyadh West Suwaidi district_284,Resid.,Open,,,,,0.06,0.04,0,0,0,0,0,0,0,0,0,0,0,0,0,0,10,9,0,1,0,-9,0,0
3,,9702,West Suwaidi,city Riyadh West Suwaidi district_297,Resid.,Open,,,,,0.07,0.05,0,0,0,0,0,0,0,0,0,0,0,0,0,0,10,10,0,0,0,-10,0,0
3,,9716,West Suwaidi,city Riyadh West Suwaidi district_311,Resid.,Open,,,,,0.06,0.04,0,0,0,0,0,0,0,0,0,0,0,0,0,0,9,8,0,1,0,-8,0,0
3,,9704,West Suwaidi,city Riyadh West Suwaidi district_299,Resid.,Open,,,,,0.06,0.04,0,0,0,0,0,0,0,0,0,0,0,0,0,0,10,9,0,1,0,-9,0,0
3,,9720,West Suwaidi,city Riyadh West Suwaidi district_315,Resid.,Open,,,,,0.04,0.02,0,0,0,0,0,0,0,0,0,0,0,0,0,0,4,4,0,0,0,-5,0,0
3,,9721,Western Al Naseem,city Riyadh Western Al Naseem district_100,Resid.,Open,,,,,0.06,0.04,0,0,0,0,0,2,0,0,0,0,2,0,0,2,9,7,0,2,0,-9,0,0
3,,9724,Western Al Naseem,city Riyadh Western Al Naseem district_103,Resid.,Open,,,,,0.04,0.02,0,0,0,0,0,0,0,0,0,0,0,0,0,0,5,5,0,0,0,-5,0,YES
3,,9725,Western Al Naseem,city Riyadh Western Al Naseem district_104,Resid.,Open,,,,,0.03,0.02,0,0,0,0,0,3,0,0,0,0,3,1,1,1,5,3,1,1,0,-4,0,YES
3,,9727,Western Al Naseem,city Riyadh Western Al Naseem district_106,Resid.,Open,,,,,0.05,0.03,0,0,0,0,0,1,0,0,0,0,1,0,0,1,8,7,0,1,0,-7,0,0
3,,9730,Western Al Naseem,city Riyadh Western Al Naseem district_109,Resid.,Open,,,,,0.1,0.07,0,0,0,0,0,1,0,0,0,0,1,0,0,1,15,13,0,2,0,-14,0,0
3,,9735,Western Al Naseem,city Riyadh Western Al Naseem district_113,Resid.,Open,,,,,0.05,0.03,0,0,0,0,0,3,0,0,0,0,3,1,1,1,8,6,1,1,0,-7,0,0
3,,9737,Western Al Naseem,city Riyadh Western Al Naseem district_115,Resid.,Open,,,,,0.04,0.03,0,0,0,0,0,1,0,0,0,0,1,0,0,1,6,5,0,1,0,-6,0,YES
3,,9738,Western Al Naseem,city Riyadh Western Al Naseem district_116,Resid.,Open,,,,,0.05,0.03,0,0,0,0,0,7,0,0,0,0,7,1,4,2,11,6,1,4,0,-7,0,0
3,,9739,Western Al Naseem,city Riyadh Western Al Naseem district_117,Resid.,Open,,,,,0.09,0.06,0,0,0,0,0,9,0,0,0,0,9,2,3,4,16,8,3,5,0,-13,0,0
3,,9740,Western Al Naseem,city Riyadh Western Al Naseem district_118,Resid.,Open,,,,,0.11,0.07,0,0,0,0,0,1,0,0,0,0,1,0,1,0,16,14,1,1,0,-15,0,YES
3,,9746,Western Al Naseem,city Riyadh Western Al Naseem district_124,Resid.,Open,,,,,0.06,0.04,0,0,0,0,0,6,0,0,0,0,6,2,2,2,11,6,2,3,0,-8,0,0
3,,9752,Western Al Naseem,city Riyadh Western Al Naseem district_130,Resid.,Open,,,,,0.04,0.03,0,0,0,0,0,0,0,0,0,0,0,0,0,0,7,6,0,1,0,-6,0,0
3,,9756,Western Al Naseem,city Riyadh Western Al Naseem district_134,Resid.,Open,,,,,0.1,0.07,0,0,0,0,0,2,0,0,0,0,2,0,1,1,17,12,1,4,0,-14,0,YES
3,,9760,Western Al Naseem,city Riyadh Western Al Naseem district_138,Resid.,Open,,,,,0.02,0.01,0,0,0,0,0,0,0,0,0,0,0,0,0,0,3,3,0,0,0,-3,0,0
3,,9762,Western Al Naseem,city Riyadh Western Al Naseem district_140,Resid.,Open,,,,,0.08,0.05,0,0,0,0,0,4,0,0,0,0,4,1,1,2,17,10,1,6,0,-11,0,0
3,,9763,Western Al Naseem,city Riyadh Western Al Naseem district_141,Resid.,Open,,,,,0.03,0.02,0,0,0,0,0,0,0,0,0,0,0,0,0,0,5,4,0,1,0,-4,0,0
3,,9765,Western Al Naseem,city Riyadh Western Al Naseem district_143,Resid.,Open,,,,,0.18,0.12,0,0,0,0,0,2,0,0,0,0,2,0,0,2,30,24,0,6,0,-25,0,0
3,,9766,Western Al Naseem,city Riyadh Western Al Naseem district_144,Resid.,Open,,,,,0.07,0.05,0,0,0,0,0,0,0,0,0,0,0,0,0,0,10,10,0,0,0,-10,0,0
3,,9772,Western Al Naseem,city Riyadh Western Al Naseem district_150,Resid.,Open,,,,,0.09,0.06,0,0,0,0,0,4,0,0,0,0,4,0,0,4,13,9,0,4,0,-13,0,0
3,,9773,Western Al Naseem,city Riyadh Western Al Naseem district_151,Resid.,Open,,,,,0.09,0.06,0,0,0,0,0,1,0,0,0,0,1,0,0,1,13,11,0,2,0,-12,0,YES
3,,9777,Western Al Naseem,city Riyadh Western Al Naseem district_155,Resid.,Open,,,,,0.17,0.11,0,0,0,0,0,2,0,0,0,0,2,0,1,1,29,22,1,6,0,-24,0,YES
3,,9778,Western Al Naseem,city Riyadh Western Al Naseem district_156,Resid.,Open,,,,,0.12,0.08,0,0,0,0,0,2,0,0,0,0,2,0,1,1,21,15,1,5,0,-17,0,YES
3,,9782,Western Al Naseem,city Riyadh Western Al Naseem district_160,Resid.,Open,,,,,0.11,0.07,0,0,0,0,0,3,0,0,0,0,3,0,3,0,17,14,1,2,0,-15,0,0
3,,9783,Western Al Naseem,city Riyadh Western Al Naseem district_161,Resid.,Open,,,,,0.04,0.03,0,0,0,0,0,0,0,0,0,0,0,0,0,0,6,6,0,0,0,-6,0,YES
3,,9785,Western Al Naseem,city Riyadh Western Al Naseem district_163,Resid.,Open,,,,,0.06,0.04,0,0,0,0,0,1,0,0,0,0,1,0,0,1,10,7,0,3,0,-8,0,YES
3,,9786,Western Al Naseem,city Riyadh Western Al Naseem district_164,Resid.,Open,,,,,0.06,0.04,0,0,0,0,0,0,0,0,0,0,0,0,0,0,9,9,0,0,0,-9,0,YES
3,,9787,Western Al Naseem,city Riyadh Western Al Naseem district_165,Resid.,Open,,,,,0.07,0.05,0,0,0,0,0,0,0,0,0,0,0,0,0,0,10,10,0,0,0,-10,0,YES
3,,9797,Western Al Naseem,city Riyadh Western Al Naseem district_175,Resid.,Open,,,,,0.06,0.04,0,0,0,0,0,3,0,0,0,0,3,0,1,2,11,6,1,4,0,-9,0,YES
3,,9799,Western Al Naseem,city Riyadh Western Al Naseem district_177,Resid.,Open,,,,,0.09,0.06,0,0,0,0,0,4,0,0,0,0,4,1,1,2,15,11,1,3,0,-13,0,0
3,,9800,Western Al Naseem,city Riyadh Western Al Naseem district_178,Resid.,Open,,,,,0.04,0.03,0,0,0,0,0,1,0,0,0,0,1,0,0,1,6,5,0,1,0,-6,0,0
3,,9801,Western Al Naseem,city Riyadh Western Al Naseem district_179,Resid.,Open,,,,,0.09,0.06,0,0,0,0,0,0,0,0,0,0,0,0,0,0,12,12,0,0,0,-12,0,0
3,,9802,Western Al Naseem,city Riyadh Western Al Naseem district_180,Resid.,Open,,,,,0.06,0.04,0,0,0,0,0,1,0,0,0,0,1,0,1,0,8,7,1,0,0,-8,0,0
3,,9803,Western Al Naseem,city Riyadh Western Al Naseem district_181,Resid.,Open,,,,,0.05,0.03,0,0,0,0,0,0,0,0,0,0,0,0,0,0,7,7,0,0,0,-7,0,0
3,,9806,Western Al Naseem,city Riyadh Western Al Naseem district_184,Resid.,Open,,,,,0.02,0.01,0,0,0,0,0,0,0,0,0,0,0,0,0,0,3,3,0,0,0,-3,0,0
3,,9809,Western Al Naseem,city Riyadh Western Al Naseem district_187,Resid.,Open,,,,,0.06,0.04,0,0,0,0,0,3,0,0,0,0,3,0,1,2,9,6,1,2,0,-9,0,0
3,,9811,Western Al Naseem,city Riyadh Western Al Naseem district_189,Resid.,Open,,,,,0.04,0.03,0,0,0,0,0,3,0,0,0,0,3,1,1,1,8,5,1,2,0,-6,0,0
3,,9814,Western Al Naseem,city Riyadh Western Al Naseem district_192,Resid.,Open,,,,,0.04,0.03,0,0,0,0,0,1,0,0,0,0,1,0,0,1,6,5,0,1,0,-6,0,0
3,,9815,Western Al Naseem,city Riyadh Western Al Naseem district_193,Resid.,Open,,,,,0.11,0.08,0,0,0,0,0,4,0,0,0,0,4,1,1,2,20,14,1,5,0,-16,0,0
3,,9816,Western Al Naseem,city Riyadh Western Al Naseem district_194,Resid.,Open,,,,,0.08,0.05,0,0,0,0,0,3,0,0,0,0,3,0,2,1,12,9,1,2,0,-11,0,0
3,,9818,Western Al Naseem,city Riyadh Western Al Naseem district_196,Resid.,Open,,,,,0.1,0.07,0,0,0,0,0,1,0,0,0,0,1,0,0,1,16,14,0,2,0,-14,0,0
3,,9820,Western Al Naseem,city Riyadh Western Al Naseem district_198,Resid.,Open,,,,,0.04,0.03,0,0,0,0,0,4,0,0,0,0,4,1,1,2,10,5,1,4,0,-6,0,0
3,,9823,Western Al Naseem,city Riyadh Western Al Naseem district_201,Resid.,Open,,,,,0.18,0.12,0,0,0,0,0,3,0,0,0,0,3,0,0,3,29,22,0,7,0,-25,0,0
3,,9824,Western Al Naseem,city Riyadh Western Al Naseem district_209,Resid.,Open,,,,,0.09,0.06,0,0,0,0,0,8,0,0,0,0,8,3,4,1,15,9,4,2,0,-12,0,0
3,,9828,Western Al Naseem,city Riyadh Western Al Naseem district_77,Mixed.,Open,,,,,0.1,0.07,0,0,0,0,0,1,0,0,0,0,1,0,0,1,14,13,0,1,0,-14,0,0
3,,9829,Western Al Naseem,city Riyadh Western Al Naseem district_78,Mixed.,Open,,,,,0.09,0.06,0,0,0,0,0,0,0,0,0,0,0,0,0,0,13,13,0,0,0,-13,0,YES
3,,9831,Western Al Naseem,city Riyadh Western Al Naseem district_80,Resid.,Open,,,,,0.06,0.04,0,0,0,0,0,0,0,0,0,0,0,0,0,0,10,9,0,1,0,-9,0,0
3,,9832,Western Al Naseem,city Riyadh Western Al Naseem district_81,Resid.,Open,,,,,0.09,0.06,0,0,0,0,0,0,0,0,0,0,0,0,0,0,14,13,0,1,0,-13,0,0
3,,9833,Western Al Naseem,city Riyadh Western Al Naseem district_82,Resid.,Open,,,,,0.06,0.04,0,0,0,0,0,1,0,0,0,0,1,0,0,1,12,7,0,5,0,-8,0,0
3,,9839,Western Al Naseem,city Riyadh Western Al Naseem district_88,Resid.,Open,,,,,0.07,0.05,0,0,0,0,0,0,0,0,0,0,0,0,0,0,10,10,0,0,0,-10,0,YES
3,,9841,Western Al Naseem,city Riyadh Western Al Naseem district_90,Resid.,Open,,,,,0.06,0.04,0,0,0,0,0,1,0,0,0,0,1,0,1,0,11,8,1,2,0,-9,0,YES
3,,9845,Western Al Naseem,city Riyadh Western Al Naseem district_94,Resid.,Open,,,,,0.11,0.07,0,0,0,0,0,1,0,0,0,0,1,0,0,1,17,15,0,2,0,-15,0,YES
3,,9850,Western Al Naseem,city Riyadh Western Al Naseem district_99,Resid.,Open,,,,,0.12,0.08,0,0,0,0,0,1,0,0,0,0,1,0,0,1,17,16,0,1,0,-17,0,0
3,,9868,Oraija,city Riyadh Oraija district_635,Mixed.,Open,,,,,0.02,0.01,0,0,0,0,0,0,0,0,0,0,0,0,0,0,5,3,0,2,0,-3,0,0
3,,9873,Oraija,city Riyadh Oraija district_653,Mixed.,Open,,,,,0.04,0.03,0,0,0,0,0,0,0,0,0,0,0,0,0,0,7,6,0,1,0,-6,0,0
3,,9872,Oraija,city Riyadh Oraija district_652,Resid.,Open,,,,,0.09,0.06,0,0,0,0,0,0,0,0,0,0,0,0,0,0,14,12,0,2,0,-12,0,0
3,,9882,Oraija,city Riyadh Oraija district_662,Resid.,Open,,,,,0.04,0.03,0,0,0,0,0,0,0,0,0,0,0,0,0,0,6,6,0,0,0,-6,0,0
3,,9885,Oraija,city Riyadh Oraija district_665,Resid.,Open,,,,,0.02,0.01,0,0,0,0,0,0,0,0,0,0,0,0,0,0,3,3,0,0,0,-3,0,0
3,,9891,Oraija,city Riyadh Oraija district_671,Resid.,Open,,,,,0.09,0.06,0,0,0,0,0,1,0,0,0,0,1,0,0,1,14,11,0,3,0,-12,0,0
3,,9893,Oraija,city Riyadh Oraija district_673,Resid.,Open,,,,,0.06,0.04,0,0,0,0,0,1,0,0,0,0,1,0,0,1,8,7,0,1,0,-8,0,0
3,,9894,Oraija,city Riyadh Oraija district_674,Resid.,Open,,,,,0.04,0.03,0,0,0,0,0,1,0,0,0,0,1,0,0,1,7,5,0,2,0,-6,0,YES
3,,9898,Oraija,city Riyadh Oraija district_678,Resid.,Open,,,,,0.02,0.01,0,0,0,0,0,1,0,0,0,0,1,0,1,0,4,2,1,1,0,-3,0,0
3,,9899,Oraija,city Riyadh Oraija district_679,Resid.,Open,,,,,0.04,0.03,0,0,0,0,0,3,0,0,0,0,3,0,3,0,6,5,1,0,0,-6,0,0
3,,9901,Oraija,city Riyadh Oraija district_681,Resid.,Open,,,,,0.13,0.09,0,0,0,0,0,2,0,0,0,0,2,0,0,2,19,16,0,3,0,-18,0,0
3,,9902,Oraija,city Riyadh Oraija district_682,Resid.,Open,,,,,0.12,0.08,0,0,0,0,0,2,0,0,0,0,2,0,1,1,19,15,1,3,0,-17,0,0
3,,9910,Oraija,city Riyadh Oraija district_690,Resid.,Open,,,,,0.04,0.02,0,0,0,0,0,0,0,0,0,0,0,0,0,0,7,5,0,2,0,-5,0,0
3,,9913,Oraija,city Riyadh Oraija district_693,Resid.,Open,,,,,0.09,0.06,0,0,0,0,0,2,0,0,0,0,2,0,0,2,14,11,0,3,0,-12,0,0
3,,9914,Oraija,city Riyadh Oraija district_694,Resid.,Open,,,,,0.06,0.04,0,0,0,0,0,6,0,0,0,0,6,0,4,2,10,6,1,3,0,-8,0,0
3,,9915,Oraija,city Riyadh Oraija district_695,Resid.,Open,,,,,0.04,0.02,0,0,0,0,0,1,0,0,0,0,1,0,0,1,5,4,0,1,0,-5,0,0
3,,9919,Oraija,city Riyadh Oraija district_699,Resid.,Open,,,,,0.02,0.01,0,0,0,0,0,3,0,0,0,0,3,1,1,1,5,2,1,2,0,-3,0,0
3,,9923,Oraija,city Riyadh Oraija district_703,Resid.,Open,,,,,0.09,0.06,0,0,0,0,0,2,0,0,0,0,2,0,0,2,15,12,0,3,0,-13,0,YES
3,,9925,Oraija,city Riyadh Oraija district_705,Resid.,Open,,,,,0.09,0.06,0,0,0,0,0,3,0,0,0,0,3,0,3,0,15,11,1,3,0,-12,0,0
3,,9926,Oraija,city Riyadh Oraija district_706,Resid.,Open,,,,,0.04,0.03,0,0,0,0,0,1,0,0,0,0,1,0,0,1,7,6,0,1,0,-6,0,0
3,,9928,Oraija,city Riyadh Oraija district_708,Resid.,Open,,,,,0.02,0.01,0,0,0,0,0,0,0,0,0,0,0,0,0,0,3,3,0,0,0,-3,0,0
3,,9929,Oraija,city Riyadh Oraija district_709,Resid.,Open,,,,,0.02,0.01,0,0,0,0,0,1,0,0,0,0,1,0,0,1,5,3,0,2,0,-3,0,0
3,,9932,Oraija,city Riyadh Oraija district_712,Resid.,Open,,,,,0.06,0.04,0,0,0,0,0,0,0,0,0,0,0,0,0,0,10,9,0,1,0,-9,0,0
3,,9938,Oraija,city Riyadh Oraija district_718,Resid.,Open,,,,,0.02,0.01,0,0,0,0,0,1,0,0,0,0,1,0,0,1,5,3,0,2,0,-3,0,0
3,,9939,Oraija,city Riyadh Oraija district_719,Resid.,Open,,,,,0.04,0.03,0,0,0,0,0,1,0,0,0,0,1,0,0,1,8,6,0,2,0,-6,0,YES
3,,9940,Oraija,city Riyadh Oraija district_720,Resid.,Open,,,,,0.06,0.04,0,0,0,0,0,2,0,0,0,0,2,0,0,2,12,8,0,4,0,-9,0,0
3,,9967,Eshbilia,Ishbiliyah district_11,Resid.,Open,,,,,0.08,0.05,0,0,0,0,0,1,0,0,0,0,1,0,1,0,16,10,1,5,0,-11,0,0
3,,9969,Eshbilia,Ishbiliyah district_13,Resid.,Open,,,,,0.06,0.04,0,0,0,0,0,4,0,0,0,0,4,1,2,1,9,6,2,1,0,-8,0,0
3,,9983,Eshbilia,Ishbiliyah district_26,Resid.,Open,,,,,0.05,0.03,0,0,0,0,0,3,0,0,0,0,3,1,1,1,9,6,1,2,0,-7,0,0
3,,9999,Eshbilia,Ishbiliyah district_40,Resid.,Open,,,,,0.13,0.09,0,0,0,0,0,3,0,0,0,0,3,1,1,1,21,17,1,3,0,-18,0,0
3,,10001,Eshbilia,Ishbiliyah district_42,Resid.,Open,,,,,0.02,0.01,0,0,0,0,0,0,0,0,0,0,0,0,0,0,3,3,0,0,0,-3,0,0
3,,10007,Eshbilia,Ishbiliyah district_48,Resid.,Open,,,,,0.07,0.05,0,0,0,0,0,4,0,0,0,0,4,1,2,1,11,8,2,1,0,-10,0,0
3,,10158,Oraija,RUH_Oraija_06,Resid.,Open,,,,,0.02,0.01,0,0,0,0,0,0,0,0,0,0,0,0,0,0,4,3,0,1,0,-3,0,0
3,,10160,Oraija,RUH_Oraija_08,Resid.,Open,,,,,0.02,0.01,0,0,0,0,0,3,0,0,0,0,3,1,1,1,4,2,1,1,0,-3,0,0
3,,10167,Oraija,RUH_Oraija_03,Resid.,Open,,,,,0.06,0.04,0,0,0,0,0,4,0,0,0,0,4,1,1,2,11,7,1,3,0,-8,0,YES
3,,10168,Oraija,RUH_Oraija_04,Resid.,Open,,,,,0.05,0.03,0,0,0,0,0,3,0,0,0,0,3,1,1,1,9,6,1,2,0,-7,0,0
3,,10170,Oraija,RUH_Oraija_06,Resid.,Open,,,,,0.06,0.04,0,0,0,0,0,1,0,0,0,0,1,0,0,1,8,7,0,1,0,-8,0,0
3,,5263,Al Rafiha,city Riyadh Al Rafiha district_1271,Resid.,Open,,,,,0.01,0,0,0,0,0,0,0,0,0,0,0,0,0,0,0,1,1,0,0,0,-1,0,0
3,,6639,Al Nahdah,Al Nahdah district_149,Resid.,Open,,,,,0.03,0.02,0,0,0,0,0,10,0,0,0,0,10,3,3,4,8,1,3,4,0,-4,0,0
3,,6693,Al Nahdah,Al Nahdah district_203,Resid.,Open,,,,,0.04,0.02,0,0,0,0,0,9,0,0,0,0,9,3,3,3,8,2,3,3,0,-5,0,0
3,,7160,Al Badiea,city Riyadh Al Badiea district_1191,Resid.,Open,,,,,0.06,0.04,0,0,0,0,0,12,0,0,0,0,12,3,8,1,16,5,5,6,0,-9,0,0
3,,7166,Al Badiea,city Riyadh Al Badiea district_1197,Resid.,Open,,,,,0.02,0.01,0,0,0,0,0,10,0,0,0,0,10,3,3,4,7,0,3,4,0,-3,0,0
3,,8173,Al Shifa,city Riyadh Al Shifa district_312,Resid.,Open,,,,,0.05,0.03,0,0,0,0,0,10,0,0,0,0,10,3,3,4,10,3,3,4,0,-7,0,0
3,,8198,Al Shifa,city Riyadh Al Shifa district_337,Resid.,Open,,,,,0.03,0.02,0,0,0,0,0,4,0,0,0,0,4,0,2,2,6,2,2,2,0,-4,0,YES
3,,8199,Al Shifa,city Riyadh Al Shifa district_338,Resid.,Open,,,,,0.16,0.06,0,0,0,0,0,17,10,10,0,0,7,1,5,1,15,6,7,2,0,-3,0,0
3,,8336,Al Suwaidi,city Riyadh Al Suwaidi district_227,Resid.,Open,,,,,0.03,0.02,0,0,0,0,0,2,0,0,0,0,2,0,2,0,5,2,2,1,0,-4,0,0
3,,8767,Dhahrat Al Badiea,city Riyadh Dhahrat Al Badiea district_200,Resid.,Open,,,,,0.03,0.02,0,0,0,0,0,2,0,0,0,0,2,0,2,0,5,2,2,1,0,-4,0,0
3,,8769,Dhahrat Al Badiea,city Riyadh Dhahrat Al Badiea district_202,Resid.,Open,,,,,0.02,0.01,0,0,0,0,0,10,0,0,0,0,10,3,3,4,7,0,3,4,0,-3,0,0
3,,8785,Dhahrat Al Badiea,city Riyadh Dhahrat Al Badiea district_218,Resid.,Open,,,,,0.03,0.02,0,0,0,0,0,8,0,0,0,0,8,2,3,3,8,1,3,4,0,-4,0,0
3,,8792,Dhahrat Al Badiea,city Riyadh Dhahrat Al Badiea district_233,Resid.,Open,,,,,0.04,0.03,0,0,0,0,0,10,0,0,0,0,10,3,3,4,11,3,3,5,0,-6,0,0
3,,9307,Oraija,city Riyadh Oraija middle district_729,Resid.,Open,,,,,0.02,0.01,0,0,0,0,0,3,0,0,0,0,3,0,3,0,3,1,2,0,0,-3,0,0
3,,9311,Oraija,city Riyadh Oraija middle district_733,Resid.,Open,,,,,0.06,0.04,0,0,0,0,0,9,0,0,0,0,9,2,4,3,13,4,4,5,0,-9,0,YES
3,,9676,West Suwaidi,city Riyadh West Suwaidi district_271,Resid.,Open,,,,,0.02,0.01,0,0,0,0,0,4,0,0,0,0,4,1,2,1,4,1,2,1,0,-3,0,0
3,,9747,Western Al Naseem,city Riyadh Western Al Naseem district_125,Resid.,Open,,,,,0.02,0.01,0,0,0,0,0,6,0,0,0,0,6,2,2,2,5,1,2,2,0,-3,0,0
3,,9977,Eshbilia,Ishbiliyah district_20,Resid.,Off-Plan,aalosaimi,25-Apr,"April 15, 25","April 15, 25",0.06,0.03,0,0,0,0,0,17,7,2,4,1,10,3,2,5,14,0,7,7,0,2,0,0
3,,9981,Eshbilia,Ishbiliyah district_24,Resid.,Off-Plan,aalosaimi,25-Apr,"April 15, 25","April 16, 25",0.3,0.07,0,0,0,0,0,56,42,27,6,9,14,2,11,1,43,0,33,10,0,27,0,0
3,,9986,Eshbilia,Ishbiliyah district_29,Resid.,Off-Plan,aalosaimi,25-Apr,"April 17, 25","April 20, 25",0.32,0.11,0,0,0,0,0,60,45,22,12,11,15,2,11,2,49,0,34,15,0,22,0,0
3,,6574,Al Munisiyah,Al Munisiyah district_227,Resid.,Off-Plan,ashuban,25-May,"May 3, 25","May 3, 25",0.28,0.06,0,0,0,0,0,41,30,26,4,0,11,0,9,2,43,9,30,4,0,26,0,YES
3,,6590,Al Munisiyah,Al Munisiyah district_243,Resid.,Off-Plan,ashuban,25-May,"May 3, 25","May 3, 25",0.37,0.07,0,0,0,0,0,45,40,37,3,0,5,1,2,2,56,11,41,4,0,38,0,0
3,,6621,Al Munisiyah,Al Munisiyah district_274,Resid.,Off-Plan,fabdelrahman,25-May,"May 3, 25","May 3, 25",0.19,0.06,0,0,0,0,0,43,23,14,9,0,20,1,18,1,29,3,23,3,0,14,0,0
3,,6624,Al Munisiyah,Al Munisiyah district_277,Resid.,Off-Plan,fabdelrahman,25-May,"May 3, 25","May 3, 25",0.02,0.01,0,0,0,0,0,6,2,0,2,0,4,1,2,1,4,1,2,1,0,0,0,0
3,,8354,Al Suwaidi,city Riyadh Al Suwaidi district_37,Resid.,Off-Plan,surveyor13,25-Apr,"April 15, 25","April 15, 25",0.11,0.03,0,0,0,0,0,22,14,9,1,4,8,1,3,4,19,0,10,9,0,9,0,0
3,,8358,Al Suwaidi,city Riyadh Al Suwaidi district_41,Resid.,Off-Plan,surveyor13,25-Apr,"April 15, 25","April 15, 25",0.11,0.03,0,0,0,0,0,23,15,9,3,3,8,1,5,2,20,0,12,8,0,9,0,0
4,,5506,Western Umm Hamam,city Riyadh Western Umm Hamam district_1332,Mixed.,Closed,surveyor13,25-Feb,"February 11, 25","February 18, 25",0.71,0.38,0,0,0,0,21,236,104,21,32,51,132,0,123,9,160,4,71,85,0,21,3.73,YES
4,,5484,Western Umm Hamam,city Riyadh Western Umm Hamam district_1310,Mixed.,Closed,ashuban,25-Feb,"January 1, 25","May 11, 25",1.19,0.74,1,8,0,0,12,186,62,11,37,14,124,1,113,10,192,83,68,41,0,11,2.83,YES
4,,6401,Al Mansurah,Al Mansurah district_10000413,Mixed.,Open,,,,,0.96,0.64,0,0,0,0,16,98,0,0,0,0,98,3,90,5,153,109,25,19,0,-135,2.73,YES
4,,5808,Al Arid,Al Aared district_266,Mixed.,Off-Plan,surveyor3,25-Apr,"March 8, 25","April 3, 25",0.59,0.24,0,0,0,0,15,262,153,26,18,109,109,92,14,3,98,0,60,38,0,32,2.7,0
4,,9589,Tuwaiq,city Riyadh Tuwaiq district_650,Mixed.,Open,,,,,0.24,0.16,0,0,0,0,15,77,0,0,0,0,77,2,75,0,37,18,17,2,0,-33,2.63,0
4,,7437,Al Jazeera,city Riyadh Al Jazeera district_317,Resid.,Open,,,,,0.25,0.17,0,0,0,0,14,76,0,0,0,0,76,3,71,2,42,22,16,4,0,-35,2.37,0
4,,7654,Al Nadwah,city Riyadh Al Nadwah district_964,Mixed.,Open,,,,,0.26,0.17,0,0,0,0,14,56,0,0,0,0,56,3,53,0,43,22,19,2,0,-36,2.37,0
4,,10192,Al Farouq,RUH_Rimal mall_IKEA,Mixed.,Open,,,,,0.19,0.13,1,0,0,0,12,48,0,0,0,0,48,1,44,3,36,16,13,7,0,-27,2.08,0
4,,6413,Al Mansurah,Al Mansurah district_10000425,Resid.,Open,,,,,0.22,0.15,0,0,0,0,12,61,0,0,0,0,61,2,55,4,41,16,14,11,0,-31,2.02,0
4,,6112,Al Duraihemiyah,Al Duraihemiyah district_10000125,Resid.,Open,,,,,0.64,0.42,0,0,0,0,12,107,0,0,0,0,107,1,96,10,123,60,24,39,0,-89,2.01,0
4,,7653,Al Nadwah,city Riyadh Al Nadwah district_963,Mixed.,Open,,,,,0.13,0.09,0,0,0,0,10,46,0,0,0,0,46,0,46,0,20,7,11,2,0,-18,1.8,0
4,,9373,Shobra,city Riyadh Shobra district_112,Resid.,Open,,,,,0.11,0.07,0,0,0,0,10,48,0,0,0,0,48,1,46,1,17,3,12,2,0,-15,1.8,0
4,,7434,Al Jazeera,city Riyadh Al Jazeera district_314,Resid.,Open,,,,,0.17,0.11,0,0,0,0,10,38,0,0,0,0,38,2,35,1,30,13,12,5,0,-24,1.73,0
4,,7376,Al Janadriyah,city Riyadh Al Janadriyah district_208,Mixed.,Open,,,,,0.18,0.12,0,0,0,0,10,46,0,0,0,0,46,1,45,0,27,16,11,0,0,-25,1.65,0
4,,9464,Tuwaiq,city Riyadh Tuwaiq district_439,Resid.,Open,,,,,0.32,0.21,0,0,0,0,10,48,0,0,0,0,48,0,47,1,51,35,10,6,0,-45,1.65,0
4,,8506,Badr,city Riyadh Badr district_361,Resid.,Open,,,,,0.22,0.15,0,0,0,0,9,66,1,0,1,0,65,2,57,6,35,17,11,7,0,-30,1.47,0
4,,5811,Al Arid,Al Aared district_269,Mixed.,Off-Plan,surveyor3,25-Apr,"April 7, 25","April 7, 25",0.66,0.26,0,0,0,0,8,158,107,22,34,51,51,45,5,1,99,0,59,40,0,38,1.44,0
4,,9588,Tuwaiq,city Riyadh Tuwaiq district_649,Com,Open,,,,,0.9,0.6,0,0,0,0,8,53,0,0,0,0,53,6,41,6,146,108,22,16,0,-126,1.42,0
4,,6423,Al Mansurah,Al Mansurah district_10000435,Resid.,Open,,,,,0.37,0.25,0,0,0,0,8,46,0,0,0,0,46,1,40,5,74,40,12,22,0,-52,1.29,0
4,,6402,Al Mansurah,Al Mansurah district_10000414,Mixed.,Open,,,,,0.66,0.38,0,0,0,0,8,84,15,13,2,0,69,1,57,11,91,51,21,19,0,-65,1.29,YES
4,,6031,Al Dar Al Baida,Al Dar Al Baida district_388,Resid.,Open,,,,,0.11,0.08,0,0,0,0,7,39,0,0,0,0,39,1,37,1,19,7,9,3,0,-16,1.26,0
4,,5483,Western Umm Hamam,city Riyadh Western Umm Hamam district_1309,Mixed.,Closed,surveyor1,25-Feb,"February 11, 25","February 13, 25",0.81,0.41,0,0,0,0,7,122,66,27,29,10,56,1,47,8,119,18,64,37,0,27,1.21,YES
4,,5475,Western Umm Hamam,city Riyadh Western Umm Hamam district_1301,Mixed.,Closed,surveyor13,25-Feb,"February 12, 25","February 16, 25",0.19,0.1,0,0,0,0,7,59,24,5,6,13,35,0,35,0,40,1,21,18,0,5,1.21,0
4,,6415,Al Mansurah,Al Mansurah district_10000427,Resid.,Open,,,,,0.35,0.23,0,0,0,0,7,35,2,0,2,0,33,2,29,2,58,39,10,9,0,-47,1.11,0
4,,6431,Al Mansurah,Al Mansurah district_10000443,Resid.,Open,,,,,0.47,0.31,0,0,0,0,7,49,0,0,0,0,49,0,43,6,84,54,7,23,0,-66,1.11,0
4,,7291,Al Hazm,city Riyadh Al Hazm district_209,Mixed.,Open,,,,,0.22,0.15,0,0,0,0,7,54,0,0,0,0,54,0,49,5,34,17,9,8,0,-31,1.11,0
4,,7674,Al Nazim,city Riyadh Al Nazim district_1000,Resid.,Open,,,,,0.17,0.11,0,0,0,0,7,56,0,0,0,0,56,1,52,3,25,13,9,3,0,-24,1.11,0
4,,8510,Badr,city Riyadh Badr district_365,Mixed.,Open,,,,,0.21,0.14,0,0,0,0,7,40,0,0,0,0,40,1,37,2,31,20,8,3,0,-29,1.11,0
4,,9465,Tuwaiq,city Riyadh Tuwaiq district_440,Resid.,Open,,,,,0.14,0.09,0,0,0,0,7,41,0,0,0,0,41,0,38,3,26,12,7,7,0,-19,1.11,0
4,,4673,Al Dhubbat,Al Dhubbat district_10000556,Mixed.,Off-Plan,fabdelrahman,25-Apr,"April 10, 25","April 13, 25",0.35,0.21,0,0,0,0,6,109,49,4,20,25,60,2,54,4,61,1,24,36,0,4,1.08,YES
4,,5711,Al Arid,Al Aared district_116,Mixed.,Off-Plan,surveyor3,25-Mar,"March 17, 25","March 17, 25",0.49,0.17,0,0,0,0,6,133,83,24,9,50,50,48,1,1,68,0,57,11,0,32,1.08,0
4,,5809,Al Arid,Al Aared district_267,Mixed.,Off-Plan,surveyor3,25-Apr,"April 3, 25","April 7, 25",0.25,0.1,0,0,0,0,6,77,48,8,11,29,29,26,3,0,37,1,22,14,0,14,1.08,YES
4,,6106,Al Difaa,Al Difaa district_107,Com,Open,,,,,0.33,0.22,0,0,0,0,6,24,0,0,0,0,24,1,22,1,50,38,8,4,0,-46,1.06,0
4,,5487,Western Umm Hamam,city Riyadh Western Umm Hamam district_1313,Resid.,Closed,ashuban,25-Feb,"February 12, 25","February 16, 25",0.59,0.26,0,0,0,0,6,113,57,28,14,15,56,1,49,6,87,4,50,33,0,28,1.03,0
4,,5493,Western Umm Hamam,city Riyadh Western Umm Hamam district_1319,Mixed.,Closed,fabdelrahman,25-Feb,"February 16, 25","February 19, 25",0.74,0.37,0,0,0,0,6,119,71,26,31,14,48,0,45,3,103,9,68,26,0,26,1.03,0
4,,5501,Western Umm Hamam,city Riyadh Western Umm Hamam district_1327,Resid.,Closed,surveyor5,25-Feb,"February 16, 25","February 17, 25",0.65,0.34,0,0,0,0,6,104,61,19,24,18,43,0,37,6,116,18,50,48,0,19,1.03,YES
4,,4679,Al Dhubbat,Al Dhubbat district_10000562,Mixed.,Open,,,,,0.5,0.33,0,0,0,0,6,59,0,0,0,0,59,1,49,9,82,57,10,15,0,-70,0.93,0
4,,7183,Al Bayan,city Riyadh Al Bayan district_350,Mixed.,Open,,,,,0.26,0.18,0,0,0,0,6,23,0,0,0,0,23,1,20,2,39,29,8,2,0,-37,0.93,0
4,,7667,Al Nadwah,city Riyadh Al Nadwah district_977,Resid.,Open,,,,,0.14,0.09,0,0,0,0,6,28,0,0,0,0,28,1,26,1,21,11,8,2,0,-19,0.93,0
4,,7750,Al Nazim,city Riyadh Al Nazim district_990,Resid.,Open,,,,,0.17,0.11,0,0,0,0,6,28,0,0,0,0,28,2,26,0,27,20,6,1,0,-24,0.93,0
4,,10222,Sultanah,Sultanah district_10000104,Resid.,Open,,,,,0.29,0.19,0,0,0,0,6,60,0,0,0,0,60,0,55,5,57,28,10,19,0,-40,0.93,0
4,,10226,Sultanah,Sultanah district_10000108,Resid.,Open,,,,,0.21,0.14,0,0,0,0,6,28,0,0,0,0,28,0,28,0,42,22,7,13,0,-29,0.93,0
4,,5739,Al Arid,Al Aared district_197,Resid.,Off-Plan,fabdelrahman,25-Mar,"March 17, 25","March 17, 25",0.3,0.14,0,2,0,0,4,99,56,10,3,43,43,37,4,2,38,7,22,9,0,13,0.92,0
4,,7659,Al Nadwah,city Riyadh Al Nadwah district_969,Resid.,Open,,,,,0.11,0.07,0,0,0,0,5,21,0,0,0,0,21,1,20,0,16,7,9,0,0,-15,0.9,0
4,,9369,Shobra,city Riyadh Shobra district_108,Resid.,Open,,,,,0.16,0.11,0,0,0,0,5,33,7,0,7,0,26,3,22,1,29,11,14,4,0,-16,0.9,0
4,,9419,Tuwaiq,city Riyadh Tuwaiq district_394,Resid.,Open,,,,,0.11,0.07,0,0,0,0,5,30,0,0,0,0,30,2,26,2,19,8,8,3,0,-15,0.9,0
4,,5798,Al Arid,Al Aared district_256,Resid.,Off-Plan,ashuban,25-Mar,"March 17, 25","March 17, 25",0.46,0.18,0,0,0,0,5,125,71,10,7,54,54,54,0,0,45,4,33,8,0,27,0.9,0
4,,5492,Western Umm Hamam,city Riyadh Western Umm Hamam district_1318,Resid.,Closed,fabdelrahman,25-Feb,"February 18, 25","February 19, 25",0.54,0.25,0,0,0,0,5,92,56,23,17,16,36,0,35,1,80,2,51,27,0,23,0.85,YES
4,,8562,Badr,city Riyadh Badr district_417,Resid.,Open,,,,,0.11,0.08,0,0,0,0,5,24,0,0,0,0,24,3,19,2,20,9,8,3,0,-16,0.83,0
4,,7672,Al Nadwah,city Riyadh Al Nadwah district_982,Resid.,Open,,,,,0.11,0.08,0,0,0,0,5,25,0,0,0,0,25,2,22,1,20,10,8,2,0,-16,0.76,0
4,,8534,Badr,city Riyadh Badr district_389,Resid.,Open,,,,,0.09,0.06,0,0,0,0,5,23,0,0,0,0,23,0,23,0,12,7,5,0,0,-12,0.76,0
4,,9004,Dirab,city Riyadh Dirab district_55,Mixed.,Open,,,,,0.14,0.1,0,0,0,0,5,34,0,0,0,0,34,2,28,4,23,10,8,5,0,-20,0.76,0
4,,9384,Shobra,city Riyadh Shobra district_1610,Resid.,Open,,,,,0.11,0.06,0,0,0,0,5,33,3,3,0,0,30,3,25,2,16,8,6,2,0,-10,0.76,0
4,,4668,Al Dhubbat,Al Dhubbat district_10000551,Resid.,Open,,,,,0.45,0.3,0,0,0,0,5,23,0,0,0,0,23,0,22,1,79,56,6,17,0,-63,0.75,YES
4,,4670,Al Dhubbat,Al Dhubbat district_10000553,Mixed.,Open,,,,,0.33,0.22,0,0,0,0,5,31,0,0,0,0,31,2,22,7,57,35,10,12,0,-46,0.75,0
4,,6222,Al Iskan,Al Iskan district_109,Resid.,Open,,,,,0.43,0.29,0,0,0,0,5,53,0,0,0,0,53,2,42,9,64,33,21,10,0,-60,0.75,0
4,,6422,Al Mansurah,Al Mansurah district_10000434,Resid.,Open,,,,,0.18,0.12,0,0,0,0,5,22,0,0,0,0,22,0,20,2,33,18,5,10,0,-25,0.75,0
4,,6428,Al Mansurah,Al Mansurah district_10000440,Resid.,Open,,,,,0.5,0.33,0,0,0,0,5,35,0,0,0,0,35,0,33,2,81,62,6,13,0,-70,0.75,YES
4,,6433,Al Mansurah,Al Mansurah district_10000445,Resid.,Open,,,,,0.36,0.24,0,0,0,0,5,25,0,0,0,0,25,2,18,5,61,41,6,14,0,-50,0.75,0
4,,7296,Al Hazm,city Riyadh Al Hazm district_214,Mixed.,Open,,,,,0.12,0.08,0,0,0,0,5,26,0,0,0,0,26,2,21,3,19,10,6,3,0,-17,0.75,0
4,,7297,Al Hazm,city Riyadh Al Hazm district_215,Resid.,Open,,,,,0.1,0.07,0,0,0,0,5,26,0,0,0,0,26,1,25,0,15,9,6,0,0,-14,0.75,0
4,,7403,Al Janadriyah,city Riyadh Al Janadriyah district_243,Mixed.,Open,,,,,0.18,0.12,0,0,0,0,5,31,0,0,0,0,31,1,24,6,27,15,6,6,0,-25,0.75,0
4,,7438,Al Jazeera,city Riyadh Al Jazeera district_318,Resid.,Open,,,,,0.21,0.14,0,0,0,0,5,27,0,0,0,0,27,1,25,1,33,22,7,4,0,-29,0.75,0
4,,7554,Al Marwah,city Riyadh Al Marwah district_257,Resid.,Open,,,,,0.22,0.15,0,0,0,0,5,30,0,0,0,0,30,2,24,4,36,23,7,6,0,-31,0.75,0
4,,7565,Al Marwah,city Riyadh Al Marwah district_268,Resid.,Open,,,,,0.17,0.11,0,0,0,0,5,18,0,0,0,0,18,1,17,0,26,17,8,1,0,-24,0.75,0
4,,8064,Al Rimayah,city Riyadh Al Rimayah district_936,Mixed.,Open,,,,,0.26,0.17,0,0,0,0,5,32,0,0,0,0,32,0,31,1,38,26,9,3,0,-36,0.75,0
4,,8513,Badr,city Riyadh Badr district_368,Mixed.,Open,,,,,0.21,0.14,0,0,0,0,5,22,0,0,0,0,22,3,14,5,34,19,10,5,0,-29,0.75,0
4,,9396,Shobra,city Riyadh Shobra district_89,Resid.,Open,,,,,0.31,0.21,0,0,0,0,5,35,0,0,0,0,35,1,30,4,63,33,9,21,0,-44,0.75,0
4,,9411,Tuwaiq,city Riyadh Tuwaiq district_386,Mixed.,Open,,,,,0.24,0.16,0,0,0,0,5,27,0,0,0,0,27,2,22,3,35,25,7,3,0,-33,0.75,0
4,,9442,Tuwaiq,city Riyadh Tuwaiq district_417,Mixed.,Open,,,,,0.43,0.29,0,0,0,0,5,22,0,0,0,0,22,0,22,0,61,54,6,1,0,-60,0.75,0
4,,9451,Tuwaiq,city Riyadh Tuwaiq district_426,Resid.,Open,,,,,0.2,0.13,0,0,0,0,5,38,0,0,0,0,38,2,34,2,34,23,6,5,0,-28,0.75,0
4,,9456,Tuwaiq,city Riyadh Tuwaiq district_431,Resid.,Open,,,,,0.27,0.18,0,0,0,0,5,24,0,0,0,0,24,2,21,1,43,34,6,3,0,-38,0.75,0
4,,7682,Al Nazim,city Riyadh Al Nazim district_1008,Resid.,Open,,,,,0.1,0.07,0,0,0,0,4,24,0,0,0,0,24,2,20,2,16,7,7,2,0,-14,0.72,0
4,,10238,Sultanah,Sultanah district_10000120,Resid.,Open,,,,,0.51,0.34,0,0,0,0,5,19,0,0,0,0,19,0,14,5,77,55,11,11,0,-71,0.75,0
4,,9011,Dirab,city Riyadh Dirab district_62,Resid.,Open,,,,,0.04,0.03,0,0,0,0,4,25,0,0,0,0,25,0,25,0,6,2,4,0,0,-6,0.72,0
4,,9496,Tuwaiq,city Riyadh Tuwaiq district_471,Resid.,Open,,,,,0.06,0.04,0,0,0,0,4,27,0,0,0,0,27,2,24,1,12,4,6,2,0,-9,0.72,0
4,,9368,Shobra,city Riyadh Shobra district_107,Resid.,Open,,,,,0.13,0.09,0,0,0,0,4,29,5,0,5,0,24,1,21,2,23,8,9,6,0,-13,0.72,0
4,,5721,Al Arid,Al Aared district_126,Resid.,Off-Plan,aalngedan,,"May 14, 25","May 14, 25",0.21,0.14,0,0,0,0,4,49,35,21,0,14,14,11,2,1,63,9,47,7,0,26,0.72,YES
4,,5722,Al Arid,Al Aared district_127,Resid.,Off-Plan,aalngedan,,"May 13, 25","May 13, 25",0.24,0.16,0,0,0,0,4,123,70,17,0,53,53,45,7,1,60,13,38,9,0,19,0.72,0
4,,5732,Al Arid,Al Aared district_190,Resid.,Off-Plan,aalngedan,,"May 13, 25","May 13, 25",0.03,0.02,0,0,0,0,4,24,14,4,0,10,10,6,1,3,28,3,24,1,0,20,0.72,0
4,,5744,Al Arid,Al Aared district_202,Resid.,Off-Plan,aalngedan,,"May 13, 25","May 13, 25",0.14,0.1,0,0,0,0,4,51,32,13,0,19,19,19,0,0,55,6,49,0,0,35,0.72,0
4,,5760,Al Arid,Al Aared district_218,Resid.,Off-Plan,aalngedan,,"May 14, 25","May 14, 25",0.14,0.1,0,0,0,0,4,22,13,4,0,9,9,8,0,1,74,15,58,1,0,53,0.72,YES
4,,4681,Al Dhubbat,Al Dhubbat district_10000564,Com,Off-Plan,fabdelrahman,25-Jun,"Jun 2, 25","Jun 2, 25",0.64,0.42,0,0,0,0,4,57,17,9,8,0,40,0,33,7,99,75,7,17,0,-89,0.7,YES
4,,5752,Al Arid,Al Aared district_210,Resid.,Off-Plan,aalosaimi,25-May,"May 21, 25","May 21, 25",0.09,0.06,0,2,0,0,3,68,46,12,12,22,22,17,1,4,16,8,7,1,0,0,0.67,0
4,,5443,Umm Hamam,city Riyadh Umm Hamam eastern district_1273,Mixed.,Closed,surveyor1,25-Feb,"February 17, 25","February 17, 25",0.39,0.24,0,0,0,0,4,59,28,4,21,3,31,2,23,6,67,19,31,17,0,4,0.67,0
4,,5478,Western Umm Hamam,city Riyadh Western Umm Hamam district_1304,Mixed.,Closed,surveyor1,25-Feb,"February 17, 25","February 17, 25",0.16,0.1,0,0,0,0,4,23,8,2,6,0,15,0,14,1,24,6,13,5,0,2,0.67,YES
4,,7330,Al Janadriyah,city Riyadh Al Janadriyah district_163,Resid.,Open,,,,,0.07,0.05,0,0,0,0,4,24,0,0,0,0,24,2,21,1,12,6,5,1,0,-10,0.65,0
4,,4663,Al Dhubbat,Al Dhubbat district_10000546,Mixed.,Open,,,,,0.45,0.3,1,0,0,0,4,32,0,0,0,0,32,3,24,5,81,51,13,17,0,-63,0.64,YES
4,,5449,Umm Hamam,city Riyadh Umm Hamam eastern district_1279,Com,Closed,surveyor13,25-Feb,"February 12, 25","February 12, 25",0.44,0.25,0,0,0,0,3,66,48,10,21,17,18,0,18,0,86,16,36,34,0,10,0.62,0
4,,6021,Al Dar Al Baida,Al Dar Al Baida district_378,Resid.,Open,,,,,0.1,0.07,0,0,0,0,4,24,0,0,0,0,24,0,24,0,14,9,5,0,0,-14,0.57,0
4,,6159,Al Farouq,Al Farouq district_60,Indust.,Open,,,,,0.51,0.34,0,0,0,0,4,25,0,0,0,0,25,0,21,4,79,63,5,11,0,-71,0.57,YES
4,,6539,Al Misfat,Al Misfat district_227,Mixed.,Open,,,,,0.09,0.06,0,0,0,0,4,15,0,0,0,0,15,0,15,0,13,8,5,0,0,-12,0.57,0
4,,7290,Al Hazm,city Riyadh Al Hazm district_208,Resid.,Open,,,,,0.15,0.1,0,0,0,0,4,14,0,0,0,0,14,1,12,1,24,18,4,2,0,-21,0.57,YES
4,,7292,Al Hazm,city Riyadh Al Hazm district_210,Resid.,Open,,,,,0.09,0.06,0,0,0,0,4,30,0,0,0,0,30,2,25,3,16,8,5,3,0,-13,0.57,0
4,,7562,Al Marwah,city Riyadh Al Marwah district_265,Mixed.,Open,,,,,0.84,0.56,0,0,0,0,4,18,0,0,0,0,18,0,17,1,132,111,5,16,0,-117,0.57,0
4,,7566,Al Marwah,city Riyadh Al Marwah district_269,Resid.,Open,,,,,0.14,0.1,0,0,0,0,4,13,0,0,0,0,13,1,11,1,22,17,4,1,0,-20,0.57,0
4,,7665,Al Nadwah,city Riyadh Al Nadwah district_975,Resid.,Open,,,,,0.12,0.08,0,0,0,0,4,13,0,0,0,0,13,0,13,0,18,11,6,1,0,-17,0.57,0
4,,7702,Al Nazim,city Riyadh Al Nazim district_1028,Resid.,Open,,,,,0.13,0.09,0,0,0,0,4,23,0,0,0,0,23,0,22,1,19,12,5,2,0,-18,0.57,0
4,,8048,Al Rimayah,city Riyadh Al Rimayah district_1081,Mixed.,Open,,,,,0.48,0.32,0,0,0,0,4,38,0,0,0,0,38,1,32,5,72,48,15,9,0,-67,0.57,0
4,,8518,Badr,city Riyadh Badr district_373,Resid.,Open,,,,,0.19,0.12,0,0,0,0,4,15,0,0,0,0,15,2,11,2,29,21,5,3,0,-26,0.57,0
4,,8521,Badr,city Riyadh Badr district_376,Resid.,Open,,,,,0.2,0.13,0,0,0,0,4,25,0,0,0,0,25,1,20,4,34,22,5,7,0,-28,0.57,0
4,,8727,Dahiyah Namar,city Riyadh Dahiyat Namar district_3,Mixed.,Open,,,,,0.13,0.09,0,0,0,0,4,29,0,0,0,0,29,1,27,1,20,13,5,2,0,-18,0.57,0
4,,9230,Muayzilah,city Riyadh Muayzilah district_145,Mixed.,Open,,,,,0.13,0.09,0,0,0,0,4,33,0,0,0,0,33,1,29,3,21,12,6,3,0,-18,0.57,YES
4,,9372,Shobra,city Riyadh Shobra district_111,Resid.,Open,,,,,0.14,0.09,0,0,0,0,4,26,0,0,0,0,26,0,26,0,20,14,5,1,0,-19,0.57,0
4,,9375,Shobra,city Riyadh Shobra district_114,Resid.,Open,,,,,0.34,0.22,0,0,0,0,4,21,0,0,0,0,21,1,16,4,50,36,8,6,0,-47,0.57,YES
4,,9463,Tuwaiq,city Riyadh Tuwaiq district_438,Resid.,Open,,,,,0.33,0.22,0,0,0,0,4,27,0,0,0,0,27,1,24,2,50,40,6,4,0,-46,0.57,0
4,,9539,Tuwaiq,city Riyadh Tuwaiq district_514,Resid.,Open,,,,,0.09,0.06,0,0,0,0,4,21,0,0,0,0,21,0,20,1,13,8,4,1,0,-13,0.57,0
4,,9542,Tuwaiq,city Riyadh Tuwaiq district_517,Resid.,Open,,,,,0.09,0.06,0,0,0,0,4,15,0,0,0,0,15,0,15,0,13,9,4,0,0,-13,0.57,0
4,,9553,Tuwaiq,city Riyadh Tuwaiq district_537,Mixed.,Open,,,,,0.44,0.3,0,0,0,0,4,22,0,0,0,0,22,1,18,3,64,51,9,4,0,-62,0.57,0
4,,9638,Uqaz,city Riyadh Uqaz district_154,Mixed.,Open,,,,,0.24,0.16,0,0,0,0,4,31,0,0,0,0,31,2,26,3,39,22,11,6,0,-33,0.57,0
4,,10097,Manfuha Al Jadidah,Manfuha Al Jadidah district_10000273,Mixed.,Open,,,,,0.21,0.14,0,0,0,0,4,29,0,0,0,0,29,3,22,4,41,19,10,12,0,-30,0.57,0
4,,10223,Sultanah,Sultanah district_10000105,Resid.,Open,,,,,0.17,0.11,0,0,0,0,4,22,0,0,0,0,22,0,22,0,29,19,5,5,0,-24,0.57,0
4,,7655,Al Nadwah,city Riyadh Al Nadwah district_965,Resid.,Open,,,,,0.06,0.04,0,0,0,0,3,15,0,0,0,0,15,2,12,1,12,5,5,2,0,-9,0.54,0
4,,9398,Shobra,city Riyadh Shobra district_91,Resid.,Open,,,,,0.11,0.07,0,0,0,0,3,30,0,0,0,0,30,1,25,4,24,6,8,10,0,-15,0.54,0
4,,5788,Al Arid,Al Aared district_246,Indust.,Off-Plan,abinsaedan,25-Apr,"April 29, 25","April 29, 25",0.5,0.19,0,0,0,0,3,130,70,10,0,60,60,48,12,0,71,20,40,11,0,30,0.54,0
4,,5733,Al Arid,Al Aared district_191,Resid.,Off-Plan,ashuban,25-Mar,"March 17, 25","March 17, 25",0.39,0.16,0,0,0,0,3,89,58,21,6,31,31,28,2,1,58,5,40,13,0,21,0.54,YES
4,,5734,Al Arid,Al Aared district_192,Resid.,Off-Plan,ashuban,25-Mar,"March 17, 25","March 17, 25",0.26,0.09,0,0,0,0,3,47,30,9,4,17,17,14,2,1,35,2,25,8,0,17,0.54,YES
4,,10201,Siyah,Siyah district_10000097,Mixed.,Off-Plan,ashuban,25-Apr,"April 29, 25","April 30, 25",1.02,0.41,0,0,0,0,3,135,94,58,36,0,41,0,39,2,151,47,97,7,0,57,0.54,0
4,,4665,Al Dhubbat,Al Dhubbat district_10000548,Mixed.,Off-Plan,fabdelrahman,25-Apr,"January 23, 25","April 9, 25",0.41,0.19,0,0,0,0,3,79,52,17,13,22,27,1,23,3,49,4,15,30,0,17,0.54,0
4,,5724,Al Arid,Al Aared district_182,Resid.,Off-Plan,surveyor3,25-Mar,"March 17, 25","March 18, 25",0.47,0.17,0,0,0,0,3,90,54,10,8,36,36,34,1,1,49,0,40,9,0,30,0.54,YES
4,,5714,Al Arid,Al Aared district_119,Resid.,Off-Plan,aalngedan,,"May 13, 25","May 14, 25",0.22,0.15,0,0,0,0,3,45,30,15,0,15,15,12,2,1,69,15,50,4,0,34,0.54,YES
4,,5810,Al Arid,Al Aared district_268,Resid.,Off-Plan,aalngedan,,"January 26, 25","May 15, 25",0.17,0.11,0,0,0,0,3,99,55,11,0,44,44,31,8,5,51,7,35,9,0,2,0.54,0
4,,6939,Al Yamamah,Al Yamamah district_10000155,Com,Open,,,,,0.33,0.22,0,0,0,0,3,23,0,0,0,0,23,1,15,7,57,34,6,17,0,-46,0.52,0
4,,7557,Al Marwah,city Riyadh Al Marwah district_260,Com,Open,,,,,0.12,0.08,0,0,0,0,3,16,0,0,0,0,16,0,16,0,22,14,3,5,0,-17,0.52,0
4,,7560,Al Marwah,city Riyadh Al Marwah district_263,Com,Open,,,,,0.41,0.27,0,0,0,0,3,16,0,0,0,0,16,1,12,3,64,51,5,8,0,-57,0.52,0
4,,10098,Manfuha Al Jadidah,Manfuha Al Jadidah district_10000274,Com,Open,,,,,0.17,0.11,0,0,0,0,3,15,0,0,0,0,15,0,14,1,32,21,3,8,0,-24,0.52,0
4,,10105,Manfuhah,Manfuhah district_10000011,Com,Open,,,,,0.96,0.54,0,0,0,0,3,36,21,21,0,0,15,1,13,1,137,91,22,24,0,-92,0.52,0
4,,10197,Tuwaiq,RUH_Tuwaiq_16,Com,Open,,,,,0.47,0.31,0,0,0,0,3,13,0,0,0,0,13,0,13,0,77,62,4,11,0,-66,0.52,0
4,,10200,Siyah,Siyah district_10000013,Com,Open,,,,,0.58,0.39,0,0,0,0,3,11,0,0,0,0,11,1,9,1,87,76,5,6,0,-81,0.52,0
4,,10274,Utayqah,Utayqah district_10000153,Com,Open,,,,,1.09,0.72,0,0,0,0,3,47,7,0,7,0,40,0,37,3,175,136,16,23,0,-145,0.52,YES
4,,5505,Western Umm Hamam,city Riyadh Western Umm Hamam district_1331,Mixed.,Closed,surveyor1,25-Feb,"February 13, 25","February 18, 25",0.21,0.1,0,0,0,0,3,49,32,9,8,15,17,1,14,2,42,0,20,22,0,9,0.49,0
4,,5504,Western Umm Hamam,city Riyadh Western Umm Hamam district_1330,Resid.,Closed,surveyor4,25-Feb,"February 11, 25","February 13, 25",0.17,0.1,0,0,0,0,3,34,21,4,9,8,13,0,13,0,35,1,19,15,0,4,0.49,YES
4,,7332,Al Janadriyah,city Riyadh Al Janadriyah district_165,Resid.,Open,,,,,0.06,0.04,0,0,0,0,3,9,0,0,0,0,9,1,7,1,10,5,4,1,0,-9,0.47,0
4,,7664,Al Nadwah,city Riyadh Al Nadwah district_974,Resid.,Open,,,,,0.12,0.08,0,0,0,0,3,15,0,0,0,0,15,0,15,0,17,9,8,0,0,-17,0.47,0
4,,4662,Al Dhubbat,Al Dhubbat district_10000018,Indust.,Open,,,,,0.22,0.15,1,0,0,0,3,20,0,0,0,0,20,0,18,2,37,20,9,8,0,-31,0.46,0
4,,5467,Umm Hamam,city Riyadh Umm Hamam eastern district_1297,Com,Closed,,25-Feb,"February 16, 25","February 18, 25",1.08,0.51,0,0,0,0,2,134,96,44,13,39,38,0,36,2,189,49,56,84,0,44,0.44,0
4,,9371,Shobra,city Riyadh Shobra district_110,Resid.,Open,,,,,0.14,0.09,0,2,0,0,2,30,1,1,0,0,29,2,23,4,24,12,7,5,0,-17,0.41,0
4,,5980,Al Dar Al Baida,Al Dar Al Baida district_196,Com,Open,,,,,0.01,0.01,0,0,0,0,1,1,0,0,0,0,1,0,1,0,2,1,1,0,0,-2,0.41,0
4,,6476,Al Masani,Al Masani district_452,Com,Open,,,,,0.01,0,0,0,0,0,1,2,0,0,0,0,2,0,1,1,2,0,1,1,0,-1,0.41,0
4,,8638,Badr,city Riyadh Badr district_494,Com,Open,,,,,0.01,0.01,0,0,0,0,1,1,0,0,0,0,1,0,1,0,2,1,1,0,0,-2,0.41,0
4,,10243,Tiba,Tiba district_197,Com,Open,,,,,0.01,0,0,0,0,0,1,1,0,0,0,0,1,0,1,0,1,0,1,0,0,-1,0.41,0
4,,9493,Tuwaiq,city Riyadh Tuwaiq district_468,Resid.,Open,,,,,0.05,0.03,0,0,0,0,3,12,0,0,0,0,12,1,11,0,8,5,3,0,0,-7,0.4,0
4,,10225,Sultanah,Sultanah district_10000107,Resid.,Open,,,,,0.09,0.06,0,0,0,0,3,27,0,0,0,0,27,1,24,2,15,7,5,3,0,-12,0.4,0
4,,6004,Al Dar Al Baida,Al Dar Al Baida district_355,Mixed.,Open,,,,,0.19,0.12,0,0,0,0,3,26,0,0,0,0,26,0,26,0,26,17,9,0,0,-26,0.39,0
4,,6020,Al Dar Al Baida,Al Dar Al Baida district_373,Resid.,Open,,,,,0.22,0.15,0,0,0,0,3,36,0,0,0,0,36,1,31,4,36,21,10,5,0,-31,0.39,0
4,,6225,Al Iskan,Al Iskan district_112,Resid.,Open,,,,,0.3,0.2,0,0,0,0,3,32,0,0,0,0,32,2,28,2,46,28,14,4,0,-42,0.39,0
4,,6419,Al Mansurah,Al Mansurah district_10000431,Resid.,Open,,,,,0.46,0.31,0,0,0,0,3,26,0,0,0,0,26,1,23,2,74,55,9,10,0,-65,0.39,0
4,,6420,Al Mansurah,Al Mansurah district_10000432,Resid.,Open,,,,,0.34,0.23,0,0,0,0,3,17,0,0,0,0,17,1,13,3,55,41,5,9,0,-48,0.39,0
4,,6425,Al Mansurah,Al Mansurah district_10000437,Mixed.,Open,,,,,0.36,0.24,0,0,0,0,3,23,0,0,0,0,23,1,17,5,64,38,12,14,0,-50,0.39,0
4,,6427,Al Mansurah,Al Mansurah district_10000439,Resid.,Open,,,,,0.14,0.1,0,0,0,0,3,12,0,0,0,0,12,0,12,0,28,16,4,8,0,-20,0.39,0
4,,6429,Al Mansurah,Al Mansurah district_10000441,Resid.,Open,,,,,0.46,0.31,0,0,0,0,3,33,0,0,0,0,33,0,29,4,85,57,6,22,0,-65,0.39,YES
4,,6555,Al Misfat,Al Misfat district_522,Indust.,Open,,,,,0.09,0.06,0,0,0,0,3,14,0,0,0,0,14,1,11,2,15,8,4,3,0,-13,0.39,0
4,,6938,Al Yamamah,Al Yamamah district_10000154,Resid.,Open,,,,,0.24,0.16,0,0,0,0,3,8,0,0,0,0,8,0,6,2,41,29,4,8,0,-34,0.39,0
4,,6951,Al Yamamah,Al Yamamah district_10000167,Resid.,Open,,,,,0.35,0.23,0,0,0,0,3,19,0,0,0,0,19,0,15,4,55,41,4,10,0,-49,0.39,0
4,,7288,Al Hazm,city Riyadh Al Hazm district_206,Resid.,Open,,,,,0.08,0.05,0,0,0,0,3,22,0,0,0,0,22,0,22,0,11,8,3,0,0,-11,0.39,0
4,,7289,Al Hazm,city Riyadh Al Hazm district_207,Resid.,Open,,,,,0.24,0.16,0,0,0,0,3,12,0,0,0,0,12,1,11,0,38,31,4,3,0,-34,0.39,0
4,,7318,Al Hazm,city Riyadh Al Hazm district_350,Mixed.,Open,,,,,0.12,0.08,0,0,0,0,3,15,0,0,0,0,15,1,11,3,19,12,4,3,0,-17,0.39,0
4,,7356,Al Janadriyah,city Riyadh Al Janadriyah district_189,Resid.,Open,,,,,0.06,0.04,0,0,0,0,3,15,0,0,0,0,15,1,14,0,10,7,3,0,0,-9,0.39,0
4,,7391,Al Janadriyah,city Riyadh Al Janadriyah district_231,Mixed.,Open,,,,,0.13,0.09,0,0,0,0,3,20,0,0,0,0,20,0,18,2,18,12,4,2,0,-18,0.39,0
4,,7436,Al Jazeera,city Riyadh Al Jazeera district_316,Resid.,Open,,,,,0.13,0.09,0,0,0,0,3,20,0,0,0,0,20,1,19,0,20,13,6,1,0,-18,0.39,0
4,,7459,Al Jazeera,city Riyadh Al Jazeera district_339,Mixed.,Open,,,,,0.24,0.16,0,0,0,0,3,24,0,0,0,0,24,2,20,2,39,27,6,6,0,-33,0.39,0
4,,7476,Al Jazeera,city Riyadh Al Jazeera district_356,Mixed.,Open,,,,,0.27,0.18,0,0,0,0,3,16,0,0,0,0,16,0,13,3,40,31,4,5,0,-38,0.39,0
4,,7483,Al Jazeera,city Riyadh Al Jazeera district_560,Mixed.,Open,,,,,0.27,0.18,0,0,0,0,3,41,0,0,0,0,41,6,26,9,49,26,11,12,0,-38,0.39,YES
4,,7530,Al Marwah,city Riyadh Al Marwah district_233,Resid.,Open,,,,,0.16,0.1,0,0,0,0,3,28,0,0,0,0,28,1,23,4,24,16,4,4,0,-22,0.39,0
4,,7556,Al Marwah,city Riyadh Al Marwah district_259,Resid.,Open,,,,,0.11,0.08,0,0,0,0,3,11,0,0,0,0,11,2,6,3,21,11,5,5,0,-16,0.39,0
4,,8701,Badr,city Riyadh Badr district_595,Mixed.,Open,,,,,0.11,0.08,0,0,0,0,3,13,0,0,0,0,13,1,11,1,19,11,5,3,0,-16,0.39,0
4,,9363,Shobra,city Riyadh Shobra district_102,Resid.,Open,,,,,0.11,0.08,0,0,0,0,3,16,0,0,0,0,16,1,13,2,18,12,4,2,0,-16,0.39,0
4,,9380,Shobra,city Riyadh Shobra district_119,Resid.,Open,,,,,0.21,0.14,0,0,0,0,3,38,0,0,0,0,38,3,30,5,35,18,9,8,0,-29,0.39,0
4,,9441,Tuwaiq,city Riyadh Tuwaiq district_416,Resid.,Open,,,,,0.24,0.16,0,0,0,0,3,13,0,0,0,0,13,1,11,1,35,31,3,1,0,-33,0.39,0
4,,9450,Tuwaiq,city Riyadh Tuwaiq district_425,Resid.,Open,,,,,0.27,0.18,0,0,0,0,3,13,0,0,0,0,13,2,10,1,42,35,4,3,0,-38,0.39,0
4,,9458,Tuwaiq,city Riyadh Tuwaiq district_433,Resid.,Open,,,,,0.19,0.12,0,0,0,0,3,18,0,0,0,0,18,4,11,3,35,23,5,7,0,-26,0.39,0
4,,9511,Tuwaiq,city Riyadh Tuwaiq district_486,Resid.,Open,,,,,0.14,0.09,0,0,0,0,3,15,0,0,0,0,15,0,11,4,22,13,3,6,0,-19,0.39,0
4,,9522,Tuwaiq,city Riyadh Tuwaiq district_497,Mixed.,Open,,,,,0.07,0.05,0,0,0,0,3,13,0,0,0,0,13,2,10,1,12,7,4,1,0,-10,0.39,0
4,,9523,Tuwaiq,city Riyadh Tuwaiq district_498,Resid.,Open,,,,,0.11,0.08,0,0,0,0,3,17,0,0,0,0,17,2,11,4,19,9,5,5,0,-16,0.39,0
4,,9528,Tuwaiq,city Riyadh Tuwaiq district_503,Resid.,Open,,,,,0.12,0.08,0,0,0,0,3,9,0,0,0,0,9,0,9,0,19,14,3,2,0,-17,0.39,0
4,,9544,Tuwaiq,city Riyadh Tuwaiq district_519,Resid.,Open,,,,,0.11,0.08,0,0,0,0,3,15,0,0,0,0,15,0,13,2,16,11,3,2,0,-16,0.39,0
4,,9545,Tuwaiq,city Riyadh Tuwaiq district_520,Resid.,Open,,,,,0.28,0.19,0,0,0,0,3,20,0,0,0,0,20,1,14,5,43,31,5,7,0,-39,0.39,0
4,,9550,Tuwaiq,city Riyadh Tuwaiq district_530,Mixed.,Open,,,,,0.26,0.18,0,0,0,0,3,20,0,0,0,0,20,0,17,3,38,31,3,4,0,-37,0.39,0
4,,9555,Tuwaiq,city Riyadh Tuwaiq district_551,Mixed.,Open,,,,,0.11,0.08,0,0,0,0,3,20,0,0,0,0,20,0,19,1,21,12,4,5,0,-16,0.39,0
4,,9554,Tuwaiq,city Riyadh Tuwaiq district_539,Mixed.,Open,,,,,0.16,0.1,0,0,0,0,3,17,0,0,0,0,17,0,15,2,22,17,3,2,0,-22,0.39,0
4,,10069,Manfuha Al Jadidah,Manfuha Al Jadidah district_10000245,Resid.,Open,,,,,0.34,0.22,0,0,0,0,3,21,0,0,0,0,21,0,18,3,57,43,3,11,0,-47,0.39,0
4,,10071,Manfuha Al Jadidah,Manfuha Al Jadidah district_10000247,Resid.,Open,,,,,0.11,0.07,0,0,0,0,3,12,1,0,1,0,11,1,8,2,17,9,5,3,0,-14,0.39,0
4,,10080,Manfuha Al Jadidah,Manfuha Al Jadidah district_10000256,Resid.,Open,,,,,0.31,0.21,0,0,0,0,3,10,0,0,0,0,10,0,10,0,51,40,4,7,0,-44,0.39,0
4,,10131,Manfuhah,Manfuhah district_10000211,Mixed.,Open,,,,,0.11,0.07,0,0,0,0,3,15,0,0,0,0,15,0,12,3,20,11,3,6,0,-15,0.39,0
4,,10147,Tuwaiq,RUH_28,Resid.,Open,,,,,0.11,0.07,0,0,0,0,3,22,0,0,0,0,22,0,17,5,17,7,4,6,0,-15,0.39,0
4,,10165,Tuwaiq,RUH_Al Mifa_21,Resid.,Open,,,,,0.16,0.11,0,0,0,0,3,18,0,0,0,0,18,0,17,1,25,17,5,3,0,-23,0.39,0
4,,10207,Skirinah,Skirinah district_10000282,Resid.,Open,,,,,0.14,0.1,0,0,0,0,3,7,0,0,0,0,7,0,7,0,24,16,4,4,0,-20,0.39,0
4,,10229,Sultanah,Sultanah district_10000111,Resid.,Open,,,,,0.16,0.1,0,0,0,0,3,11,0,0,0,0,11,0,11,0,26,19,3,4,0,-22,0.39,0
4,,10230,Sultanah,Sultanah district_10000112,Resid.,Open,,,,,0.43,0.29,0,0,0,0,3,21,0,0,0,0,21,0,16,5,69,52,5,12,0,-60,0.39,0
4,,10265,Utayqah,Utayqah district_10000144,Resid.,Open,,,,,0.11,0.08,0,0,0,0,3,16,0,0,0,0,16,1,14,1,24,13,4,7,0,-16,0.39,0
4,,10273,Utayqah,Utayqah district_10000152,Resid.,Open,,,,,0.38,0.25,0,0,0,0,3,17,0,0,0,0,17,1,13,3,65,46,5,14,0,-53,0.39,YES
4,,10281,Utayqah,Utayqah district_10000228,Mixed.,Open,,,,,0.17,0.11,0,0,0,0,3,9,0,0,0,0,9,0,6,3,30,19,3,8,0,-24,0.39,0
4,,6196,Al Haer,Al Haer district_264,Resid.,Open,,,,,0.04,0.02,0,0,0,0,2,17,0,0,0,0,17,1,12,4,8,2,3,3,0,-5,0.36,0
4,,6232,Al Iskan,Al Iskan district_162,Mixed.,Open,,,,,0.15,0.1,0,0,0,0,2,26,0,0,0,0,26,5,15,6,27,9,12,6,0,-21,0.36,0
4,,8995,Dirab,city Riyadh Dirab district_46,Resid.,Open,,,,,0.04,0.03,0,0,0,0,2,11,0,0,0,0,11,0,10,1,6,2,3,1,0,-6,0.36,0
4,,9377,Shobra,city Riyadh Shobra district_116,Resid.,Open,,,,,0.06,0.04,0,0,0,0,2,8,0,0,0,0,8,1,6,1,9,3,5,1,0,-8,0.36,0
4,,9533,Tuwaiq,city Riyadh Tuwaiq district_508,Resid.,Open,,,,,0.06,0.04,0,0,0,0,2,12,0,0,0,0,12,1,10,1,10,4,4,2,0,-8,0.36,0
4,,9574,Tuwaiq,city Riyadh Tuwaiq district_594,Resid.,Open,,,,,0.04,0.02,0,0,0,0,2,12,0,0,0,0,12,0,12,0,5,2,3,0,0,-5,0.36,0
4,,4680,Al Dhubbat,Al Dhubbat district_10000563,Resid.,Off-Plan,fabdelrahman,25-Apr,"April 13, 25","April 13, 25",0.31,0.16,0,0,0,0,2,65,42,11,8,23,23,0,21,2,49,1,19,29,0,11,0.36,YES
4,,5723,Al Arid,Al Aared district_181,Resid.,Off-Plan,surveyor3,25-Mar,"March 17, 25","March 18, 25",0.15,0.05,0,0,0,0,2,44,27,5,5,17,17,15,1,1,22,0,16,6,0,10,0.36,0
4,,5747,Al Arid,Al Aared district_205,Resid.,Off-Plan,aalngedan,,"May 13, 25","May 13, 25",0.06,0.04,0,0,0,0,2,35,20,5,0,15,15,14,1,0,19,3,14,2,0,9,0.36,YES
4,,5758,Al Arid,Al Aared district_216,Resid.,Off-Plan,aalngedan,,"May 14, 25","May 14, 25",0.09,0.06,0,0,0,0,2,25,14,3,0,11,11,11,0,0,46,7,39,0,0,34,0.36,0
4,,5754,Al Arid,Al Aared district_212,Resid.,Off-Plan,aalngedan,,"May 13, 25","May 13, 25",0.09,0.06,0,0,0,0,2,53,30,7,0,23,23,23,0,0,32,4,28,0,0,20,0.36,0
4,,5782,Al Arid,Al Aared district_240,Mixed.,Off-Plan,aalngedan,,"May 13, 25","May 15, 25",0.18,0.12,0,0,0,0,2,26,17,8,0,9,9,8,1,0,73,19,53,1,0,46,0.36,0
4,,6488,Al Masani,Al Masani district_56,Com,Open,,,,,0.09,0.06,0,0,0,0,2,3,0,0,0,0,3,0,3,0,12,10,2,0,0,-12,0.34,0
4,,5794,Al Arid,Al Aared district_252,Mixed.,Off-Plan,aalngedan,,"May 15, 25","May 15, 25",0.11,0.07,0,0,0,0,2,16,10,4,0,6,6,6,0,0,25,11,12,2,0,8,0.36,YES
4,,6549,Al Misfat,Al Misfat district_422,Com,Open,,,,,0.1,0.07,0,0,0,0,2,14,0,0,0,0,14,1,9,4,17,9,4,4,0,-14,0.34,0
4,,9551,Tuwaiq,city Riyadh Tuwaiq district_532,Com,Open,,,,,0.06,0.04,0,0,0,0,2,4,0,0,0,0,4,0,4,0,10,7,2,1,0,-9,0.34,0
4,,9944,Ghabira,Ghobairah district_10000001,Com,Open,,,,,0.16,0.1,0,0,0,0,2,9,0,0,0,0,9,0,9,0,22,18,3,1,0,-22,0.34,0
4,,10129,Manfuhah,Manfuhah district_10000209,Com,Open,,,,,0.14,0.09,0,0,0,0,2,8,0,0,0,0,8,0,6,2,20,16,2,2,0,-19,0.34,YES
4,,10130,Manfuhah,Manfuhah district_10000210,Com,Open,,,,,0.69,0.46,0,0,0,0,2,11,0,0,0,0,11,1,8,2,106,93,4,9,0,-97,0.34,0
4,,10142,Manfuhah,Manfuhah district_10000522,Com,Open,,,,,0.26,0.17,0,0,0,0,2,7,0,0,0,0,7,1,4,2,40,33,3,4,0,-36,0.34,0
4,,10247,Tiba,Tiba district_201,Com,Open,,,,,0.12,0.08,0,0,0,0,2,10,0,0,0,0,10,0,7,3,18,11,3,4,0,-17,0.34,0
4,,10256,Utayqah,Utayqah district_10000010,Com,Open,,,,,0.4,0.27,0,0,0,0,2,19,3,0,2,1,16,1,15,0,59,51,6,2,0,-54,0.34,0
4,,10279,Utayqah,Utayqah district_10000226,Com,Open,,,,,0.39,0.26,0,0,0,0,2,21,1,0,1,0,20,1,16,3,59,47,6,6,0,-53,0.34,0
4,,9614,Uqaz,city Riyadh Uqaz district_124,Com,Open,,,,,0.04,0.03,0,0,0,0,1,11,0,0,0,0,11,0,11,0,6,3,3,0,0,-6,0.31,0
4,,5474,Western Umm Hamam,city Riyadh Western Umm Hamam district_1300,Mixed.,Closed,ashuban,25-Feb,"February 18, 25","February 18, 25",0.08,0.05,0,0,0,0,2,24,14,1,6,7,10,0,10,0,24,1,9,14,0,1,0.31,YES
4,,5490,Western Umm Hamam,city Riyadh Western Umm Hamam district_1316,Resid.,Closed,ashuban,25-Feb,"February 11, 25","February 12, 25",0.13,0.07,0,0,0,0,2,37,16,4,6,6,21,0,18,3,24,0,13,11,0,4,0.31,YES
4,,5445,Umm Hamam,city Riyadh Umm Hamam eastern district_1275,Mixed.,Closed,salsiqami,25-Feb,"February 12, 25","February 13, 25",0.11,0.06,0,0,0,0,2,23,10,2,6,2,13,2,8,3,19,4,9,6,0,2,0.31,0
4,,5447,Umm Hamam,city Riyadh Umm Hamam eastern district_1277,Mixed.,Closed,salsiqami,25-Feb,"February 12, 25","February 12, 25",0.14,0.09,0,0,0,0,2,27,9,1,8,0,18,0,17,1,21,9,9,3,0,1,0.31,YES
4,,5451,Umm Hamam,city Riyadh Umm Hamam eastern district_1281,Mixed.,Closed,surveyor13,25-Feb,"February 11, 25","February 11, 25",0.31,0.17,0,0,0,0,2,39,25,8,12,5,14,0,11,3,49,8,25,16,0,8,0.31,YES
4,,5479,Western Umm Hamam,city Riyadh Western Umm Hamam district_1305,Mixed.,Closed,surveyor2,25-Feb,"February 11, 25","February 11, 25",0.12,0.08,0,0,0,0,2,15,7,1,6,0,8,0,8,0,21,7,9,5,0,1,0.31,0
4,,5486,Western Umm Hamam,city Riyadh Western Umm Hamam district_1312,Resid.,Closed,surveyor4,25-Feb,"February 17, 25","February 19, 25",0.18,0.1,0,0,0,0,2,48,25,5,9,11,23,1,19,3,44,2,18,24,0,5,0.31,0
4,,7359,Al Janadriyah,city Riyadh Al Janadriyah district_192,Resid.,Open,,,,,0.04,0.03,0,0,0,0,2,12,0,0,0,0,12,2,9,1,8,4,3,1,0,-6,0.29,0
4,,9012,Dirab,city Riyadh Dirab district_63,Resid.,Open,,,,,0.04,0.02,0,0,0,0,2,3,0,0,0,0,3,0,3,0,6,3,2,1,0,-5,0.29,0
4,,7647,Al Nadwah,city Riyadh Al Nadwah district_957,Resid.,Open,,,,,0.07,0.05,0,0,0,0,2,8,0,0,0,0,8,1,7,0,11,6,5,0,0,-10,0.29,0
4,,9395,Shobra,city Riyadh Shobra district_88,Resid.,,,,,,0.25,0.17,0,0,0,0,3,20,0,0,0,0,20,0,20,0,42,29,6,7,0,-35,0.29,YES
4,,9468,Tuwaiq,city Riyadh Tuwaiq district_443,Mixed.,Open,,,,,0.04,0.02,0,0,0,0,2,3,0,0,0,0,3,0,3,0,6,3,2,1,0,-5,0.29,0
4,,9536,Tuwaiq,city Riyadh Tuwaiq district_511,Resid.,Open,,,,,0.04,0.02,0,0,0,0,2,8,0,0,0,0,8,0,8,0,5,3,2,0,0,-5,0.29,0
4,,6462,Al Masani,Al Masani district_4,Mixed.,Open,,,,,0.36,0.24,1,0,0,0,2,16,0,0,0,0,16,2,12,2,53,45,5,3,0,-50,0.28,0
4,,9620,Uqaz,city Riyadh Uqaz district_130,Resid.,Open,,,,,0.05,0.03,0,0,0,0,2,5,0,0,0,0,5,1,3,1,8,4,3,1,0,-7,0.29,0
4,,5749,Al Arid,Al Aared district_207,Resid.,Off-Plan,aalosaimi,25-Mar,"May 25, 25","May 25, 25",0.01,0.01,0,0,0,0,1,32,26,18,2,6,6,4,1,1,4,1,2,1,0,-2,0.28,0
4,,6001,Al Dar Al Baida,Al Dar Al Baida district_352,Resid.,Open,,,,,0.01,0.01,0,0,0,0,1,4,0,0,0,0,4,1,2,1,3,0,2,1,0,-2,0.28,0
4,,6000,Al Dar Al Baida,Al Dar Al Baida district_351,Resid.,Open,,,,,0.01,0.01,0,0,0,0,1,2,0,0,0,0,2,0,1,1,3,1,1,1,0,-2,0.28,0
4,,6548,Al Misfat,Al Misfat district_28,Mixed.,Open,,,,,0.01,0,0,0,0,0,1,2,0,0,0,0,2,0,1,1,2,0,1,1,0,-1,0.28,0
4,,7242,Al Hazm,city Riyadh Al Hazm district_160,Resid.,Open,,,,,0.01,0.01,0,0,0,0,1,4,0,0,0,0,4,1,2,1,3,0,2,1,0,-2,0.28,0
4,,7447,Al Jazeera,city Riyadh Al Jazeera district_327,Resid.,Open,,,,,0.01,0.01,0,0,0,0,1,2,0,0,0,0,2,0,2,0,2,0,2,0,0,-2,0.28,0
4,,7465,Al Jazeera,city Riyadh Al Jazeera district_345,Resid.,Open,,,,,0.01,0.01,0,0,0,0,1,1,0,0,0,0,1,0,1,0,2,1,1,0,0,-2,0.28,0
4,,7469,Al Jazeera,city Riyadh Al Jazeera district_349,Resid.,Open,,,,,0.01,0,0,0,0,0,1,1,0,0,0,0,1,0,1,0,1,0,1,0,0,-1,0.28,0
4,,7474,Al Jazeera,city Riyadh Al Jazeera district_354,Resid.,Open,,,,,0.01,0.01,0,0,0,0,1,1,0,0,0,0,1,0,1,0,2,1,1,0,0,-2,0.28,0
4,,8552,Badr,city Riyadh Badr district_407,Resid.,Open,,,,,0.01,0.01,0,0,0,0,1,4,0,0,0,0,4,1,2,1,3,0,2,1,0,-2,0.28,0
4,,8583,Badr,city Riyadh Badr district_439,Mixed.,Open,,,,,0.01,0.01,0,0,0,0,1,2,0,0,0,0,2,0,2,0,2,1,1,0,0,-2,0.28,0
4,,8676,Badr,city Riyadh Badr district_532,Mixed.,Open,,,,,0,0,0,0,0,0,1,3,0,0,0,0,3,1,2,0,1,0,1,0,0,0,0.28,0
4,,8982,Dirab,city Riyadh Dirab district_140,Resid.,Open,,,,,0.01,0.01,0,0,0,0,1,1,0,0,0,0,1,0,1,0,2,1,1,0,0,-2,0.28,0
4,,9014,Dirab,city Riyadh Dirab district_65,Resid.,Open,,,,,0.01,0,0,0,0,0,1,1,0,0,0,0,1,0,1,0,1,0,1,0,0,-1,0.28,0
4,,9507,Tuwaiq,city Riyadh Tuwaiq district_482,Resid.,Open,,,,,0.01,0,0,0,0,0,1,3,0,0,0,0,3,1,2,0,2,1,1,0,0,-1,0.28,0
4,,9609,Uqaz,city Riyadh Uqaz district_119,Resid.,Open,,,,,0.01,0.01,0,0,0,0,1,3,0,0,0,0,3,0,3,0,2,1,1,0,0,-2,0.28,0
4,,9628,Uqaz,city Riyadh Uqaz district_138,Resid.,Open,,,,,0.01,0.01,0,0,0,0,1,1,0,0,0,0,1,0,1,0,2,1,1,0,0,-2,0.28,0
4,,9239,Muayzilah,city Riyadh Muayzilah district_514,Mixed.,Open,,,,,0.06,0.04,0,0,0,0,2,9,0,0,0,0,9,0,8,1,9,4,4,1,0,-8,0.26,0
4,,9208,Muayzilah,city Riyadh Muayzilah district_123,Mixed.,Open,,,,,0.06,0.04,1,0,0,0,1,9,0,0,0,0,9,1,6,2,10,4,4,2,0,-8,0.25,YES
4,,6167,Al Ghannamiyah,Al Ghannamiyah district_281,Com,Open,,,,,0.02,0.01,0,0,0,0,1,2,0,0,0,0,2,0,2,0,3,2,1,0,0,-3,0.24,0
4,,5970,Al Dar Al Baida,Al Dar Al Baida district_187,Com,Open,,,,,0.01,0,0,0,0,0,0,0,0,0,0,0,0,0,0,0,1,1,0,0,0,-1,0.23,0
4,,5972,Al Dar Al Baida,Al Dar Al Baida district_189,Com,Open,,,,,0.01,0,0,0,0,0,0,0,0,0,0,0,0,0,0,0,2,1,0,1,0,-1,0.23,0
4,,5975,Al Dar Al Baida,Al Dar Al Baida district_191,Com,Open,,,,,0.01,0,0,0,0,0,0,0,0,0,0,0,0,0,0,0,4,1,0,3,0,-1,0.23,0
4,,5976,Al Dar Al Baida,Al Dar Al Baida district_192,Com,Open,,,,,0.01,0.01,0,0,0,0,0,0,0,0,0,0,0,0,0,0,2,2,0,0,0,-2,0.23,0
4,,5982,Al Dar Al Baida,Al Dar Al Baida district_21,Com,Open,,,,,0.01,0,0,0,0,0,0,0,0,0,0,0,0,0,0,0,1,1,0,0,0,-1,0.23,0
4,,5983,Al Dar Al Baida,Al Dar Al Baida district_22,Com,Open,,,,,0.01,0,0,0,0,0,0,0,0,0,0,0,0,0,0,0,1,1,0,0,0,-1,0.23,0
4,,6070,Al Dar Al Baida,Al Dar Al Baida district_439,Com,Open,,,,,0.01,0,0,0,0,0,0,0,0,0,0,0,0,0,0,0,1,1,0,0,0,-1,0.23,0
4,,6072,Al Dar Al Baida,Al Dar Al Baida district_451,Com,Open,,,,,0.01,0.01,0,0,0,0,0,0,0,0,0,0,0,0,0,0,2,2,0,0,0,-2,0.23,0
4,,6164,Al Ghannamiyah,Al Ghannamiyah district_278,Com,Open,,,,,0.01,0.01,0,0,0,0,0,0,0,0,0,0,0,0,0,0,2,2,0,0,0,-2,0.23,0
4,,6166,Al Ghannamiyah,Al Ghannamiyah district_280,Com,Open,,,,,0.01,0,0,0,0,0,0,0,0,0,0,0,0,0,0,0,1,1,0,0,0,-1,0.23,0
4,,6176,Al Ghannamiyah,Al Ghannamiyah district_29,Com,Open,,,,,0.01,0,0,0,0,0,0,0,0,0,0,0,0,0,0,0,1,1,0,0,0,-1,0.23,0
4,,6205,Al Haer,Al Haer district_273,Com,Open,,,,,0.01,0,0,0,0,0,0,0,0,0,0,0,0,0,0,0,1,1,0,0,0,-1,0.23,0
4,,6438,Al Masani,Al Masani district_13,Com,Open,,,,,0.01,0.01,0,0,0,0,0,0,0,0,0,0,0,0,0,0,2,2,0,0,0,-2,0.23,0
4,,6470,Al Masani,Al Masani district_435,Com,Open,,,,,0.01,0,0,0,0,0,0,0,0,0,0,0,0,0,0,0,1,1,0,0,0,-1,0.23,0
4,,6483,Al Masani,Al Masani district_51,Com,Open,,,,,0.01,0.01,0,0,0,0,0,0,0,0,0,0,0,0,0,0,2,2,0,0,0,-2,0.23,0
4,,6484,Al Masani,Al Masani district_52,Com,Open,,,,,0.01,0,0,0,0,0,0,0,0,0,0,0,0,0,0,0,1,1,0,0,0,-1,0.23,0
4,,6485,Al Masani,Al Masani district_53,Com,Open,,,,,0.01,0,0,0,0,0,0,0,0,0,0,0,0,0,0,0,1,1,0,0,0,-1,0.23,0
4,,6486,Al Masani,Al Masani district_54,Com,Open,,,,,0.01,0,0,0,0,0,0,0,0,0,0,0,0,0,0,0,1,1,0,0,0,-1,0.23,0
4,,6489,Al Masani,Al Masani district_57,Com,Open,,,,,0.01,0,0,0,0,0,0,0,0,0,0,0,0,0,0,0,1,1,0,0,0,-1,0.23,0
4,,6490,Al Masani,Al Masani district_58,Com,Open,,,,,0.01,0,0,0,0,0,0,0,0,0,0,0,0,0,0,0,1,1,0,0,0,-1,0.23,0
4,,6492,Al Masani,Al Masani district_6,Com,Open,,,,,0.01,0.01,0,0,0,0,0,0,0,0,0,0,0,0,0,0,2,2,0,0,0,-2,0.23,0
4,,6518,Al Misfat,Al Misfat district_206,Com,Open,,,,,0.01,0.01,0,0,0,0,0,0,0,0,0,0,0,0,0,0,2,2,0,0,0,-2,0.23,0
4,,6529,Al Misfat,Al Misfat district_217,Com,Open,,,,,0.01,0,0,0,0,0,0,2,0,0,0,0,2,0,0,2,2,1,0,1,0,-1,0.23,0
4,,6530,Al Misfat,Al Misfat district_218,Com,Open,,,,,0.01,0,0,0,0,0,0,0,0,0,0,0,0,0,0,0,1,1,0,0,0,-1,0.23,0
4,,7433,Al Jazeera,city Riyadh Al Jazeera district_3,Com,Open,,,,,0.01,0.01,0,0,0,0,0,0,0,0,0,0,0,0,0,0,2,2,0,0,0,-2,0.23,0
4,,7534,Al Marwah,city Riyadh Al Marwah district_237,Com,Open,,,,,0.01,0.01,0,0,0,0,0,0,0,0,0,0,0,0,0,0,2,2,0,0,0,-2,0.23,0
4,,7535,Al Marwah,city Riyadh Al Marwah district_238,Com,Open,,,,,0.01,0.01,0,0,0,0,0,0,0,0,0,0,0,0,0,0,2,2,0,0,0,-2,0.23,0
4,,7539,Al Marwah,city Riyadh Al Marwah district_242,Com,Open,,,,,0.01,0.01,0,0,0,0,0,0,0,0,0,0,0,0,0,0,2,2,0,0,0,-2,0.23,0
4,,7541,Al Marwah,city Riyadh Al Marwah district_244,Com,Open,,,,,0.01,0,0,0,0,0,0,0,0,0,0,0,0,0,0,0,1,1,0,0,0,-1,0.23,0
4,,7542,Al Marwah,city Riyadh Al Marwah district_245,Com,Open,,,,,0.01,0,0,0,0,0,0,0,0,0,0,0,0,0,0,0,1,1,0,0,0,-1,0.23,0
4,,7595,Al Mishael,city Riyadh Al Mishael district_573,Com,Open,,,,,0.01,0.01,0,0,0,0,0,0,0,0,0,0,0,0,0,0,3,2,0,1,0,-2,0.23,0
4,,8407,Al Wisam,city Riyadh Al Wisam district_345,Com,Open,,,,,0.01,0.01,0,0,0,0,0,0,0,0,0,0,0,0,0,0,2,2,0,0,0,-2,0.23,0
4,,8648,Badr,city Riyadh Badr district_504,Com,Open,,,,,0.01,0.01,0,0,0,0,0,0,0,0,0,0,0,0,0,0,2,2,0,0,0,-2,0.23,0
4,,9412,Tuwaiq,city Riyadh Tuwaiq district_387,Com,Open,,,,,0.01,0,0,0,0,0,0,0,0,0,0,0,0,0,0,0,1,1,0,0,0,-1,0.23,0
4,,9413,Tuwaiq,city Riyadh Tuwaiq district_388,Com,Open,,,,,0.01,0.01,0,0,0,0,0,0,0,0,0,0,0,0,0,0,2,2,0,0,0,-2,0.23,0
4,,9416,Tuwaiq,city Riyadh Tuwaiq district_391,Com,Open,,,,,0.01,0,0,0,0,0,0,0,0,0,0,0,0,0,0,0,1,1,0,0,0,-1,0.23,0
4,,10251,Tiba,Tiba district_449,Com,Open,,,,,0.01,0,0,0,0,0,0,0,0,0,0,0,0,0,0,0,1,1,0,0,0,-1,0.23,0
4,,10138,Manfuhah,Manfuhah district_10000218,Com,Open,,,,,0.01,0.01,0,0,0,0,0,0,0,0,0,0,0,0,0,0,2,2,0,0,0,-2,0.23,0
4,,5967,Al Dar Al Baida,Al Dar Al Baida district_18,Com,Open,,,,,0,0,0,0,0,0,0,0,0,0,0,0,0,0,0,0,0,0,0,0,0,0,0.23,0
4,,5973,Al Dar Al Baida,Al Dar Al Baida district_19,Com,Open,,,,,0,0,0,0,0,0,0,0,0,0,0,0,0,0,0,0,0,0,0,0,0,0,0.23,0
4,,5977,Al Dar Al Baida,Al Dar Al Baida district_193,Com,Open,,,,,0,0,0,0,0,0,0,0,0,0,0,0,0,0,0,0,0,0,0,0,0,0,0.23,0
4,,5978,Al Dar Al Baida,Al Dar Al Baida district_194,Com,Open,,,,,0,0,0,0,0,0,0,0,0,0,0,0,0,0,0,0,0,0,0,0,0,0,0.23,0
4,,5979,Al Dar Al Baida,Al Dar Al Baida district_195,Com,Open,,,,,0.01,0.01,0,0,0,0,0,8,0,0,0,0,8,0,8,0,2,0,2,0,0,-2,0.23,0
4,,5981,Al Dar Al Baida,Al Dar Al Baida district_20,Com,Open,,,,,0,0,0,0,0,0,0,0,0,0,0,0,0,0,0,0,0,0,0,0,0,0,0.23,0
4,,6160,Al Ghannamiyah,Al Ghannamiyah district_274,Com,Open,,,,,0.01,0.01,0,0,0,0,0,1,0,0,0,0,1,0,1,0,2,1,1,0,0,-2,0.23,0
4,,6162,Al Ghannamiyah,Al Ghannamiyah district_276,Com,Open,,,,,0,0,0,0,0,0,0,0,0,0,0,0,0,0,0,0,0,0,0,0,0,0,0.23,0
4,,6180,Al Ghannamiyah,Al Ghannamiyah district_295,Com,Open,,,,,0,0,0,0,0,0,0,0,0,0,0,0,0,0,0,0,0,0,0,0,0,0,0.23,0
4,,6203,Al Haer,Al Haer district_271,Com,Open,,,,,0.01,0,0,0,0,0,0,3,0,0,0,0,3,1,1,1,2,0,1,1,0,-1,0.23,0
4,,6204,Al Haer,Al Haer district_272,Com,Open,,,,,0,0,0,0,0,0,0,0,0,0,0,0,0,0,0,0,0,0,0,0,0,0,0.23,0
4,,6526,Al Misfat,Al Misfat district_214,Com,Open,,,,,0,0,0,0,0,0,0,0,0,0,0,0,0,0,0,0,0,0,0,0,0,0,0.23,0
4,,6544,Al Misfat,Al Misfat district_232,Com,Open,,,,,0,0,0,0,0,0,0,0,0,0,0,0,0,0,0,0,0,0,0,0,0,0,0.23,0
4,,6545,Al Misfat,Al Misfat district_233,Com,Open,,,,,0,0,0,0,0,0,0,0,0,0,0,0,0,0,0,0,0,0,0,0,0,0,0.23,0
4,,7320,Al Janadriyah,city Riyadh Al Janadriyah district_1,Com,Open,,,,,0,0,0,0,0,0,0,0,0,0,0,0,0,0,0,0,0,0,0,0,0,0,0.23,0
4,,7537,Al Marwah,city Riyadh Al Marwah district_240,Com,Open,,,,,0,0,0,0,0,0,0,0,0,0,0,0,0,0,0,0,0,0,0,0,0,0,0.23,0
4,,7538,Al Marwah,city Riyadh Al Marwah district_241,Com,Open,,,,,0,0,0,0,0,0,0,0,0,0,0,0,0,0,0,0,0,0,0,0,0,0,0.23,0
4,,7543,Al Marwah,city Riyadh Al Marwah district_246,Com,Open,,,,,0,0,0,0,0,0,0,0,0,0,0,0,0,0,0,0,0,0,0,0,0,0,0.23,0
4,,7540,Al Marwah,city Riyadh Al Marwah district_243,Com,Open,,,,,0,0,0,0,0,0,0,0,0,0,0,0,0,0,0,0,0,0,0,0,0,0,0.23,0
4,,7559,Al Marwah,city Riyadh Al Marwah district_262,Com,Open,,,,,0,0,0,0,0,0,0,0,0,0,0,0,0,0,0,0,1,0,0,1,0,0,0.23,0
4,,7859,Al Rabiyah,city Riyadh Al Rabiyah district_459,Com,Open,,,,,0,0,0,0,0,0,0,0,0,0,0,0,0,0,0,0,0,0,0,0,0,0,0.23,0
4,,8991,Dirab,city Riyadh Dirab district_42,Com,Open,,,,,0,0,0,0,0,0,0,0,0,0,0,0,0,0,0,0,1,0,0,1,0,0,0.23,0
4,,10244,Tiba,Tiba district_198,Com,Open,,,,,0,0,0,0,0,0,0,1,0,0,0,0,1,0,0,1,1,0,0,1,0,0,0.23,0
4,,6044,Al Dar Al Baida,Al Dar Al Baida district_401,Resid.,Open,,,,,0.07,0.05,0,0,0,0,2,11,0,0,0,0,11,0,11,0,10,6,4,0,0,-10,0.22,0
4,,6061,Al Dar Al Baida,Al Dar Al Baida district_418,Resid.,Open,,,,,0.06,0.04,0,0,0,0,2,8,0,0,0,0,8,0,8,0,8,5,3,0,0,-8,0.22,0
4,,7298,Al Hazm,city Riyadh Al Hazm district_216,Mixed.,Open,,,,,0.06,0.04,0,0,0,0,2,7,0,0,0,0,7,1,5,1,9,5,3,1,0,-8,0.22,0
4,,10148,Tuwaiq,RUH_30,Mixed.,Open,,,,,0.1,0.07,0,0,0,0,2,17,0,0,0,0,17,5,9,3,20,9,7,4,0,-14,0.22,0
4,,5964,Al Bariyah,Al Bariyah district_176,Mixed.,Open,,,,,0.14,0.09,0,0,0,0,2,14,0,0,0,0,14,3,11,0,19,14,5,0,0,-19,0.21,0
4,,6010,Al Dar Al Baida,Al Dar Al Baida district_361,Resid.,Open,,,,,0.08,0.05,0,0,0,0,2,8,0,0,0,0,8,0,8,0,11,8,3,0,0,-11,0.21,0
4,,6017,Al Dar Al Baida,Al Dar Al Baida district_368,Resid.,Open,,,,,0.22,0.15,0,0,0,0,2,20,0,0,0,0,20,0,16,4,33,23,4,6,0,-31,0.21,0
4,,6022,Al Dar Al Baida,Al Dar Al Baida district_379,Mixed.,Open,,,,,0.11,0.08,0,0,0,0,2,18,0,0,0,0,18,0,18,0,17,13,3,1,0,-16,0.21,0
4,,6048,Al Dar Al Baida,Al Dar Al Baida district_405,Resid.,Open,,,,,0.08,0.05,0,0,0,0,2,14,0,0,0,0,14,0,14,0,11,8,3,0,0,-11,0.21,0
4,,6078,Al Dar Al Baida,Al Dar Al Baida district_488,Mixed.,Open,,,,,0.17,0.11,0,0,0,0,2,24,0,0,0,0,24,1,19,4,25,16,5,4,0,-24,0.21,0
4,,6098,Al Dar Al Baida,Al Dar Al Baida district_508,Resid.,Open,,,,,0.06,0.04,0,0,0,0,2,11,0,0,0,0,11,0,11,0,8,6,2,0,0,-8,0.21,0
4,,6104,Al Dar Al Baida,Al Dar Al Baida district_518,Resid.,Open,,,,,0.17,0.11,0,0,0,0,2,10,0,0,0,0,10,0,10,0,24,19,5,0,0,-24,0.21,0
4,,4674,Al Dhubbat,Al Dhubbat district_10000557,Resid.,Open,,,,,0.39,0.26,0,0,0,0,2,16,0,0,0,0,16,0,14,2,72,50,3,19,0,-54,0.21,YES
4,,6117,Al Duraihemiyah,Al Duraihemiyah district_10000130,Resid.,Open,,,,,0.21,0.14,0,0,0,0,2,18,0,0,0,0,18,1,11,6,45,24,6,15,0,-30,0.21,0
4,,6119,Al Duraihemiyah,Al Duraihemiyah district_10000132,Mixed.,Open,,,,,0.24,0.16,0,0,0,0,2,10,0,0,0,0,10,1,8,1,48,28,5,15,0,-33,0.21,0
4,,6243,Al Jarradiyah,Al Jarradiyah district_10000082,Resid.,Open,,,,,0.11,0.07,0,0,0,0,2,5,0,0,0,0,5,0,5,0,19,12,3,4,0,-15,0.21,0
4,,6409,Al Mansurah,Al Mansurah district_10000421,Resid.,Open,,,,,0.24,0.13,0,0,0,0,2,19,7,7,0,0,12,1,8,3,33,17,9,7,0,-20,0.21,YES
4,,6411,Al Mansurah,Al Mansurah district_10000423,Resid.,Open,,,,,0.24,0.16,0,0,0,0,2,10,0,0,0,0,10,0,10,0,48,30,4,14,0,-34,0.21,0
4,,6412,Al Mansurah,Al Mansurah district_10000424,Resid.,Open,,,,,0.19,0.13,0,0,0,0,2,10,0,0,0,0,10,0,8,2,31,22,5,4,0,-27,0.21,YES
4,,6414,Al Mansurah,Al Mansurah district_10000426,Resid.,Open,,,,,0.28,0.19,0,0,0,0,2,28,0,0,0,0,28,3,17,8,53,28,8,17,0,-39,0.21,0
4,,6418,Al Mansurah,Al Mansurah district_10000430,Resid.,Open,,,,,0.24,0.16,0,0,0,0,2,7,0,0,0,0,7,1,4,2,45,30,3,12,0,-34,0.21,0
4,,6424,Al Mansurah,Al Mansurah district_10000436,Resid.,Open,,,,,0.26,0.18,0,0,0,0,2,14,0,0,0,0,14,0,12,2,44,32,4,8,0,-37,0.21,0
4,,6432,Al Mansurah,Al Mansurah district_10000444,Resid.,Open,,,,,0.24,0.16,0,0,0,0,2,16,0,0,0,0,16,0,13,3,40,27,3,10,0,-33,0.21,0
4,,6941,Al Yamamah,Al Yamamah district_10000157,Resid.,Open,,,,,0.33,0.22,0,0,0,0,2,8,0,0,0,0,8,0,4,4,54,40,2,12,0,-46,0.21,0
4,,6942,Al Yamamah,Al Yamamah district_10000158,Resid.,Open,,,,,0.24,0.16,0,0,0,0,2,23,0,0,0,0,23,2,15,6,45,25,7,13,0,-34,0.21,0
4,,6955,Al Yamamah,Al Yamamah district_10000171,Resid.,Open,,,,,0.15,0.1,0,0,0,0,2,9,0,0,0,0,9,0,9,0,31,17,4,10,0,-21,0.21,0
4,,7184,Al Bayan,city Riyadh Al Bayan district_351,Resid.,Open,,,,,0.15,0.1,0,0,0,0,2,13,0,0,0,0,13,0,12,1,22,17,4,1,0,-21,0.21,0
4,,7189,Al Bayan,city Riyadh Al Bayan district_356,Resid.,Open,,,,,0.15,0.1,0,0,0,0,2,9,0,0,0,0,9,2,7,0,24,20,3,1,0,-21,0.21,0
4,,7273,Al Hazm,city Riyadh Al Hazm district_191,Mixed.,Open,,,,,0.12,0.08,0,0,0,0,2,12,0,0,0,0,12,0,11,1,17,13,3,1,0,-17,0.21,0
4,,7283,Al Hazm,city Riyadh Al Hazm district_201,Mixed.,Open,,,,,0.15,0.1,0,0,0,0,2,16,0,0,0,0,16,1,14,1,23,18,3,2,0,-21,0.21,0
4,,7293,Al Hazm,city Riyadh Al Hazm district_211,Mixed.,Open,,,,,0.19,0.13,0,0,0,0,2,18,0,0,0,0,18,0,17,1,31,21,5,5,0,-27,0.21,0
4,,7316,Al Hazm,city Riyadh Al Hazm district_348,Resid.,Open,,,,,0.19,0.13,0,0,0,0,2,10,0,0,0,0,10,1,8,1,30,23,4,3,0,-27,0.21,0
4,,7327,Al Janadriyah,city Riyadh Al Janadriyah district_160,Resid.,Open,,,,,0.23,0.15,0,0,0,0,2,7,0,0,0,0,7,3,2,2,35,30,3,2,0,-32,0.21,0
4,,7328,Al Janadriyah,city Riyadh Al Janadriyah district_161,Resid.,Open,,,,,0.12,0.08,0,0,0,0,2,13,0,0,0,0,13,1,11,1,19,14,3,2,0,-17,0.21,0
4,,7370,Al Janadriyah,city Riyadh Al Janadriyah district_202,Resid.,Open,,,,,0.06,0.04,0,0,0,0,2,9,0,0,0,0,9,0,9,0,8,6,2,0,0,-8,0.21,0
4,,7390,Al Janadriyah,city Riyadh Al Janadriyah district_230,Mixed.,Open,,,,,0.07,0.05,0,0,0,0,2,6,0,0,0,0,6,2,2,2,13,9,2,2,0,-10,0.21,0
4,,7396,Al Janadriyah,city Riyadh Al Janadriyah district_236,Resid.,Open,,,,,0.13,0.09,0,0,0,0,2,7,0,0,0,0,7,0,7,0,18,16,2,0,0,-18,0.21,0
4,,7430,Al Janadriyah,city Riyadh Al Janadriyah district_512,Mixed.,Open,,,,,0.09,0.06,0,0,0,0,2,12,0,0,0,0,12,0,10,2,13,9,2,2,0,-13,0.21,0
4,,7649,Al Nadwah,city Riyadh Al Nadwah district_959,Resid.,Open,,,,,0.15,0.1,0,0,0,0,2,9,0,0,0,0,9,0,9,0,22,16,5,1,0,-21,0.21,0
4,,7571,Al Marwah,city Riyadh Al Marwah district_274,Resid.,Open,,,,,0.16,0.1,0,0,0,0,2,8,0,0,0,0,8,1,6,1,26,18,4,4,0,-22,0.21,0
4,,7651,Al Nadwah,city Riyadh Al Nadwah district_961,Resid.,Open,,,,,0.09,0.06,0,0,0,0,2,11,0,0,0,0,11,2,6,3,17,10,4,3,0,-13,0.21,YES
4,,7652,Al Nadwah,city Riyadh Al Nadwah district_962,Resid.,Open,,,,,0.11,0.08,0,0,0,0,2,12,0,0,0,0,12,1,10,1,17,11,5,1,0,-16,0.21,0
4,,7656,Al Nadwah,city Riyadh Al Nadwah district_966,Resid.,Open,,,,,0.15,0.1,0,0,0,0,2,3,0,0,0,0,3,1,2,0,22,20,2,0,0,-21,0.21,0
4,,7676,Al Nazim,city Riyadh Al Nazim district_1002,Mixed.,Open,,,,,0.11,0.07,0,0,0,0,2,18,0,0,0,0,18,1,16,1,16,11,4,1,0,-15,0.21,0
4,,7704,Al Nazim,city Riyadh Al Nazim district_1030,Mixed.,Open,,,,,0.18,0.12,0,0,0,0,2,8,0,0,0,0,8,1,6,1,25,20,4,1,0,-25,0.21,0
4,,7752,Al Nazim,city Riyadh Al Nazim district_992,Resid.,Open,,,,,0.14,0.09,0,0,0,0,2,17,0,0,0,0,17,0,14,3,21,17,2,2,0,-19,0.21,0
4,,8074,Al Rimayah,city Riyadh Al Rimayah district_946,Mixed.,Open,,,,,0.06,0.04,0,0,0,0,2,3,0,0,0,0,3,0,2,1,9,5,2,2,0,-8,0.21,0
4,,8512,Badr,city Riyadh Badr district_367,Resid.,Open,,,,,0.17,0.11,0,0,0,0,2,13,0,0,0,0,13,1,11,1,25,20,4,1,0,-24,0.21,0
4,,8528,Badr,city Riyadh Badr district_383,Resid.,Open,,,,,0.21,0.14,0,0,0,0,2,10,0,0,0,0,10,0,8,2,30,26,2,2,0,-30,0.21,0
4,,8529,Badr,city Riyadh Badr district_384,Resid.,Open,,,,,0.19,0.12,0,0,0,0,2,14,0,0,0,0,14,0,10,4,30,22,2,6,0,-26,0.21,0
4,,8532,Badr,city Riyadh Badr district_387,Mixed.,Open,,,,,0.09,0.06,0,0,0,0,2,4,0,0,0,0,4,0,4,0,15,10,3,2,0,-13,0.21,0
4,,8556,Badr,city Riyadh Badr district_411,Resid.,Open,,,,,0.23,0.15,0,0,0,0,2,18,0,0,0,0,18,1,13,4,35,22,7,6,0,-32,0.21,0
4,,8557,Badr,city Riyadh Badr district_412,Mixed.,Open,,,,,0.11,0.07,0,0,0,0,2,5,0,0,0,0,5,1,3,1,18,12,3,3,0,-15,0.21,0
4,,8560,Badr,city Riyadh Badr district_415,Mixed.,Open,,,,,0.16,0.1,0,0,0,0,2,10,0,0,0,0,10,1,8,1,23,18,4,1,0,-22,0.21,0
4,,8564,Badr,city Riyadh Badr district_419,Resid.,Open,,,,,0.25,0.17,0,0,0,0,2,3,0,0,0,0,3,0,2,1,36,32,2,2,0,-35,0.21,0
4,,8565,Badr,city Riyadh Badr district_420,Resid.,Open,,,,,0.09,0.06,0,0,0,0,2,3,0,0,0,0,3,0,3,0,12,10,2,0,0,-12,0.21,0
4,,8576,Badr,city Riyadh Badr district_431,Resid.,Open,,,,,0.16,0.11,0,0,0,0,2,8,0,0,0,0,8,0,8,0,23,21,2,0,0,-23,0.21,0
4,,8577,Badr,city Riyadh Badr district_432,Mixed.,Open,,,,,0.18,0.12,0,0,0,0,2,20,0,0,0,0,20,2,13,5,28,17,6,5,0,-25,0.21,0
4,,9225,Muayzilah,city Riyadh Muayzilah district_140,Mixed.,Open,,,,,0.13,0.09,0,0,0,0,2,16,0,0,0,0,16,1,14,1,19,15,3,1,0,-18,0.21,0
4,,9394,Shobra,city Riyadh Shobra district_87,Resid.,Open,,,,,0.29,0.19,0,0,0,0,2,12,0,0,0,0,12,0,10,2,46,33,5,8,0,-40,0.21,YES
4,,9361,Shobra,city Riyadh Shobra district_100,Resid.,Open,,,,,0.14,0.1,0,0,0,0,2,13,0,0,0,0,13,0,11,2,23,16,2,5,0,-20,0.21,0
4,,9407,Tuwaiq,city Riyadh Tuwaiq district_1604,Mixed.,Open,,,,,0.16,0.1,0,0,0,0,2,10,0,0,0,0,10,1,6,3,25,18,3,4,0,-22,0.21,0
4,,9439,Tuwaiq,city Riyadh Tuwaiq district_414,Resid.,Open,,,,,0.21,0.14,0,0,0,0,2,19,0,0,0,0,19,0,19,0,32,25,4,3,0,-29,0.21,0
4,,9449,Tuwaiq,city Riyadh Tuwaiq district_424,Resid.,Open,,,,,0.18,0.12,0,0,0,0,2,9,0,0,0,0,9,1,8,0,28,24,2,2,0,-25,0.21,0
4,,9453,Tuwaiq,city Riyadh Tuwaiq district_428,Resid.,Open,,,,,0.14,0.1,0,0,0,0,2,12,0,0,0,0,12,3,6,3,26,17,4,5,0,-20,0.21,0
4,,9460,Tuwaiq,city Riyadh Tuwaiq district_435,Resid.,Open,,,,,0.11,0.07,0,0,0,0,2,10,0,0,0,0,10,2,6,2,19,13,4,2,0,-15,0.21,0
4,,9462,Tuwaiq,city Riyadh Tuwaiq district_437,Resid.,Open,,,,,0.3,0.2,0,0,0,0,2,16,0,0,0,0,16,0,15,1,47,39,3,5,0,-42,0.21,0
4,,9461,Tuwaiq,city Riyadh Tuwaiq district_436,Resid.,Open,,,,,0.24,0.16,0,0,0,0,2,6,0,0,0,0,6,0,6,0,33,31,2,0,0,-33,0.21,0
4,,9477,Tuwaiq,city Riyadh Tuwaiq district_452,Resid.,Open,,,,,0.09,0.06,0,0,0,0,2,5,0,0,0,0,5,1,4,0,14,12,2,0,0,-13,0.21,0
4,,9503,Tuwaiq,city Riyadh Tuwaiq district_478,Mixed.,Open,,,,,0.16,0.11,0,0,0,0,2,14,0,0,0,0,14,0,14,0,26,21,2,3,0,-23,0.21,0
4,,9514,Tuwaiq,city Riyadh Tuwaiq district_489,Mixed.,Open,,,,,0.22,0.15,0,0,0,0,2,5,0,0,0,0,5,0,4,1,32,26,4,2,0,-31,0.21,0
4,,9521,Tuwaiq,city Riyadh Tuwaiq district_496,Resid.,Open,,,,,0.21,0.14,0,0,0,0,2,16,0,0,0,0,16,2,6,8,35,23,3,9,0,-30,0.21,0
4,,9526,Tuwaiq,city Riyadh Tuwaiq district_501,Resid.,Open,,,,,0.09,0.06,0,0,0,0,2,6,0,0,0,0,6,0,6,0,14,10,2,2,0,-12,0.21,0
4,,9530,Tuwaiq,city Riyadh Tuwaiq district_505,Resid.,Open,,,,,0.27,0.18,0,0,0,0,2,10,0,0,0,0,10,0,8,2,39,34,2,3,0,-38,0.21,0
4,,9531,Tuwaiq,city Riyadh Tuwaiq district_506,Resid.,Open,,,,,0.06,0.04,0,0,0,0,2,9,0,0,0,0,9,0,9,0,9,6,3,0,0,-9,0.21,0
4,,9541,Tuwaiq,city Riyadh Tuwaiq district_516,Resid.,Open,,,,,0.15,0.1,0,0,0,0,2,10,0,0,0,0,10,0,9,1,22,18,2,2,0,-21,0.21,0
4,,9540,Tuwaiq,city Riyadh Tuwaiq district_515,Resid.,Open,,,,,0.14,0.1,0,0,0,0,2,12,0,0,0,0,12,1,7,4,21,13,4,4,0,-20,0.21,0
4,,9547,Tuwaiq,city Riyadh Tuwaiq district_522,Resid.,Open,,,,,0.21,0.14,0,0,0,0,2,9,0,0,0,0,9,0,5,4,31,21,5,5,0,-29,0.21,0
4,,9548,Tuwaiq,city Riyadh Tuwaiq district_526,Mixed.,Open,,,,,0.19,0.12,0,0,0,0,2,7,0,0,0,0,7,0,6,1,27,22,3,2,0,-26,0.21,0
4,,9552,Tuwaiq,city Riyadh Tuwaiq district_534,Mixed.,Open,,,,,0.18,0.12,0,0,0,0,2,6,0,0,0,0,6,0,4,2,26,20,3,3,0,-25,0.21,0
4,,9587,Tuwaiq,city Riyadh Tuwaiq district_647,Mixed.,Open,,,,,0.14,0.09,0,0,0,0,2,5,0,0,0,0,5,0,4,1,20,17,2,1,0,-19,0.21,0
4,,9626,Uqaz,city Riyadh Uqaz district_136,Resid.,Open,,,,,0.11,0.08,0,0,0,0,2,6,0,0,0,0,6,0,6,0,16,13,3,0,0,-16,0.21,0
4,,9631,Uqaz,city Riyadh Uqaz district_147,Mixed.,Open,,,,,0.16,0.11,0,0,0,0,2,11,0,0,0,0,11,0,10,1,24,18,5,1,0,-23,0.21,0
4,,9644,Uqaz,city Riyadh Uqaz district_351,Resid.,Open,,,,,0.11,0.08,0,0,0,0,2,14,0,0,0,0,14,0,14,0,18,13,3,2,0,-16,0.21,0
4,,9948,Ghabira,Ghobairah district_10000396,Mixed.,Open,,,,,0.29,0.2,0,0,0,0,2,14,0,0,0,0,14,1,11,2,53,36,4,13,0,-41,0.21,YES
4,,9958,Ghabira,Ghobairah district_10000406,Mixed.,Open,,,,,0.18,0.12,0,0,0,0,2,10,0,0,0,0,10,2,6,2,31,19,6,6,0,-25,0.21,YES
4,,10070,Manfuha Al Jadidah,Manfuha Al Jadidah district_10000246,Resid.,Open,,,,,0.18,0.12,0,0,0,0,2,15,0,0,0,0,15,0,11,4,32,17,5,10,0,-25,0.21,0
4,,10107,Manfuhah,Manfuhah district_10000187,Resid.,Open,,,,,0.09,0.06,0,0,0,0,2,7,0,0,0,0,7,0,6,1,15,10,3,2,0,-13,0.21,0
4,,10114,Manfuhah,Manfuhah district_10000194,Resid.,Open,,,,,0.14,0.09,0,0,0,0,2,9,0,0,0,0,9,0,7,2,23,15,3,5,0,-19,0.21,0
4,,10150,Tuwaiq,RUH_Al Dani_10,Resid.,Open,,,,,0.06,0.04,0,0,0,0,2,2,0,0,0,0,2,0,2,0,11,6,2,3,0,-8,0.21,0
4,,10188,Tuwaiq,RUH_Al Tuwaiq_31,Mixed.,Open,,,,,0.14,0.1,0,0,0,0,2,19,0,0,0,0,19,0,15,4,23,14,3,6,0,-20,0.21,0
4,,10234,Sultanah,Sultanah district_10000116,Resid.,Open,,,,,0.09,0.06,0,0,0,0,2,8,0,0,0,0,8,0,8,0,16,10,3,3,0,-13,0.21,0
4,,10270,Utayqah,Utayqah district_10000149,Mixed.,Open,,,,,0.19,0.13,0,0,0,0,2,11,0,0,0,0,11,0,9,2,32,23,2,7,0,-27,0.21,0
4,,10276,Utayqah,Utayqah district_10000223,Resid.,Open,,,,,0.19,0.13,0,0,0,0,2,12,1,0,1,0,11,1,9,1,28,22,5,1,0,-26,0.21,0
4,,10277,Utayqah,Utayqah district_10000224,Resid.,Open,,,,,0.26,0.17,0,0,0,0,2,22,1,0,1,0,21,0,14,7,45,22,9,14,0,-35,0.21,0
4,,7371,Al Janadriyah,city Riyadh Al Janadriyah district_203,Mixed.,Open,,,,,0.01,0.01,0,0,0,0,1,1,0,0,0,0,1,0,1,0,3,2,1,0,0,-2,0.21,0
4,,10282,Utayqah,Utayqah district_10000229,Resid.,Open,,,,,0.06,0.04,0,0,0,0,2,7,0,0,0,0,7,1,5,1,12,6,3,3,0,-9,0.21,0
4,,6369,Al Manakh,Al Manakh district_99,Com,Open,,,,,0.05,0.03,2,0,0,0,0,9,0,0,0,0,9,0,7,2,9,4,3,2,0,-7,0.2,0
4,,7782,Al Ola,city Riyadh Al Ola district_217,Mixed.,Open,,,,,0.02,0.01,0,0,0,0,1,4,0,0,0,0,4,0,2,2,5,3,0,2,0,-3,0.18,0
4,,6943,Al Yamamah,Al Yamamah district_10000159,Resid.,Open,,,,,0.04,0.02,0,0,0,0,1,2,0,0,0,0,2,0,1,1,9,5,0,4,0,-5,0.18,0
4,,5785,Al Arid,Al Aared district_243,Indust.,Open,,,,,0.03,0.02,0,0,0,0,1,10,5,0,0,5,5,4,1,0,5,1,3,1,0,-4,0.18,0
4,,6053,Al Dar Al Baida,Al Dar Al Baida district_410,Resid.,Open,,,,,0.02,0.01,0,0,0,0,1,4,0,0,0,0,4,1,2,1,4,1,2,1,0,-3,0.18,0
4,,6091,Al Dar Al Baida,Al Dar Al Baida district_501,Resid.,Open,,,,,0.06,0.04,0,0,0,0,1,9,0,0,0,0,9,1,7,1,9,4,4,1,0,-8,0.18,0
4,,6093,Al Dar Al Baida,Al Dar Al Baida district_503,Resid.,Open,,,,,0.05,0.03,0,0,0,0,1,14,0,0,0,0,14,6,5,3,15,3,8,4,0,-7,0.18,0
4,,6105,Al Dar Al Baida,Al Dar Al Baida district_519,Resid.,Open,,,,,0.03,0.02,0,0,0,0,1,6,0,0,0,0,6,1,4,1,5,1,3,1,0,-4,0.18,0
4,,6209,Al Haer,Al Haer district_297,Mixed.,Open,,,,,0.04,0.02,0,0,0,0,1,12,0,0,0,0,12,0,11,1,5,2,2,1,0,-5,0.18,0
4,,6223,Al Iskan,Al Iskan district_110,Resid.,Open,,,,,0.09,0.06,0,0,0,0,1,8,0,0,0,0,8,0,8,0,13,5,8,0,0,-13,0.18,0
4,,6226,Al Iskan,Al Iskan district_113,Resid.,Open,,,,,0.04,0.03,0,0,0,0,1,10,0,0,0,0,10,3,4,3,9,2,4,3,0,-6,0.18,0
4,,6227,Al Iskan,Al Iskan district_114,Resid.,Open,,,,,0.11,0.08,0,0,0,0,1,20,0,0,0,0,20,4,11,5,21,6,10,5,0,-16,0.18,0
4,,6229,Al Iskan,Al Iskan district_116,Mixed.,Open,,,,,0.1,0.07,0,0,0,0,1,17,0,0,0,0,17,3,11,3,17,3,11,3,0,-14,0.18,0
4,,6434,Al Mansurah,Al Mansurah district_10000523,Mixed.,Open,,,,,0.08,0.05,0,0,0,0,1,12,0,0,0,0,12,3,8,1,14,3,10,1,0,-11,0.18,0
4,,7372,Al Janadriyah,city Riyadh Al Janadriyah district_204,Resid.,Open,,,,,0.03,0.02,0,0,0,0,1,8,0,0,0,0,8,0,8,0,5,2,2,1,0,-4,0.18,0
4,,7446,Al Jazeera,city Riyadh Al Jazeera district_326,Resid.,Open,,,,,0.03,0.02,0,0,0,0,1,4,0,0,0,0,4,1,2,1,7,2,2,3,0,-4,0.18,0
4,,7467,Al Jazeera,city Riyadh Al Jazeera district_347,Resid.,Open,,,,,0.03,0.02,0,0,0,0,1,4,0,0,0,0,4,1,2,1,5,2,2,1,0,-4,0.18,0
4,,7730,Al Nazim,city Riyadh Al Nazim district_1056,Mixed.,Open,,,,,0.05,0.03,0,0,0,0,1,15,0,0,0,0,15,0,13,2,8,2,3,3,0,-7,0.18,0
4,,9210,Muayzilah,city Riyadh Muayzilah district_125,Mixed.,Open,,,,,0.02,0.01,0,0,0,0,1,7,0,0,0,0,7,3,3,1,7,1,4,2,0,-3,0.18,0
4,,9365,Shobra,city Riyadh Shobra district_104,Resid.,Open,,,,,0.05,0.03,0,0,0,0,1,11,0,0,0,0,11,2,7,2,11,2,5,4,0,-7,0.18,0
4,,9382,Shobra,city Riyadh Shobra district_121,Resid.,Open,,,,,0.05,0.03,0,0,0,0,1,6,0,0,0,0,6,0,6,0,7,2,5,0,0,-7,0.18,0
4,,9420,Tuwaiq,city Riyadh Tuwaiq district_395,Resid.,Open,,,,,0.03,0.02,0,0,0,0,1,5,0,0,0,0,5,1,3,1,5,2,2,1,0,-4,0.18,0
4,,9431,Tuwaiq,city Riyadh Tuwaiq district_406,Resid.,Open,,,,,0.02,0.01,0,0,0,0,1,9,0,0,0,0,9,1,7,1,4,1,2,1,0,-3,0.18,0
4,,9572,Tuwaiq,city Riyadh Tuwaiq district_592,Resid.,Open,,,,,0.06,0.04,0,0,0,0,1,5,0,0,0,0,5,0,4,1,9,4,4,1,0,-9,0.18,0
4,,9577,Tuwaiq,city Riyadh Tuwaiq district_597,Resid.,Open,,,,,0.02,0.01,0,0,0,0,1,3,0,0,0,0,3,0,2,1,5,1,2,2,0,-3,0.18,0
4,,9649,Uqaz,city Riyadh Uqaz district_88,Mixed.,Open,,,,,0.03,0.02,0,0,0,0,1,3,0,0,0,0,3,0,3,0,7,1,3,3,0,-4,0.18,0
4,,10154,Tuwaiq,RUH_Al Halilah_01,Mixed.,Open,,,,,0.13,0.09,0,0,0,0,1,27,0,0,0,0,27,5,20,2,23,5,16,2,0,-18,0.18,0
4,,5789,Al Arid,Al Aared district_247,Resid.,Off-Plan,aalosaimi,25-Mar,"March 17, 25","March 17, 25",0.16,0.03,0,0,0,0,1,27,17,5,2,10,10,10,0,0,22,0,20,2,0,15,0.18,0
4,,5796,Al Arid,Al Aared district_254,Mixed.,Off-Plan,aalosaimi,25-Mar,"March 17, 25","March 17, 25",0.31,0.11,0,0,0,0,1,22,16,2,8,6,6,5,1,0,35,2,23,10,0,20,0.18,YES
4,,5787,Al Arid,Al Aared district_245,Indust.,Off-Plan,abinsaedan,25-Apr,"April 29, 25","April 29, 25",0.25,0.08,0,0,0,0,1,17,9,1,0,8,8,7,1,0,35,14,20,1,0,19,0.18,0
4,,5745,Al Arid,Al Aared district_203,Mixed.,Off-Plan,ashuban,,"March 17, 25","March 17, 25",0.09,0.06,0,0,0,0,1,33,21,9,0,12,12,6,5,1,12,2,5,5,0,0,0.18,YES
4,,6254,Al Jarradiyah,Al Jarradiyah district_10000093,Indust.,Off-Plan,ashuban,25-Apr,"April 28, 25","April 29, 25",1.28,0.36,0,0,0,0,1,157,134,102,32,0,23,1,21,1,181,44,134,3,0,103,0.18,YES
4,,5738,Al Arid,Al Aared district_196,Resid.,Off-Plan,fabdelrahman,25-Mar,"March 17, 25","March 17, 25",0.31,0.1,0,0,0,0,1,44,30,13,3,14,14,11,2,1,45,7,31,7,0,23,0.18,0
4,,5803,Al Arid,Al Aared district_261,Resid.,Off-Plan,fabdelrahman,25-Mar,"March 17, 25","March 18, 25",0.26,0.08,0,0,0,0,1,99,56,7,6,43,43,42,1,0,38,4,27,7,0,20,0.18,0
4,,5716,Al Arid,Al Aared district_121,Resid.,Off-Plan,aalngedan,25-May,"May 14, 25","May 14, 25",0.08,0.05,0,0,0,0,1,44,28,12,0,16,16,5,1,10,32,8,23,1,0,11,0.18,0
4,,5728,Al Arid,Al Aared district_186,Resid.,Off-Plan,aalngedan,25-May,"May 13, 25","May 13, 25",0.04,0.02,0,0,0,0,1,11,6,1,0,5,5,2,2,1,11,4,5,2,0,4,0.18,0
4,,5735,Al Arid,Al Aared district_193,Resid.,Off-Plan,aalngedan,25-May,"May 13, 25","May 14, 25",0.15,0.1,0,0,0,0,1,36,21,6,0,15,15,15,0,0,57,8,47,2,0,34,0.18,YES
4,,5748,Al Arid,Al Aared district_206,Resid.,Off-Plan,aalngedan,25-May,"May 13, 25","May 13, 25",0.01,0.01,0,0,0,0,1,8,5,2,0,3,3,1,1,1,8,0,7,1,0,5,0.18,0
4,,5770,Al Arid,Al Aared district_228,Resid.,Off-Plan,aalngedan,25-May,"May 13, 25","May 13, 25",0.04,0.03,0,0,0,0,1,10,7,4,0,3,3,3,0,0,19,2,17,0,0,13,0.18,0
4,,5797,Al Arid,Al Aared district_255,Resid.,Off-Plan,aalngedan,25-May,"May 15, 25","May 15, 25",0.01,0.01,0,0,0,0,1,4,2,0,0,2,2,1,1,0,6,1,3,2,0,2,0.18,0
4,,5814,Al Arid,Al Aared district_5,Indust.,Off-Plan,aalngedan,25-May,"May 15, 25","May 15, 25",0.01,0,0,0,0,0,1,4,2,0,0,2,2,2,0,0,3,1,2,0,0,2,0.18,0
4,,6349,Al Manakh,Al Manakh district_104,Com,Open,,,,,0.04,0.03,0,0,0,0,1,4,0,0,0,0,4,1,2,1,7,4,2,1,0,-6,0.17,0
4,,6460,Al Masani,Al Masani district_38,Com,Open,,,,,0.03,0.02,0,0,0,0,1,1,0,0,0,0,1,0,1,0,4,3,1,0,0,-4,0.17,0
4,,6220,Al Haer,Al Haer district_528,Indust.,Open,,,,,0.01,0,1,0,0,0,0,5,0,0,0,0,5,0,5,0,1,0,1,0,0,-1,0.17,0
4,,9615,Uqaz,city Riyadh Uqaz district_125,Resid.,Open,,,,,0.01,0,1,0,0,0,0,3,0,0,0,0,3,0,3,0,1,0,1,0,0,-1,0.17,0
4,,5969,Al Dar Al Baida,Al Dar Al Baida district_186,Com,Open,,,,,0.08,0.05,0,0,0,0,1,3,0,0,0,0,3,0,3,0,11,9,2,0,0,-11,0.16,0
4,,6071,Al Dar Al Baida,Al Dar Al Baida district_440,Com,Open,,,,,0.09,0.06,0,0,0,0,1,6,0,0,0,0,6,0,4,2,12,8,2,2,0,-12,0.16,0
4,,5985,Al Dar Al Baida,Al Dar Al Baida district_330,Com,Open,,,,,0.09,0.06,0,0,0,0,1,4,0,0,0,0,4,0,2,2,12,9,1,2,0,-12,0.16,0
4,,6108,Al Difaa,Al Difaa district_158,Com,Open,,,,,0.19,0.13,0,0,0,0,1,3,0,0,0,0,3,0,2,1,30,26,1,3,0,-27,0.16,0
4,,6157,Al Farouq,Al Farouq district_58,Com,Open,,,,,0.46,0.3,0,0,0,0,1,6,0,0,0,0,6,0,5,1,66,61,2,3,0,-64,0.16,YES
4,,6345,Al Manakh,Al Manakh district_100,Com,Open,,,,,0.24,0.16,0,0,0,0,1,8,0,0,0,0,8,1,5,2,34,28,4,2,0,-33,0.16,0
4,,6471,Al Masani,Al Masani district_44,Com,Open,,,,,0.06,0.04,0,0,0,0,1,1,0,0,0,0,1,0,1,0,8,7,1,0,0,-8,0.16,0
4,,6354,Al Manakh,Al Manakh district_152,Com,Open,,,,,0.21,0.14,0,0,0,0,1,7,0,0,0,0,7,0,7,0,30,27,3,0,0,-30,0.16,0
4,,6473,Al Masani,Al Masani district_442,Com,Open,,,,,0.09,0.06,0,0,0,0,1,9,0,0,0,0,9,0,9,0,13,11,2,0,0,-13,0.16,0
4,,6495,Al Masani,Al Masani district_62,Com,Open,,,,,0.11,0.08,0,0,0,0,1,10,0,0,0,0,10,1,7,2,20,13,3,4,0,-16,0.16,0
4,,6508,Al Masani,Al Masani district_74,Com,Open,,,,,0.49,0.32,0,0,0,0,1,12,0,0,0,0,12,1,3,8,76,58,3,15,0,-68,0.16,0
4,,6511,Al Masani,Al Masani district_77,Com,Open,,,,,0.56,0.38,0,0,0,0,1,1,0,0,0,0,1,0,1,0,89,78,1,10,0,-79,0.16,YES
4,,6542,Al Misfat,Al Misfat district_230,Com,Open,,,,,0.08,0.05,0,0,0,0,1,3,0,0,0,0,3,0,3,0,11,10,1,0,0,-11,0.16,0
4,,7478,Al Jazeera,city Riyadh Al Jazeera district_358,Com,Open,,,,,0.33,0.22,0,0,0,0,1,6,0,0,0,0,6,0,1,5,51,41,1,9,0,-46,0.16,0
4,,7561,Al Marwah,city Riyadh Al Marwah district_264,Com,Open,,,,,0.66,0.44,0,0,0,0,1,16,0,0,0,0,16,0,11,5,98,86,2,10,0,-92,0.16,0
4,,7592,Al Mishael,city Riyadh Al Mishael district_570,Com,Open,,,,,0.05,0.03,0,0,0,0,1,7,0,0,0,0,7,0,7,0,8,6,1,1,0,-7,0.16,0
4,,8614,Badr,city Riyadh Badr district_470,Com,Open,,,,,0.41,0.27,0,0,0,0,1,1,0,0,0,0,1,0,1,0,61,56,1,4,0,-57,0.16,0
4,,8627,Badr,city Riyadh Badr district_483,Com,Open,,,,,0.05,0.03,0,0,0,0,1,1,0,0,0,0,1,0,1,0,8,6,1,1,0,-7,0.16,0
4,,8629,Badr,city Riyadh Badr district_485,Com,Open,,,,,0.06,0.04,0,0,0,0,1,3,0,0,0,0,3,0,2,1,9,7,2,0,0,-9,0.16,0
4,,8632,Badr,city Riyadh Badr district_488,Com,Open,,,,,0.09,0.06,0,0,0,0,1,2,0,0,0,0,2,0,2,0,12,10,2,0,0,-12,0.16,0
4,,8635,Badr,city Riyadh Badr district_491,Com,Open,,,,,0.06,0.04,0,0,0,0,1,1,0,0,0,0,1,0,1,0,8,7,1,0,0,-8,0.16,0
4,,8643,Badr,city Riyadh Badr district_499,Com,Open,,,,,0.04,0.03,0,0,0,0,1,1,0,0,0,0,1,0,1,0,6,5,1,0,0,-6,0.16,0
4,,8644,Badr,city Riyadh Badr district_500,Com,Open,,,,,0.06,0.04,0,0,0,0,1,4,0,0,0,0,4,1,2,1,10,7,2,1,0,-9,0.16,0
4,,8645,Badr,city Riyadh Badr district_501,Com,Open,,,,,0.1,0.07,0,0,0,0,1,3,0,0,0,0,3,0,1,2,16,11,1,4,0,-14,0.16,0
4,,8651,Badr,city Riyadh Badr district_507,Com,Open,,,,,0.07,0.05,0,0,0,0,1,2,0,0,0,0,2,0,1,1,10,8,1,1,0,-10,0.16,0
4,,8652,Badr,city Riyadh Badr district_508,Com,Open,,,,,0.08,0.05,0,0,0,0,1,1,0,0,0,0,1,0,1,0,11,10,1,0,0,-11,0.16,0
4,,8700,Badr,city Riyadh Badr district_592,Com,Open,,,,,0.11,0.08,0,0,0,0,1,2,0,0,0,0,2,0,1,1,17,14,1,2,0,-16,0.16,0
4,,9558,Tuwaiq,city Riyadh Tuwaiq district_560,Com,Open,,,,,0.16,0.11,0,0,0,0,1,4,0,0,0,0,4,0,4,0,23,20,3,0,0,-23,0.16,0
4,,9563,Tuwaiq,city Riyadh Tuwaiq district_583,Com,Open,,,,,0.22,0.15,0,0,0,0,1,4,0,0,0,0,4,0,4,0,36,30,1,5,0,-31,0.16,0
4,,10132,Manfuhah,Manfuhah district_10000212,Com,Open,,,,,0.07,0.05,0,0,0,0,1,2,0,0,0,0,2,0,2,0,11,8,2,1,0,-10,0.16,0
4,,10199,Tuwaiq,RUH_Tuwaiq_19,Com,Open,,,,,0.46,0.3,0,0,0,0,1,2,0,0,0,0,2,0,2,0,81,63,1,17,0,-64,0.16,0
4,,10240,Sultanah,Sultanah district_10000122,Com,Open,,,,,0.24,0.16,0,0,0,0,1,7,0,0,0,0,7,0,2,5,41,29,2,10,0,-34,0.16,0
4,,10246,Tiba,Tiba district_200,Com,Open,,,,,0.18,0.12,0,0,0,0,1,6,0,0,0,0,6,0,5,1,25,20,4,1,0,-25,0.16,0
4,,10249,Tiba,Tiba district_203,Com,Open,,,,,0.08,0.05,0,0,0,0,1,13,0,0,0,0,13,0,10,3,11,6,2,3,0,-11,0.16,0
4,,10275,Utayqah,Utayqah district_10000222,Com,Open,,,,,0.18,0.12,0,0,0,0,1,2,0,0,0,0,2,0,2,0,26,23,2,1,0,-25,0.16,0
4,,10278,Utayqah,Utayqah district_10000225,Com,Open,,,,,0.39,0.26,0,0,0,0,1,19,0,0,0,0,19,1,16,2,58,48,6,4,0,-55,0.16,YES
4,,5974,Al Dar Al Baida,Al Dar Al Baida district_190,Com,Open,,,,,0.03,0.02,0,0,0,0,0,0,0,0,0,0,0,0,0,0,5,4,0,1,0,-4,0.13,0
4,,5984,Al Dar Al Baida,Al Dar Al Baida district_329,Com,Open,,,,,0.03,0.02,0,0,0,0,0,0,0,0,0,0,0,0,0,0,4,4,0,0,0,-4,0.13,0
4,,5986,Al Dar Al Baida,Al Dar Al Baida district_331,Com,Open,,,,,0.04,0.03,0,0,0,0,0,0,0,0,0,0,0,0,0,0,7,6,0,1,0,-6,0.13,0
4,,5987,Al Dar Al Baida,Al Dar Al Baida district_332,Com,Open,,,,,0.04,0.03,0,0,0,0,0,0,0,0,0,0,0,0,0,0,7,6,0,1,0,-6,0.13,0
4,,6069,Al Dar Al Baida,Al Dar Al Baida district_438,Com,Open,,,,,0.02,0.01,0,0,0,0,0,0,0,0,0,0,0,0,0,0,3,3,0,0,0,-3,0.13,0
4,,6158,Al Farouq,Al Farouq district_59,Com,Open,,,,,0.29,0.2,0,0,0,0,0,0,0,0,0,0,0,0,0,0,46,41,0,5,0,-41,0.13,YES
4,,6359,Al Manakh,Al Manakh district_3,Com,Open,,,,,0.03,0.02,0,0,0,0,0,0,0,0,0,0,0,0,0,0,4,4,0,0,0,-4,0.13,0
4,,6400,Al Mansurah,Al Mansurah district_10000009,Com,Open,,,,,0.06,0.04,0,0,0,0,0,0,0,0,0,0,0,0,0,0,11,9,0,2,0,-9,0.13,0
4,,6435,Al Masani,Al Masani district_10,Com,Open,,,,,0.03,0.02,0,0,0,0,0,0,0,0,0,0,0,0,0,0,4,4,0,0,0,-4,0.13,0
4,,6436,Al Masani,Al Masani district_11,Com,Open,,,,,0.03,0.02,0,0,0,0,0,0,0,0,0,0,0,0,0,0,4,4,0,0,0,-4,0.13,0
4,,6437,Al Masani,Al Masani district_12,Com,Open,,,,,0.03,0.02,0,0,0,0,0,0,0,0,0,0,0,0,0,0,6,4,0,2,0,-4,0.13,0
4,,6439,Al Masani,Al Masani district_14,Com,Open,,,,,0.04,0.02,0,0,0,0,0,0,0,0,0,0,0,0,0,0,5,5,0,0,0,-5,0.13,0
4,,6444,Al Masani,Al Masani district_15,Com,Open,,,,,0.04,0.02,0,0,0,0,0,0,0,0,0,0,0,0,0,0,5,5,0,0,0,-5,0.13,0
4,,6445,Al Masani,Al Masani district_16,Com,Open,,,,,0.04,0.03,0,0,0,0,0,0,0,0,0,0,0,0,0,0,6,6,0,0,0,-6,0.13,0
4,,6448,Al Masani,Al Masani district_32,Com,Open,,,,,0.14,0.1,0,0,0,0,0,4,0,0,0,0,4,0,0,4,24,20,0,4,0,-20,0.13,0
4,,6454,Al Masani,Al Masani district_337,Com,Open,,,,,0.06,0.04,0,0,0,0,0,0,0,0,0,0,0,0,0,0,8,8,0,0,0,-8,0.13,0
4,,6466,Al Masani,Al Masani district_421,Com,Open,,,,,0.02,0.01,0,0,0,0,0,0,0,0,0,0,0,0,0,0,3,3,0,0,0,-3,0.13,0
4,,6467,Al Masani,Al Masani district_427,Com,Open,,,,,0.15,0.1,0,0,0,0,0,0,0,0,0,0,0,0,0,0,22,21,0,1,0,-21,0.13,0
4,,6472,Al Masani,Al Masani district_441,Com,Open,,,,,0.04,0.03,0,0,0,0,0,1,0,0,0,0,1,0,0,1,8,6,0,2,0,-6,0.13,0
4,,6477,Al Masani,Al Masani district_46,Com,Open,,,,,0.04,0.03,0,0,0,0,0,0,0,0,0,0,0,0,0,0,6,6,0,0,0,-6,0.13,0
4,,6478,Al Masani,Al Masani district_47,Com,Open,,,,,0.04,0.03,0,0,0,0,0,0,0,0,0,0,0,0,0,0,6,6,0,0,0,-6,0.13,0
4,,6479,Al Masani,Al Masani district_48,Com,Open,,,,,0.06,0.04,0,0,0,0,0,0,0,0,0,0,0,0,0,0,9,9,0,0,0,-9,0.13,0
4,,6480,Al Masani,Al Masani district_49,Com,Open,,,,,0.03,0.02,0,0,0,0,0,0,0,0,0,0,0,0,0,0,4,4,0,0,0,-4,0.13,0
4,,6487,Al Masani,Al Masani district_55,Com,Open,,,,,0.05,0.03,0,0,0,0,0,0,0,0,0,0,0,0,0,0,7,7,0,0,0,-7,0.13,0
4,,6491,Al Masani,Al Masani district_59,Com,Open,,,,,0.07,0.05,0,0,0,0,0,0,0,0,0,0,0,0,0,0,10,10,0,0,0,-10,0.13,0
4,,6493,Al Masani,Al Masani district_60,Com,Open,,,,,0.11,0.07,0,0,0,0,0,0,0,0,0,0,0,0,0,0,15,15,0,0,0,-15,0.13,0
4,,6494,Al Masani,Al Masani district_61,Com,Open,,,,,0.03,0.02,0,0,0,0,0,0,0,0,0,0,0,0,0,0,4,4,0,0,0,-4,0.13,0
4,,6497,Al Masani,Al Masani district_64,Com,Open,,,,,0.21,0.14,0,0,0,0,0,0,0,0,0,0,0,0,0,0,33,29,0,4,0,-29,0.13,0
4,,6499,Al Masani,Al Masani district_66,Com,Open,,,,,0.14,0.09,0,0,0,0,0,0,0,0,0,0,0,0,0,0,19,19,0,0,0,-19,0.13,0
4,,6500,Al Masani,Al Masani district_67,Com,Open,,,,,0.07,0.05,0,0,0,0,0,0,0,0,0,0,0,0,0,0,10,10,0,0,0,-10,0.13,0
4,,6501,Al Masani,Al Masani district_68,Com,Open,,,,,0.03,0.02,0,0,0,0,0,0,0,0,0,0,0,0,0,0,4,4,0,0,0,-4,0.13,0
4,,6502,Al Masani,Al Masani district_69,Com,Open,,,,,0.22,0.15,0,0,0,0,0,0,0,0,0,0,0,0,0,0,35,31,0,4,0,-31,0.13,0
4,,6503,Al Masani,Al Masani district_7,Com,Open,,,,,0.04,0.02,0,0,0,0,0,0,0,0,0,0,0,0,0,0,5,5,0,0,0,-5,0.13,0
4,,6504,Al Masani,Al Masani district_70,Com,Open,,,,,0.05,0.03,0,0,0,0,0,0,0,0,0,0,0,0,0,0,7,7,0,0,0,-7,0.13,0
4,,6505,Al Masani,Al Masani district_71,Com,Open,,,,,0.4,0.27,0,0,0,0,0,1,0,0,0,0,1,0,0,1,58,55,0,3,0,-56,0.13,0
4,,6510,Al Masani,Al Masani district_76,Com,Open,,,,,0.31,0.21,0,0,0,0,0,2,0,0,0,0,2,0,0,2,54,42,0,12,0,-44,0.13,0
4,,6512,Al Masani,Al Masani district_78,Com,Open,,,,,0.44,0.29,0,0,0,0,0,0,0,0,0,0,0,0,0,0,67,61,0,6,0,-61,0.13,0
4,,6514,Al Masani,Al Masani district_8,Com,Open,,,,,0.04,0.02,0,0,0,0,0,0,0,0,0,0,0,0,0,0,5,5,0,0,0,-5,0.13,0
4,,6515,Al Masani,Al Masani district_9,Com,Open,,,,,0.03,0.02,0,0,0,0,0,0,0,0,0,0,0,0,0,0,4,4,0,0,0,-4,0.13,0
4,,6516,Al Misfat,Al Misfat district_204,Com,Open,,,,,0.04,0.03,0,0,0,0,0,0,0,0,0,0,0,0,0,0,6,6,0,0,0,-6,0.13,0
4,,6533,Al Misfat,Al Misfat district_221,Com,Open,,,,,0.04,0.03,0,0,0,0,0,0,0,0,0,0,0,0,0,0,6,6,0,0,0,-6,0.13,0
4,,6534,Al Misfat,Al Misfat district_222,Com,Open,,,,,0.04,0.03,0,0,0,0,0,0,0,0,0,0,0,0,0,0,6,6,0,0,0,-6,0.13,0
4,,6537,Al Misfat,Al Misfat district_225,Com,Open,,,,,0.03,0.02,0,0,0,0,0,0,0,0,0,0,0,0,0,0,4,4,0,0,0,-4,0.13,0
4,,6543,Al Misfat,Al Misfat district_231,Com,Open,,,,,0.05,0.03,0,0,0,0,0,0,0,0,0,0,0,0,0,0,7,7,0,0,0,-7,0.13,0
4,,6546,Al Misfat,Al Misfat district_234,Com,Open,,,,,0.05,0.03,0,0,0,0,0,0,0,0,0,0,0,0,0,0,7,7,0,0,0,-7,0.13,0
4,,6557,Al Misfat,Al Misfat district_529,Com,Open,,,,,0.03,0.02,0,0,0,0,0,1,0,0,0,0,1,0,0,1,6,4,0,2,0,-4,0.13,0
4,,6558,Al Misfat,Al Misfat district_530,Com,Open,,,,,0.06,0.04,0,0,0,0,0,1,0,0,0,0,1,0,0,1,10,9,0,1,0,-9,0.13,0
4,,7485,Al Jazeera,city Riyadh Al Jazeera district_564,Com,Open,,,,,0.06,0.04,0,0,0,0,0,2,0,0,0,0,2,0,0,2,11,7,0,4,0,-9,0.13,0
4,,7545,Al Marwah,city Riyadh Al Marwah district_248,Com,Open,,,,,0.02,0.01,0,0,0,0,0,0,0,0,0,0,0,0,0,0,3,3,0,0,0,-3,0.13,0
4,,7546,Al Marwah,city Riyadh Al Marwah district_249,Com,Open,,,,,0.06,0.04,0,0,0,0,0,0,0,0,0,0,0,0,0,0,8,8,0,0,0,-8,0.13,0
4,,7547,Al Marwah,city Riyadh Al Marwah district_250,Com,Open,,,,,0.03,0.02,0,0,0,0,0,0,0,0,0,0,0,0,0,0,5,4,0,1,0,-4,0.13,0
4,,7548,Al Marwah,city Riyadh Al Marwah district_251,Com,Open,,,,,0.04,0.03,0,0,0,0,0,1,0,0,0,0,1,0,0,1,6,5,0,1,0,-6,0.13,0
4,,7563,Al Marwah,city Riyadh Al Marwah district_266,Com,Open,,,,,0.51,0.34,0,0,0,0,0,0,0,0,0,0,0,0,0,0,77,71,0,6,0,-71,0.13,0
4,,7573,Al Marwah,city Riyadh Al Marwah district_354,Com,Open,,,,,0.05,0.03,0,0,0,0,0,0,0,0,0,0,0,0,0,0,7,7,0,0,0,-7,0.13,0
4,,7596,Al Mishael,city Riyadh Al Mishael district_574,Com,Open,,,,,0.06,0.04,0,0,0,0,0,0,0,0,0,0,0,0,0,0,8,8,0,0,0,-8,0.13,0
4,,7598,Al Mishael,city Riyadh Al Mishael district_576,Com,Open,,,,,0.1,0.07,0,0,0,0,0,0,0,0,0,0,0,0,0,0,14,14,0,0,0,-14,0.13,0
4,,7599,Al Mishael,city Riyadh Al Mishael district_577,Com,Open,,,,,0.06,0.04,0,0,0,0,0,0,0,0,0,0,0,0,0,0,9,9,0,0,0,-9,0.13,0
4,,7600,Al Mishael,city Riyadh Al Mishael district_578,Com,Open,,,,,0.06,0.04,0,0,0,0,0,0,0,0,0,0,0,0,0,0,9,9,0,0,0,-9,0.13,0
4,,7601,Al Mishael,city Riyadh Al Mishael district_579,Com,Open,,,,,0.11,0.07,0,0,0,0,0,0,0,0,0,0,0,0,0,0,16,15,0,1,0,-15,0.13,0
4,,7603,Al Mishael,city Riyadh Al Mishael district_581,Com,Open,,,,,0.09,0.06,0,0,0,0,0,0,0,0,0,0,0,0,0,0,13,13,0,0,0,-13,0.13,0
4,,7606,Al Mishael,city Riyadh Al Mishael district_584,Com,Open,,,,,0.04,0.02,0,0,0,0,0,0,0,0,0,0,0,0,0,0,6,5,0,1,0,-5,0.13,0
4,,7607,Al Mishael,city Riyadh Al Mishael district_585,Com,Open,,,,,0.12,0.08,0,0,0,0,0,0,0,0,0,0,0,0,0,0,20,17,0,3,0,-17,0.13,0
4,,7612,Al Mishael,city Riyadh Al Mishael district_590,Com,Open,,,,,0.14,0.09,0,0,0,0,0,1,0,0,0,0,1,0,0,1,20,19,0,1,0,-19,0.13,0
4,,7613,Al Mishael,city Riyadh Al Mishael district_591,Com,Open,,,,,0.07,0.05,0,0,0,0,0,0,0,0,0,0,0,0,0,0,11,10,0,1,0,-10,0.13,0
4,,7614,Al Mishael,city Riyadh Al Mishael district_592,Com,Open,,,,,0.08,0.05,0,0,0,0,0,0,0,0,0,0,0,0,0,0,12,11,0,1,0,-11,0.13,0
4,,7615,Al Mishael,city Riyadh Al Mishael district_593,Com,Open,,,,,0.09,0.06,0,0,0,0,0,4,0,0,0,0,4,0,3,1,14,13,0,1,0,-13,0.13,0
4,,7616,Al Mishael,city Riyadh Al Mishael district_594,Com,Open,,,,,0.09,0.06,0,0,0,0,0,0,0,0,0,0,0,0,0,0,14,13,0,1,0,-13,0.13,0
4,,7621,Al Mishael,city Riyadh Al Mishael district_599,Com,Open,,,,,0.05,0.03,0,0,0,0,0,0,0,0,0,0,0,0,0,0,7,7,0,0,0,-7,0.13,0
4,,7622,Al Mishael,city Riyadh Al Mishael district_600,Com,Open,,,,,0.09,0.06,0,0,0,0,0,1,0,0,0,0,1,0,0,1,14,13,0,1,0,-13,0.13,0
4,,7624,Al Mishael,city Riyadh Al Mishael district_602,Com,Open,,,,,0.09,0.06,0,0,0,0,0,0,0,0,0,0,0,0,0,0,14,12,0,2,0,-12,0.13,0
4,,7625,Al Mishael,city Riyadh Al Mishael district_603,Com,Open,,,,,0.09,0.06,0,0,0,0,0,0,0,0,0,0,0,0,0,0,15,13,0,2,0,-13,0.13,0
4,,7628,Al Mishael,city Riyadh Al Mishael district_606,Com,Open,,,,,0.09,0.06,0,0,0,0,0,0,0,0,0,0,0,0,0,0,12,12,0,0,0,-12,0.13,0
4,,7630,Al Mishael,city Riyadh Al Mishael district_608,Com,Open,,,,,0.09,0.06,0,0,0,0,0,0,0,0,0,0,0,0,0,0,12,12,0,0,0,-12,0.13,0
4,,7632,Al Mishael,city Riyadh Al Mishael district_610,Com,Open,,,,,0.07,0.05,0,0,0,0,0,0,0,0,0,0,0,0,0,0,10,10,0,0,0,-10,0.13,0
4,,7634,Al Mishael,city Riyadh Al Mishael district_612,Com,Open,,,,,0.07,0.05,0,0,0,0,0,0,0,0,0,0,0,0,0,0,11,10,0,1,0,-10,0.13,0
4,,7639,Al Mishael,city Riyadh Al Mishael district_819,Com,Open,,,,,0.04,0.03,0,0,0,0,0,0,0,0,0,0,0,0,0,0,6,6,0,0,0,-6,0.13,0
4,,8616,Badr,city Riyadh Badr district_472,Com,Open,,,,,0.39,0.26,0,0,0,0,0,0,0,0,0,0,0,0,0,0,59,55,0,4,0,-55,0.13,0
4,,8617,Badr,city Riyadh Badr district_473,Com,Open,,,,,0.29,0.19,0,0,0,0,0,0,0,0,0,0,0,0,0,0,43,40,0,3,0,-40,0.13,0
4,,8618,Badr,city Riyadh Badr district_474,Com,Open,,,,,0.26,0.18,0,0,0,0,0,1,0,0,0,0,1,0,0,1,38,36,0,2,0,-37,0.13,0
4,,8619,Badr,city Riyadh Badr district_475,Com,Open,,,,,0.19,0.12,0,0,0,0,0,0,0,0,0,0,0,0,0,0,29,26,0,3,0,-26,0.13,0
4,,8620,Badr,city Riyadh Badr district_476,Com,Open,,,,,0.04,0.03,0,0,0,0,0,1,0,0,0,0,1,0,0,1,8,6,0,2,0,-6,0.13,0
4,,8621,Badr,city Riyadh Badr district_477,Com,Open,,,,,0.06,0.04,0,0,0,0,0,0,0,0,0,0,0,0,0,0,10,9,0,1,0,-9,0.13,0
4,,8622,Badr,city Riyadh Badr district_478,Com,Open,,,,,0.12,0.08,0,0,0,0,0,0,0,0,0,0,0,0,0,0,17,17,0,0,0,-17,0.13,0
4,,8623,Badr,city Riyadh Badr district_479,Com,Open,,,,,0.06,0.04,0,0,0,0,0,0,0,0,0,0,0,0,0,0,8,8,0,0,0,-8,0.13,0
4,,8625,Badr,city Riyadh Badr district_481,Com,Open,,,,,0.05,0.03,0,0,0,0,0,0,0,0,0,0,0,0,0,0,7,7,0,0,0,-7,0.13,0
4,,8626,Badr,city Riyadh Badr district_482,Com,Open,,,,,0.05,0.03,0,0,0,0,0,0,0,0,0,0,0,0,0,0,7,7,0,0,0,-7,0.13,0
4,,8628,Badr,city Riyadh Badr district_484,Com,Open,,,,,0.06,0.04,0,0,0,0,0,0,0,0,0,0,0,0,0,0,9,9,0,0,0,-9,0.13,0
4,,8633,Badr,city Riyadh Badr district_489,Com,Open,,,,,0.06,0.04,0,0,0,0,0,0,0,0,0,0,0,0,0,0,10,9,0,1,0,-9,0.13,0
4,,8640,Badr,city Riyadh Badr district_496,Com,Open,,,,,0.04,0.03,0,0,0,0,0,0,0,0,0,0,0,0,0,0,6,6,0,0,0,-6,0.13,0
4,,8642,Badr,city Riyadh Badr district_498,Com,Open,,,,,0.06,0.04,0,0,0,0,0,1,0,0,0,0,1,0,0,1,10,9,0,1,0,-9,0.13,0
4,,8646,Badr,city Riyadh Badr district_502,Com,Open,,,,,0.04,0.02,0,0,0,0,0,0,0,0,0,0,0,0,0,0,5,5,0,0,0,-5,0.13,0
4,,8649,Badr,city Riyadh Badr district_505,Com,Open,,,,,0.04,0.03,0,0,0,0,0,0,0,0,0,0,0,0,0,0,7,6,0,1,0,-6,0.13,0
4,,8650,Badr,city Riyadh Badr district_506,Com,Open,,,,,0.04,0.03,0,0,0,0,0,1,0,0,0,0,1,0,0,1,6,5,0,1,0,-6,0.13,0
4,,8654,Badr,city Riyadh Badr district_510,Com,Open,,,,,0.05,0.03,0,0,0,0,0,0,0,0,0,0,0,0,0,0,7,7,0,0,0,-7,0.13,0
4,,8656,Badr,city Riyadh Badr district_512,Com,Open,,,,,0.03,0.02,0,0,0,0,0,0,0,0,0,0,0,0,0,0,4,4,0,0,0,-4,0.13,0
4,,9415,Tuwaiq,city Riyadh Tuwaiq district_390,Com,Open,,,,,0.06,0.04,0,0,0,0,0,0,0,0,0,0,0,0,0,0,9,9,0,0,0,-9,0.13,0
4,,9417,Tuwaiq,city Riyadh Tuwaiq district_392,Com,Open,,,,,0.02,0.01,0,0,0,0,0,0,0,0,0,0,0,0,0,0,3,3,0,0,0,-3,0.13,0
4,,9629,Uqaz,city Riyadh Uqaz district_142,Com,Open,,,,,0.03,0.02,0,0,0,0,0,0,0,0,0,0,0,0,0,0,4,4,0,0,0,-4,0.13,0
4,,9953,Ghabira,Ghobairah district_10000401,Com,Open,,,,,0.07,0.05,0,0,0,0,0,2,0,0,0,0,2,0,0,2,13,9,0,4,0,-10,0.13,0
4,,10124,Manfuhah,Manfuhah district_10000204,Com,Open,,,,,0.57,0.38,0,0,0,0,0,4,0,0,0,0,4,0,0,4,85,77,0,8,0,-80,0.13,0
4,,10149,Tuwaiq,RUH_31,Com,Open,,,,,0.04,0.03,0,0,0,0,0,0,0,0,0,0,0,0,0,0,6,6,0,0,0,-6,0.13,0
4,,10245,Tiba,Tiba district_199,Com,Open,,,,,0.02,0.01,0,0,0,0,0,0,0,0,0,0,0,0,0,0,3,3,0,0,0,-3,0.13,0
4,,10248,Tiba,Tiba district_202,Com,Open,,,,,0.02,0.01,0,0,0,0,0,1,0,0,0,0,1,0,0,1,3,2,0,1,0,-3,0.13,0
4,,5480,Western Umm Hamam,city Riyadh Western Umm Hamam district_1306,Resid.,Closed,ashuban,25-Feb,"February 11, 25","February 18, 25",0.89,0.37,0,0,0,0,1,137,99,48,25,26,38,0,34,4,119,8,66,45,0,48,0.13,YES
4,,5489,Western Umm Hamam,city Riyadh Western Umm Hamam district_1315,Resid.,Closed,ashuban,25-Feb,"February 12, 25","February 12, 25",0.27,0.13,0,0,0,0,1,51,28,11,11,6,23,0,20,3,40,1,24,15,0,11,0.13,YES
4,,5466,Umm Hamam,city Riyadh Umm Hamam eastern district_1296,Mixed.,Closed,salsiqami,25-Feb,"February 13, 25","February 13, 25",0.08,0.05,0,0,0,0,1,12,4,0,3,1,8,1,6,1,13,4,7,2,0,0,0.13,0
4,,5481,Western Umm Hamam,city Riyadh Western Umm Hamam district_1307,Resid.,Closed,salsiqami,25-Feb,"February 17, 25","February 18, 25",0.73,0.31,0,0,0,0,1,112,87,37,27,23,25,0,24,1,107,3,62,42,0,37,0.13,YES
4,,5453,Umm Hamam,city Riyadh Umm Hamam eastern district_1283,Mixed.,Closed,surveyor13,25-Feb,,,0.04,0.02,0,0,0,0,1,4,0,0,0,0,4,0,4,0,6,2,3,1,0,0,0.13,0
4,,5500,Western Umm Hamam,city Riyadh Western Umm Hamam district_1326,Resid.,Closed,surveyor13,25-Feb,"February 18, 25","February 18, 25",0.09,0.06,0,0,0,0,1,15,9,1,5,3,6,0,6,0,22,4,8,10,0,1,0.13,0
4,,10134,Manfuhah,Manfuhah district_10000214,Com,Open,,,,,0.03,0.02,0,0,0,0,0,6,0,0,0,0,6,2,2,2,6,2,2,2,0,-4,0.13,0
4,,5705,Al Arid,Al Aared district_108,Resid.,Off-Plan,,,,,0.08,0.05,0,0,0,0,2,22,11,0,0,11,11,9,1,1,15,9,3,3,0,-11,0.11,0
4,,6052,Al Dar Al Baida,Al Dar Al Baida district_409,Resid.,Open,,,,,0.04,0.02,0,0,0,0,1,3,0,0,0,0,3,0,3,0,5,3,2,0,0,-5,0.11,0
4,,6191,Al Haer,Al Haer district_259,Resid.,Open,,,,,0.04,0.02,0,0,0,0,1,8,0,0,0,0,8,0,8,0,5,3,2,0,0,-5,0.11,0
4,,7381,Al Janadriyah,city Riyadh Al Janadriyah district_221,Mixed.,Open,,,,,0.02,0.01,0,0,0,0,1,4,0,0,0,0,4,0,4,0,3,2,1,0,0,-3,0.11,0
4,,8736,Dahiyat Namar,city Riyadh Dahiyat Namar district_596,Mixed.,Open,,,,,0.08,0.05,0,0,0,0,1,18,0,0,0,0,18,1,13,4,13,5,4,4,0,-11,0.11,0
4,,5762,Al Arid,Al Aared district_220,Resid.,Open,,,,,0.03,0.02,0,0,0,0,1,14,7,0,0,7,7,6,0,1,5,3,2,0,0,0,0.11,0
4,,10083,Manfuha Al Jadidah,Manfuha Al Jadidah district_10000259,Resid.,Open,,,,,0.6,0.4,1,0,0,0,1,17,0,0,0,0,17,0,14,3,99,76,6,17,0,-84,0.1,0
4,,7780,Al Ola,city Riyadh Al Ola district_215,Mixed.,Open,,,,,0.01,0,0,0,0,0,0,0,0,0,0,0,0,0,0,0,1,1,0,0,0,-1,0.1,0
4,,7783,Al Ola,city Riyadh Al Ola district_218,Mixed.,Open,,,,,0.01,0,0,0,0,0,0,0,0,0,0,0,0,0,0,0,1,1,0,0,0,-1,0.1,0
4,,10206,Skirinah,Skirinah district_10000281,Resid.,Open,,,,,0.01,0,0,0,0,0,0,0,0,0,0,0,0,0,0,0,2,1,0,1,0,-1,0.1,0
4,,5791,Al Arid,Al Aared district_249,Resid.,Open,,,,,0.01,0,0,0,0,0,0,0,0,0,0,0,0,0,0,0,1,1,0,0,0,-1,0.1,0
4,,5990,Al Dar Al Baida,Al Dar Al Baida district_341,Resid.,Open,,,,,0.01,0,0,0,0,0,0,0,0,0,0,0,0,0,0,0,1,1,0,0,0,-1,0.1,0
4,,5793,Al Arid,Al Aared district_251,Resid.,Open,,,,,0.01,0,0,0,0,0,0,0,0,0,0,0,0,0,0,0,1,1,0,0,0,-1,0.1,0
4,,6007,Al Dar Al Baida,Al Dar Al Baida district_358,Resid.,Open,,,,,0.01,0.01,0,0,0,0,0,0,0,0,0,0,0,0,0,0,2,2,0,0,0,-2,0.1,0
4,,5994,Al Dar Al Baida,Al Dar Al Baida district_345,Resid.,Open,,,,,0.01,0,0,0,0,0,0,0,0,0,0,0,0,0,0,0,1,1,0,0,0,-1,0.1,0
4,,6014,Al Dar Al Baida,Al Dar Al Baida district_365,Resid.,Open,,,,,0.01,0.01,0,0,0,0,0,0,0,0,0,0,0,0,0,0,2,2,0,0,0,-2,0.1,0
4,,6023,Al Dar Al Baida,Al Dar Al Baida district_380,Resid.,Open,,,,,0.01,0,0,0,0,0,0,0,0,0,0,0,0,0,0,0,1,1,0,0,0,-1,0.1,0
4,,6026,Al Dar Al Baida,Al Dar Al Baida district_383,Resid.,Open,,,,,0.01,0.01,0,0,0,0,0,0,0,0,0,0,0,0,0,0,2,2,0,0,0,-2,0.1,0
4,,6027,Al Dar Al Baida,Al Dar Al Baida district_384,Resid.,Open,,,,,0.01,0,0,0,0,0,0,0,0,0,0,0,0,0,0,0,1,1,0,0,0,-1,0.1,0
4,,6033,Al Dar Al Baida,Al Dar Al Baida district_390,Resid.,Open,,,,,0.01,0.01,0,0,0,0,0,0,0,0,0,0,0,0,0,0,2,2,0,0,0,-2,0.1,0
4,,6037,Al Dar Al Baida,Al Dar Al Baida district_394,Resid.,Open,,,,,0.01,0,0,0,0,0,0,0,0,0,0,0,0,0,0,0,1,1,0,0,0,-1,0.1,0
4,,6034,Al Dar Al Baida,Al Dar Al Baida district_391,Resid.,Open,,,,,0.01,0,0,0,0,0,0,0,0,0,0,0,0,0,0,0,1,1,0,0,0,-1,0.1,0
4,,6043,Al Dar Al Baida,Al Dar Al Baida district_400,Resid.,Open,,,,,0.01,0,0,0,0,0,0,0,0,0,0,0,0,0,0,0,1,1,0,0,0,-1,0.1,0
4,,6045,Al Dar Al Baida,Al Dar Al Baida district_402,Resid.,Open,,,,,0.01,0,0,0,0,0,0,0,0,0,0,0,0,0,0,0,1,1,0,0,0,-1,0.1,0
4,,6046,Al Dar Al Baida,Al Dar Al Baida district_403,Resid.,Open,,,,,0.01,0,0,0,0,0,0,0,0,0,0,0,0,0,0,0,1,1,0,0,0,-1,0.1,0
4,,6057,Al Dar Al Baida,Al Dar Al Baida district_414,Resid.,Open,,,,,0.01,0,0,0,0,0,0,0,0,0,0,0,0,0,0,0,1,1,0,0,0,-1,0.1,0
4,,6064,Al Dar Al Baida,Al Dar Al Baida district_425,Resid.,Open,,,,,0.01,0,0,0,0,0,0,0,0,0,0,0,0,0,0,0,1,1,0,0,0,-1,0.1,0
4,,6102,Al Dar Al Baida,Al Dar Al Baida district_512,Resid.,Open,,,,,0.01,0.01,0,0,0,0,0,0,0,0,0,0,0,0,0,0,2,2,0,0,0,-2,0.1,0
4,,6075,Al Dar Al Baida,Al Dar Al Baida district_462,Resid.,Open,,,,,0.01,0,0,0,0,0,0,0,0,0,0,0,0,0,0,0,1,1,0,0,0,-1,0.1,0
4,,6103,Al Dar Al Baida,Al Dar Al Baida district_513,Resid.,Open,,,,,0.01,0,0,0,0,0,0,0,0,0,0,0,0,0,0,0,1,1,0,0,0,-1,0.1,0
4,,4664,Al Dhubbat,Al Dhubbat district_10000547,Indust.,Open,,,,,0.01,0.01,0,0,0,0,0,1,0,0,0,0,1,0,0,1,3,2,0,1,0,-2,0.1,0
4,,6172,Al Ghannamiyah,Al Ghannamiyah district_286,Resid.,Open,,,,,0.01,0,0,0,0,0,0,0,0,0,0,0,0,0,0,0,1,1,0,0,0,-1,0.1,0
4,,6110,Al Difaa,Al Difaa district_4,Mixed.,Open,,,,,0.01,0.01,0,0,0,0,0,0,0,0,0,0,0,0,0,0,3,2,0,1,0,-2,0.1,0
4,,6177,Al Ghannamiyah,Al Ghannamiyah district_290,Resid.,Open,,,,,0.01,0,0,0,0,0,0,0,0,0,0,0,0,0,0,0,1,1,0,0,0,-1,0.1,0
4,,6174,Al Ghannamiyah,Al Ghannamiyah district_288,Resid.,Open,,,,,0.01,0,0,0,0,0,0,0,0,0,0,0,0,0,0,0,1,1,0,0,0,-1,0.1,0
4,,6182,Al Haer,Al Haer district_250,Resid.,Open,,,,,0.01,0,0,0,0,0,0,0,0,0,0,0,0,0,0,0,1,1,0,0,0,-1,0.1,0
4,,6195,Al Haer,Al Haer district_263,Resid.,Open,,,,,0.01,0,0,0,0,0,0,0,0,0,0,0,0,0,0,0,1,1,0,0,0,-1,0.1,0
4,,6185,Al Haer,Al Haer district_253,Resid.,Open,,,,,0.01,0.01,0,0,0,0,0,0,0,0,0,0,0,0,0,0,2,2,0,0,0,-2,0.1,0
4,,6198,Al Haer,Al Haer district_266,Resid.,Open,,,,,0.01,0.01,0,0,0,0,0,0,0,0,0,0,0,0,0,0,2,2,0,0,0,-2,0.1,0
4,,6206,Al Haer,Al Haer district_293,Resid.,Open,,,,,0.01,0,0,0,0,0,0,0,0,0,0,0,0,0,0,0,1,1,0,0,0,-1,0.1,0
4,,6207,Al Haer,Al Haer district_294,Resid.,Open,,,,,0.01,0,0,0,0,0,0,0,0,0,0,0,0,0,0,0,1,1,0,0,0,-1,0.1,0
4,,6230,Al Iskan,Al Iskan district_117,Resid.,Open,,,,,0.01,0,0,0,0,0,0,0,0,0,0,0,0,0,0,0,1,1,0,0,0,-1,0.1,0
4,,6210,Al Haer,Al Haer district_298,Resid.,Open,,,,,0.01,0,0,0,0,0,0,0,0,0,0,0,0,0,0,0,1,1,0,0,0,-1,0.1,0
4,,6250,Al Jarradiyah,Al Jarradiyah district_10000089,Resid.,Open,,,,,0.01,0.01,0,0,0,0,0,1,0,0,0,0,1,0,0,1,4,2,0,2,0,-2,0.1,0
4,,6231,Al Iskan,Al Iskan district_118,Resid.,Open,,,,,0.01,0,0,0,0,0,0,1,0,0,0,0,1,0,0,1,2,1,0,1,0,-1,0.1,0
4,,6261,Al Khair,Al Khair district_318,Resid.,Open,,,,,0.01,0,0,0,0,0,0,0,0,0,0,0,0,0,0,0,1,1,0,0,0,-1,0.1,0
4,,6265,Al Khair,Al Khair district_9,Resid.,Open,,,,,0.01,0.01,0,0,0,0,0,0,0,0,0,0,0,0,0,0,2,2,0,0,0,-2,0.1,0
4,,6417,Al Mansurah,Al Mansurah district_10000429,Resid.,Open,,,,,0.01,0.01,0,0,0,0,0,0,0,0,0,0,0,0,0,0,3,2,0,1,0,-2,0.1,0
4,,6520,Al Misfat,Al Misfat district_208,Mixed.,Open,,,,,0.01,0.01,0,0,0,0,0,0,0,0,0,0,0,0,0,0,2,2,0,0,0,-2,0.1,0
4,,6465,Al Masani,Al Masani district_42,Resid.,Open,,,,,0.01,0,0,0,0,0,0,0,0,0,0,0,0,0,0,0,1,1,0,0,0,-1,0.1,0
4,,6523,Al Misfat,Al Misfat district_211,Mixed.,Open,,,,,0.01,0,0,0,0,0,0,0,0,0,0,0,0,0,0,0,1,1,0,0,0,-1,0.1,0
4,,6524,Al Misfat,Al Misfat district_212,Mixed.,Open,,,,,0.01,0,0,0,0,0,0,0,0,0,0,0,0,0,0,0,1,1,0,0,0,-1,0.1,0
4,,6540,Al Misfat,Al Misfat district_228,Mixed.,Open,,,,,0.01,0.01,0,0,0,0,0,0,0,0,0,0,0,0,0,0,2,2,0,0,0,-2,0.1,0
4,,6525,Al Misfat,Al Misfat district_213,Mixed.,Open,,,,,0.01,0.01,0,0,0,0,0,0,0,0,0,0,0,0,0,0,3,2,0,1,0,-2,0.1,0
4,,6547,Al Misfat,Al Misfat district_27,Mixed.,Open,,,,,0.01,0.01,0,0,0,0,0,0,0,0,0,0,0,0,0,0,2,2,0,0,0,-2,0.1,0
4,,6554,Al Misfat,Al Misfat district_521,Mixed.,Open,,,,,0.01,0,0,0,0,0,0,0,0,0,0,0,0,0,0,0,1,1,0,0,0,-1,0.1,0
4,,6552,Al Misfat,Al Misfat district_459,Mixed.,Open,,,,,0.01,0.01,0,0,0,0,0,2,0,0,0,0,2,0,0,2,3,2,0,1,0,-2,0.1,0
4,,6960,Al Yamamah,Al Yamamah district_10000176,Resid.,Open,,,,,0.01,0.01,0,0,0,0,0,0,0,0,0,0,0,0,0,0,3,2,0,1,0,-2,0.1,0
4,,6956,Al Yamamah,Al Yamamah district_10000172,Resid.,Open,,,,,0.01,0.01,0,0,0,0,0,0,0,0,0,0,0,0,0,0,2,2,0,0,0,-2,0.1,0
4,,6968,Al Yamamah,Al Yamamah district_10000184,Resid.,Open,,,,,0.01,0,0,0,0,0,0,0,0,0,0,0,0,0,0,0,1,1,0,0,0,-1,0.1,0
4,,7180,Al Bayan,city Riyadh Al Bayan district_347,Mixed.,Open,,,,,0.01,0,0,0,0,0,0,0,0,0,0,0,0,0,0,0,1,1,0,0,0,-1,0.1,0
4,,7182,Al Bayan,city Riyadh Al Bayan district_349,Mixed.,Open,,,,,0.01,0.01,0,0,0,0,0,0,0,0,0,0,0,0,0,0,2,2,0,0,0,-2,0.1,0
4,,7251,Al Hazm,city Riyadh Al Hazm district_169,Mixed.,Open,,,,,0.01,0.01,0,0,0,0,0,0,0,0,0,0,0,0,0,0,2,2,0,0,0,-2,0.1,YES
4,,7261,Al Hazm,city Riyadh Al Hazm district_179,Resid.,Open,,,,,0.01,0.01,0,0,0,0,0,0,0,0,0,0,0,0,0,0,2,2,0,0,0,-2,0.1,0
4,,7256,Al Hazm,city Riyadh Al Hazm district_174,Mixed.,Open,,,,,0.01,0.01,0,0,0,0,0,0,0,0,0,0,0,0,0,0,2,2,0,0,0,-2,0.1,0
4,,7264,Al Hazm,city Riyadh Al Hazm district_182,Resid.,Open,,,,,0.01,0.01,0,0,0,0,0,0,0,0,0,0,0,0,0,0,2,2,0,0,0,-2,0.1,0
4,,7265,Al Hazm,city Riyadh Al Hazm district_183,Resid.,Open,,,,,0.01,0,0,0,0,0,0,0,0,0,0,0,0,0,0,0,1,1,0,0,0,-1,0.1,0
4,,7267,Al Hazm,city Riyadh Al Hazm district_185,Resid.,Open,,,,,0.01,0.01,0,0,0,0,0,0,0,0,0,0,0,0,0,0,2,2,0,0,0,-2,0.1,0
4,,7268,Al Hazm,city Riyadh Al Hazm district_186,Mixed.,Open,,,,,0.01,0,0,0,0,0,0,0,0,0,0,0,0,0,0,0,1,1,0,0,0,-1,0.1,0
4,,7277,Al Hazm,city Riyadh Al Hazm district_195,Resid.,Open,,,,,0.01,0,0,0,0,0,0,0,0,0,0,0,0,0,0,0,1,1,0,0,0,-1,0.1,0
4,,7300,Al Hazm,city Riyadh Al Hazm district_218,Resid.,Open,,,,,0.01,0,0,0,0,0,0,0,0,0,0,0,0,0,0,0,2,1,0,1,0,-1,0.1,0
4,,7304,Al Hazm,city Riyadh Al Hazm district_222,Resid.,Open,,,,,0.01,0,0,0,0,0,0,0,0,0,0,0,0,0,0,0,1,1,0,0,0,-1,0.1,0
4,,7314,Al Hazm,city Riyadh Al Hazm district_232,Resid.,Open,,,,,0.01,0.01,0,0,0,0,0,0,0,0,0,0,0,0,0,0,2,2,0,0,0,-2,0.1,0
4,,7334,Al Janadriyah,city Riyadh Al Janadriyah district_167,Mixed.,Open,,,,,0.01,0.01,0,0,0,0,0,0,0,0,0,0,0,0,0,0,2,2,0,0,0,-2,0.1,0
4,,7338,Al Janadriyah,city Riyadh Al Janadriyah district_171,Mixed.,Open,,,,,0.01,0.01,0,0,0,0,0,0,0,0,0,0,0,0,0,0,2,2,0,0,0,-2,0.1,0
4,,7347,Al Janadriyah,city Riyadh Al Janadriyah district_180,Resid.,Open,,,,,0.01,0,0,0,0,0,0,0,0,0,0,0,0,0,0,0,1,1,0,0,0,-1,0.1,0
4,,7350,Al Janadriyah,city Riyadh Al Janadriyah district_183,Mixed.,Open,,,,,0.01,0,0,0,0,0,0,0,0,0,0,0,0,0,0,0,1,1,0,0,0,-1,0.1,0
4,,7352,Al Janadriyah,city Riyadh Al Janadriyah district_185,Resid.,Open,,,,,0.01,0.01,0,0,0,0,0,1,0,0,0,0,1,0,0,1,3,2,0,1,0,-2,0.1,0
4,,7358,Al Janadriyah,city Riyadh Al Janadriyah district_191,Resid.,Open,,,,,0.01,0.01,0,0,0,0,0,0,0,0,0,0,0,0,0,0,2,2,0,0,0,-2,0.1,0
4,,7363,Al Janadriyah,city Riyadh Al Janadriyah district_196,Resid.,Open,,,,,0.01,0,0,0,0,0,0,0,0,0,0,0,0,0,0,0,1,1,0,0,0,-1,0.1,0
4,,7368,Al Janadriyah,city Riyadh Al Janadriyah district_200,Mixed.,Open,,,,,0.01,0,0,0,0,0,0,0,0,0,0,0,0,0,0,0,2,1,0,1,0,-1,0.1,0
4,,7364,Al Janadriyah,city Riyadh Al Janadriyah district_197,Resid.,Open,,,,,0.01,0,0,0,0,0,0,0,0,0,0,0,0,0,0,0,1,1,0,0,0,-1,0.1,0
4,,7373,Al Janadriyah,city Riyadh Al Janadriyah district_205,Mixed.,Open,,,,,0.01,0,0,0,0,0,0,0,0,0,0,0,0,0,0,0,1,1,0,0,0,-1,0.1,0
4,,7382,Al Janadriyah,city Riyadh Al Janadriyah district_222,Mixed.,Open,,,,,0.01,0,0,0,0,0,0,0,0,0,0,0,0,0,0,0,1,1,0,0,0,-1,0.1,0
4,,7386,Al Janadriyah,city Riyadh Al Janadriyah district_226,Mixed.,Open,,,,,0.01,0.01,0,0,0,0,0,0,0,0,0,0,0,0,0,0,2,2,0,0,0,-2,0.1,0
4,,7388,Al Janadriyah,city Riyadh Al Janadriyah district_228,Mixed.,Open,,,,,0.01,0.01,0,0,0,0,0,0,0,0,0,0,0,0,0,0,2,2,0,0,0,-2,0.1,0
4,,7401,Al Janadriyah,city Riyadh Al Janadriyah district_241,Mixed.,Open,,,,,0.01,0,0,0,0,0,0,0,0,0,0,0,0,0,0,0,1,1,0,0,0,-1,0.1,0
4,,7402,Al Janadriyah,city Riyadh Al Janadriyah district_242,Mixed.,Open,,,,,0.01,0,0,0,0,0,0,0,0,0,0,0,0,0,0,0,1,1,0,0,0,-1,0.1,0
4,,7423,Al Janadriyah,city Riyadh Al Janadriyah district_275,Mixed.,Open,,,,,0.01,0.01,0,0,0,0,0,0,0,0,0,0,0,0,0,0,2,2,0,0,0,-2,0.1,0
4,,7426,Al Janadriyah,city Riyadh Al Janadriyah district_508,Mixed.,Open,,,,,0.01,0,0,0,0,0,0,0,0,0,0,0,0,0,0,0,1,1,0,0,0,-1,0.1,0
4,,7429,Al Janadriyah,city Riyadh Al Janadriyah district_511,Resid.,Open,,,,,0.01,0.01,0,0,0,0,0,2,0,0,0,0,2,0,0,2,4,2,0,2,0,-2,0.1,0
4,,7439,Al Jazeera,city Riyadh Al Jazeera district_319,Resid.,Open,,,,,0.01,0,0,0,0,0,0,0,0,0,0,0,0,0,0,0,1,1,0,0,0,-1,0.1,0
4,,7453,Al Jazeera,city Riyadh Al Jazeera district_333,Resid.,Open,,,,,0.01,0.01,0,0,0,0,0,0,0,0,0,0,0,0,0,0,2,2,0,0,0,-2,0.1,0
4,,7444,Al Jazeera,city Riyadh Al Jazeera district_324,Resid.,Open,,,,,0.01,0.01,0,0,0,0,0,0,0,0,0,0,0,0,0,0,2,2,0,0,0,-2,0.1,0
4,,7463,Al Jazeera,city Riyadh Al Jazeera district_343,Resid.,Open,,,,,0.01,0,0,0,0,0,0,0,0,0,0,0,0,0,0,0,1,1,0,0,0,-1,0.1,0
4,,7472,Al Jazeera,city Riyadh Al Jazeera district_352,Resid.,Open,,,,,0.01,0,0,0,0,0,0,3,0,0,0,0,3,0,1,2,2,1,0,1,0,-1,0.1,0
4,,7487,Al Khair,city Riyadh Al Khair district_374,Mixed.,Open,,,,,0.01,0,0,0,0,0,0,0,0,0,0,0,0,0,0,0,1,1,0,0,0,-1,0.1,0
4,,7490,Al Khair,city Riyadh Al Khair district_377,Mixed.,Open,,,,,0.01,0,0,0,0,0,0,0,0,0,0,0,0,0,0,0,1,1,0,0,0,-1,0.1,0
4,,7533,Al Marwah,city Riyadh Al Marwah district_236,Mixed.,Open,,,,,0.01,0.01,0,0,0,0,0,0,0,0,0,0,0,0,0,0,2,2,0,0,0,-2,0.1,0
4,,7544,Al Marwah,city Riyadh Al Marwah district_247,Mixed.,Open,,,,,0.01,0,0,0,0,0,0,0,0,0,0,0,0,0,0,0,1,1,0,0,0,-1,0.1,0
4,,7549,Al Marwah,city Riyadh Al Marwah district_252,Mixed.,Open,,,,,0.01,0,0,0,0,0,0,0,0,0,0,0,0,0,0,0,1,1,0,0,0,-1,0.1,0
4,,7572,Al Marwah,city Riyadh Al Marwah district_353,Mixed.,Open,,,,,0.01,0.01,0,0,0,0,0,0,0,0,0,0,0,0,0,0,2,2,0,0,0,-2,0.1,0
4,,7574,Al Mashriq,city Riyadh Al Mashriq district_13,Mixed.,Open,,,,,0.01,0,0,0,0,0,0,0,0,0,0,0,0,0,0,0,1,1,0,0,0,-1,0.1,0
4,,7578,Al Mashriq,city Riyadh Al Mashriq district_468,Mixed.,Open,,,,,0.01,0,0,0,0,0,0,0,0,0,0,0,0,0,0,0,1,1,0,0,0,-1,0.1,0
4,,7579,Al Mashriq,city Riyadh Al Mashriq district_469,Mixed.,Open,,,,,0.01,0,0,0,0,0,0,0,0,0,0,0,0,0,0,0,1,1,0,0,0,-1,0.1,0
4,,7582,Al Mashriq,city Riyadh Al Mashriq district_472,Mixed.,Open,,,,,0.01,0,0,0,0,0,0,0,0,0,0,0,0,0,0,0,1,1,0,0,0,-1,0.1,0
4,,7587,Al Mishael,city Riyadh Al Mishael district_1094,Mixed.,Open,,,,,0.01,0,0,0,0,0,0,0,0,0,0,0,0,0,0,0,1,1,0,0,0,-1,0.1,0
4,,7636,Al Mishael,city Riyadh Al Mishael district_614,Mixed.,Open,,,,,0.01,0,0,0,0,0,0,0,0,0,0,0,0,0,0,0,1,1,0,0,0,-1,0.1,0
4,,7643,Al Murjan,city Riyadh Al Murjan district_358,Mixed.,Open,,,,,0.01,0,0,0,0,0,0,0,0,0,0,0,0,0,0,0,1,1,0,0,0,-1,0.1,0
4,,7644,Al Murjan,city Riyadh Al Murjan district_359,Mixed.,Open,,,,,0.01,0,0,0,0,0,0,0,0,0,0,0,0,0,0,0,1,1,0,0,0,-1,0.1,0
4,,7657,Al Nadwah,city Riyadh Al Nadwah district_967,Resid.,Open,,,,,0.01,0.01,0,0,0,0,0,0,0,0,0,0,0,0,0,0,2,2,0,0,0,-2,0.1,0
4,,7683,Al Nazim,city Riyadh Al Nazim district_1009,Resid.,Open,,,,,0.01,0,0,0,0,0,0,0,0,0,0,0,0,0,0,0,1,1,0,0,0,-1,0.1,0
4,,7718,Al Nazim,city Riyadh Al Nazim district_1044,Resid.,Open,,,,,0.01,0,0,0,0,0,0,0,0,0,0,0,0,0,0,0,1,1,0,0,0,-1,0.1,0
4,,7713,Al Nazim,city Riyadh Al Nazim district_1039,Resid.,Open,,,,,0.01,0.01,0,0,0,0,0,0,0,0,0,0,0,0,0,0,2,2,0,0,0,-2,0.1,0
4,,7720,Al Nazim,city Riyadh Al Nazim district_1046,Resid.,Open,,,,,0.01,0,0,0,0,0,0,0,0,0,0,0,0,0,0,0,1,1,0,0,0,-1,0.1,0
4,,7725,Al Nazim,city Riyadh Al Nazim district_1051,Resid.,Open,,,,,0.01,0,0,0,0,0,0,0,0,0,0,0,0,0,0,0,1,1,0,0,0,-1,0.1,0
4,,7722,Al Nazim,city Riyadh Al Nazim district_1048,Resid.,Open,,,,,0.01,0,0,0,0,0,0,0,0,0,0,0,0,0,0,0,1,1,0,0,0,-1,0.1,0
4,,7741,Al Nazim,city Riyadh Al Nazim district_1082,Mixed.,Open,,,,,0.01,0,0,0,0,0,0,0,0,0,0,0,0,0,0,0,1,1,0,0,0,-1,0.1,0
4,,7727,Al Nazim,city Riyadh Al Nazim district_1053,Resid.,Open,,,,,0.01,0.01,0,0,0,0,0,0,0,0,0,0,0,0,0,0,2,2,0,0,0,-2,0.1,0
4,,7742,Al Nazim,city Riyadh Al Nazim district_1092,Mixed.,Open,,,,,0.01,0,0,0,0,0,0,0,0,0,0,0,0,0,0,0,1,1,0,0,0,-1,0.1,0
4,,7755,Al Nazim,city Riyadh Al Nazim district_995,Resid.,Open,,,,,0.01,0,0,0,0,0,0,0,0,0,0,0,0,0,0,0,1,1,0,0,0,-1,0.1,0
4,,7845,Al Rabiyah,city Riyadh Al Rabiyah district_264,Mixed.,Open,,,,,0.01,0,0,0,0,0,0,0,0,0,0,0,0,0,0,0,1,1,0,0,0,-1,0.1,0
4,,7846,Al Rabiyah,city Riyadh Al Rabiyah district_265,Mixed.,Open,,,,,0.01,0.01,0,0,0,0,0,0,0,0,0,0,0,0,0,0,2,2,0,0,0,-2,0.1,0
4,,7849,Al Rabiyah,city Riyadh Al Rabiyah district_268,Mixed.,Open,,,,,0.01,0,0,0,0,0,0,0,0,0,0,0,0,0,0,0,1,1,0,0,0,-1,0.1,0
4,,7854,Al Rabiyah,city Riyadh Al Rabiyah district_273,Mixed.,Open,,,,,0.01,0,0,0,0,0,0,0,0,0,0,0,0,0,0,0,1,1,0,0,0,-1,0.1,0
4,,7851,Al Rabiyah,city Riyadh Al Rabiyah district_270,Mixed.,Open,,,,,0.01,0,0,0,0,0,0,0,0,0,0,0,0,0,0,0,1,1,0,0,0,-1,0.1,0
4,,7856,Al Rabiyah,city Riyadh Al Rabiyah district_3,Mixed.,Open,,,,,0.01,0,0,0,0,0,0,0,0,0,0,0,0,0,0,0,1,1,0,0,0,-1,0.1,0
4,,8054,Al Rimayah,city Riyadh Al Rimayah district_926,Resid.,Open,,,,,0.01,0.01,0,0,0,0,0,0,0,0,0,0,0,0,0,0,2,2,0,0,0,-2,0.1,0
4,,8060,Al Rimayah,city Riyadh Al Rimayah district_932,Resid.,Open,,,,,0.01,0.01,0,0,0,0,0,0,0,0,0,0,0,0,0,0,2,2,0,0,0,-2,0.1,0
4,,8062,Al Rimayah,city Riyadh Al Rimayah district_934,Resid.,Open,,,,,0.01,0,0,0,0,0,0,0,0,0,0,0,0,0,0,0,1,1,0,0,0,-1,0.1,0
4,,8063,Al Rimayah,city Riyadh Al Rimayah district_935,Resid.,Open,,,,,0.01,0,0,0,0,0,0,0,0,0,0,0,0,0,0,0,1,1,0,0,0,-1,0.1,0
4,,8067,Al Rimayah,city Riyadh Al Rimayah district_939,Mixed.,Open,,,,,0.01,0.01,0,0,0,0,0,0,0,0,0,0,0,0,0,0,2,2,0,0,0,-2,0.1,0
4,,8070,Al Rimayah,city Riyadh Al Rimayah district_942,Mixed.,Open,,,,,0.01,0.01,0,0,0,0,0,0,0,0,0,0,0,0,0,0,2,2,0,0,0,-2,0.1,0
4,,8071,Al Rimayah,city Riyadh Al Rimayah district_943,Resid.,Open,,,,,0.01,0,0,0,0,0,0,0,0,0,0,0,0,0,0,0,1,1,0,0,0,-1,0.1,0
4,,8072,Al Rimayah,city Riyadh Al Rimayah district_944,Mixed.,Open,,,,,0.01,0,0,0,0,0,0,0,0,0,0,0,0,0,0,0,1,1,0,0,0,-1,0.1,0
4,,8075,Al Rimayah,city Riyadh Al Rimayah district_947,Mixed.,Open,,,,,0.01,0.01,0,0,0,0,0,0,0,0,0,0,0,0,0,0,2,2,0,0,0,-2,0.1,0
4,,8077,Al Rimayah,city Riyadh Al Rimayah district_949,Mixed.,Open,,,,,0.01,0.01,0,0,0,0,0,0,0,0,0,0,0,0,0,0,2,2,0,0,0,-2,0.1,0
4,,8078,Al Rimayah,city Riyadh Al Rimayah district_950,Mixed.,Open,,,,,0.01,0.01,0,0,0,0,0,0,0,0,0,0,0,0,0,0,2,2,0,0,0,-2,0.1,0
4,,8080,Al Rimayah,city Riyadh Al Rimayah district_952,Mixed.,Open,,,,,0.01,0,0,0,0,0,0,0,0,0,0,0,0,0,0,0,1,1,0,0,0,-1,0.1,0
4,,8408,Al Wisam,city Riyadh Al Wisam district_346,Mixed.,Open,,,,,0.01,0.01,0,0,0,0,0,2,0,0,0,0,2,0,0,2,4,2,0,2,0,-2,0.1,0
4,,8409,Al Zaher,city Riyadh Al Zaher district_476,Mixed.,Open,,,,,0.01,0,0,0,0,0,0,0,0,0,0,0,0,0,0,0,1,1,0,0,0,-1,0.1,0
4,,8410,Al Zaher,city Riyadh Al Zaher district_477,Mixed.,Open,,,,,0.01,0,0,0,0,0,0,0,0,0,0,0,0,0,0,0,1,1,0,0,0,-1,0.1,0
4,,8417,Al Zaher,city Riyadh Al Zaher district_484,Mixed.,Open,,,,,0.01,0.01,0,0,0,0,0,0,0,0,0,0,0,0,0,0,2,2,0,0,0,-2,0.1,0
4,,8418,Al Zaher,city Riyadh Al Zaher district_485,Mixed.,Open,,,,,0.01,0,0,0,0,0,0,0,0,0,0,0,0,0,0,0,1,1,0,0,0,-1,0.1,0
4,,8420,Al Zaher,city Riyadh Al Zaher district_487,Mixed.,Open,,,,,0.01,0,0,0,0,0,0,0,0,0,0,0,0,0,0,0,1,1,0,0,0,-1,0.1,0
4,,8501,Badr,city Riyadh Badr district_356,Resid.,Open,,,,,0.01,0.01,0,0,0,0,0,0,0,0,0,0,0,0,0,0,2,2,0,0,0,-2,0.1,0
4,,8508,Badr,city Riyadh Badr district_363,Resid.,Open,,,,,0.01,0,0,0,0,0,0,0,0,0,0,0,0,0,0,0,1,1,0,0,0,-1,0.1,0
4,,8541,Badr,city Riyadh Badr district_396,Resid.,Open,,,,,0.01,0,0,0,0,0,0,0,0,0,0,0,0,0,0,0,1,1,0,0,0,-1,0.1,0
4,,8544,Badr,city Riyadh Badr district_399,Resid.,Open,,,,,0.01,0,0,0,0,0,0,0,0,0,0,0,0,0,0,0,1,1,0,0,0,-1,0.1,0
4,,8558,Badr,city Riyadh Badr district_413,Resid.,Open,,,,,0.01,0.01,0,0,0,0,0,1,0,0,0,0,1,0,0,1,3,2,0,1,0,-2,0.1,0
4,,8584,Badr,city Riyadh Badr district_440,Mixed.,Open,,,,,0.01,0.01,0,0,0,0,0,0,0,0,0,0,0,0,0,0,2,2,0,0,0,-2,0.1,0
4,,8586,Badr,city Riyadh Badr district_442,Resid.,Open,,,,,0.01,0,0,0,0,0,0,0,0,0,0,0,0,0,0,0,1,1,0,0,0,-1,0.1,0
4,,8588,Badr,city Riyadh Badr district_444,Resid.,Open,,,,,0.01,0,0,0,0,0,0,0,0,0,0,0,0,0,0,0,1,1,0,0,0,-1,0.1,0
4,,8597,Badr,city Riyadh Badr district_453,Resid.,Open,,,,,0.01,0,0,0,0,0,0,0,0,0,0,0,0,0,0,0,1,1,0,0,0,-1,0.1,0
4,,8598,Badr,city Riyadh Badr district_454,Resid.,Open,,,,,0.01,0.01,0,0,0,0,0,0,0,0,0,0,0,0,0,0,2,2,0,0,0,-2,0.1,0
4,,8612,Badr,city Riyadh Badr district_468,Resid.,Open,,,,,0.01,0,0,0,0,0,0,0,0,0,0,0,0,0,0,0,1,1,0,0,0,-1,0.1,0
4,,8661,Badr,city Riyadh Badr district_517,Resid.,Open,,,,,0.01,0,0,0,0,0,0,0,0,0,0,0,0,0,0,0,1,1,0,0,0,-1,0.1,0
4,,8663,Badr,city Riyadh Badr district_519,Resid.,Open,,,,,0.01,0,0,0,0,0,0,0,0,0,0,0,0,0,0,0,1,1,0,0,0,-1,0.1,0
4,,8665,Badr,city Riyadh Badr district_521,Resid.,Open,,,,,0.01,0,0,0,0,0,0,0,0,0,0,0,0,0,0,0,1,1,0,0,0,-1,0.1,0
4,,8672,Badr,city Riyadh Badr district_528,Resid.,Open,,,,,0.01,0,0,0,0,0,0,0,0,0,0,0,0,0,0,0,1,1,0,0,0,-1,0.1,0
4,,8678,Badr,city Riyadh Badr district_534,Resid.,Open,,,,,0.01,0,0,0,0,0,0,0,0,0,0,0,0,0,0,0,1,1,0,0,0,-1,0.1,0
4,,8685,Badr,city Riyadh Badr district_541,Resid.,Open,,,,,0.01,0.01,0,0,0,0,0,0,0,0,0,0,0,0,0,0,2,2,0,0,0,-2,0.1,0
4,,8684,Badr,city Riyadh Badr district_540,Resid.,Open,,,,,0.01,0,0,0,0,0,0,0,0,0,0,0,0,0,0,0,1,1,0,0,0,-1,0.1,0
4,,8689,Badr,city Riyadh Badr district_545,Resid.,Open,,,,,0.01,0.01,0,0,0,0,0,0,0,0,0,0,0,0,0,0,2,2,0,0,0,-2,0.1,0
4,,8691,Badr,city Riyadh Badr district_547,Resid.,Open,,,,,0.01,0,0,0,0,0,0,0,0,0,0,0,0,0,0,0,1,1,0,0,0,-1,0.1,0
4,,8692,Badr,city Riyadh Badr district_548,Resid.,Open,,,,,0.01,0,0,0,0,0,0,0,0,0,0,0,0,0,0,0,1,1,0,0,0,-1,0.1,0
4,,8693,Badr,city Riyadh Badr district_549,Mixed.,Open,,,,,0.01,0,0,0,0,0,0,0,0,0,0,0,0,0,0,0,1,1,0,0,0,-1,0.1,0
4,,8698,Badr,city Riyadh Badr district_581,Resid.,Open,,,,,0.01,0.01,0,0,0,0,0,2,0,0,0,0,2,0,0,2,3,2,0,1,0,-2,0.1,0
4,,8709,Dahiyah Namar,city Riyadh Dahiyat Namar district_144,Resid.,Open,,,,,0.01,0.01,0,0,0,0,0,0,0,0,0,0,0,0,0,0,2,2,0,0,0,-2,0.1,0
4,,8712,Dahiyah Namar,city Riyadh Dahiyat Namar district_16,Mixed.,Open,,,,,0.01,0.01,0,0,0,0,0,0,0,0,0,0,0,0,0,0,2,2,0,0,0,-2,0.1,0
4,,8714,Dahiyah Namar,city Riyadh Dahiyat Namar district_18,Resid.,Open,,,,,0.01,0,0,0,0,0,0,0,0,0,0,0,0,0,0,0,1,1,0,0,0,-1,0.1,0
4,,8722,Dahiyah Namar,city Riyadh Dahiyat Namar district_25,Mixed.,Open,,,,,0.01,0,0,0,0,0,0,0,0,0,0,0,0,0,0,0,2,1,0,1,0,-1,0.1,0
4,,8725,Dahiyah Namar,city Riyadh Dahiyat Namar district_28,Resid.,Open,,,,,0.01,0,0,0,0,0,0,0,0,0,0,0,0,0,0,0,1,1,0,0,0,-1,0.1,0
4,,8726,Dahiyah Namar,city Riyadh Dahiyat Namar district_29,Resid.,Open,,,,,0.01,0,0,0,0,0,0,1,0,0,0,0,1,0,0,1,2,1,0,1,0,-1,0.1,0
4,,8732,Dahiyah Namar,city Riyadh Dahiyat Namar district_4,Mixed.,Open,,,,,0.01,0,0,0,0,0,0,1,0,0,0,0,1,0,0,1,2,1,0,1,0,-1,0.1,0
4,,8734,Dahiyat Namar,city Riyadh Dahiyat Namar district_590,Mixed.,Open,,,,,0.01,0,0,0,0,0,0,0,0,0,0,0,0,0,0,0,1,1,0,0,0,-1,0.1,0
4,,8738,Dahiyah Namar,city Riyadh Dahiyat Namar district_7,Resid.,Open,,,,,0.01,0.01,0,0,0,0,0,0,0,0,0,0,0,0,0,0,2,2,0,0,0,-2,0.1,0
4,,8993,Dirab,city Riyadh Dirab district_44,Resid.,Open,,,,,0.01,0,0,0,0,0,0,0,0,0,0,0,0,0,0,0,1,1,0,0,0,-1,0.1,0
4,,9008,Dirab,city Riyadh Dirab district_59,Resid.,Open,,,,,0.01,0,0,0,0,0,0,0,0,0,0,0,0,0,0,0,1,1,0,0,0,-1,0.1,0
4,,9017,Dirab,city Riyadh Dirab district_68,Resid.,Open,,,,,0.01,0.01,0,0,0,0,0,0,0,0,0,0,0,0,0,0,2,2,0,0,0,-2,0.1,0
4,,9228,Muayzilah,city Riyadh Muayzilah district_143,Resid.,Open,,,,,0.01,0,0,0,0,0,0,0,0,0,0,0,0,0,0,0,2,1,0,1,0,-1,0.1,0
4,,9434,Tuwaiq,city Riyadh Tuwaiq district_409,Resid.,Open,,,,,0.01,0,0,0,0,0,0,0,0,0,0,0,0,0,0,0,1,1,0,0,0,-1,0.1,0
4,,9447,Tuwaiq,city Riyadh Tuwaiq district_422,Resid.,Open,,,,,0.01,0.01,0,0,0,0,0,0,0,0,0,0,0,0,0,0,2,2,0,0,0,-2,0.1,0
4,,9472,Tuwaiq,city Riyadh Tuwaiq district_447,Resid.,Open,,,,,0.01,0,0,0,0,0,0,0,0,0,0,0,0,0,0,0,1,1,0,0,0,-1,0.1,0
4,,9473,Tuwaiq,city Riyadh Tuwaiq district_448,Resid.,Open,,,,,0.01,0,0,0,0,0,0,0,0,0,0,0,0,0,0,0,1,1,0,0,0,-1,0.1,0
4,,9475,Tuwaiq,city Riyadh Tuwaiq district_450,Resid.,Open,,,,,0.01,0,0,0,0,0,0,0,0,0,0,0,0,0,0,0,1,1,0,0,0,-1,0.1,0
4,,9480,Tuwaiq,city Riyadh Tuwaiq district_455,Resid.,Open,,,,,0.01,0.01,0,0,0,0,0,0,0,0,0,0,0,0,0,0,2,2,0,0,0,-2,0.1,0
4,,9476,Tuwaiq,city Riyadh Tuwaiq district_451,Resid.,Open,,,,,0.01,0.01,0,0,0,0,0,0,0,0,0,0,0,0,0,0,2,2,0,0,0,-2,0.1,0
4,,9482,Tuwaiq,city Riyadh Tuwaiq district_457,Resid.,Open,,,,,0.01,0,0,0,0,0,0,0,0,0,0,0,0,0,0,0,1,1,0,0,0,-1,0.1,0
4,,9499,Tuwaiq,city Riyadh Tuwaiq district_474,Resid.,Open,,,,,0.01,0,0,0,0,0,0,0,0,0,0,0,0,0,0,0,1,1,0,0,0,-1,0.1,0
4,,9502,Tuwaiq,city Riyadh Tuwaiq district_477,Resid.,Open,,,,,0.01,0.01,0,0,0,0,0,0,0,0,0,0,0,0,0,0,2,2,0,0,0,-2,0.1,0
4,,9504,Tuwaiq,city Riyadh Tuwaiq district_479,Resid.,Open,,,,,0.01,0.01,0,0,0,0,0,0,0,0,0,0,0,0,0,0,2,2,0,0,0,-2,0.1,0
4,,9510,Tuwaiq,city Riyadh Tuwaiq district_485,Resid.,Open,,,,,0.01,0.01,0,0,0,0,0,0,0,0,0,0,0,0,0,0,2,2,0,0,0,-2,0.1,0
4,,9537,Tuwaiq,city Riyadh Tuwaiq district_512,Resid.,Open,,,,,0.01,0.01,0,0,0,0,0,0,0,0,0,0,0,0,0,0,2,2,0,0,0,-2,0.1,0
4,,9565,Tuwaiq,city Riyadh Tuwaiq district_585,Resid.,Open,,,,,0.01,0.01,0,0,0,0,0,0,0,0,0,0,0,0,0,0,2,2,0,0,0,-2,0.1,0
4,,9567,Tuwaiq,city Riyadh Tuwaiq district_587,Resid.,Open,,,,,0.01,0,0,0,0,0,0,0,0,0,0,0,0,0,0,0,1,1,0,0,0,-1,0.1,0
4,,9569,Tuwaiq,city Riyadh Tuwaiq district_589,Resid.,Open,,,,,0.01,0,0,0,0,0,0,0,0,0,0,0,0,0,0,0,1,1,0,0,0,-1,0.1,0
4,,9570,Tuwaiq,city Riyadh Tuwaiq district_590,Resid.,Open,,,,,0.01,0.01,0,0,0,0,0,0,0,0,0,0,0,0,0,0,2,2,0,0,0,-2,0.1,0
4,,9582,Tuwaiq,city Riyadh Tuwaiq district_602,Resid.,Open,,,,,0.01,0.01,0,0,0,0,0,1,0,0,0,0,1,0,0,1,4,2,0,2,0,-2,0.1,0
4,,9597,Uqaz,city Riyadh Uqaz district_107,Resid.,Open,,,,,0.01,0,0,0,0,0,0,0,0,0,0,0,0,0,0,0,1,1,0,0,0,-1,0.1,0
4,,9603,Uqaz,city Riyadh Uqaz district_113,Resid.,Open,,,,,0.01,0,0,0,0,0,0,0,0,0,0,0,0,0,0,0,1,1,0,0,0,-1,0.1,0
4,,9604,Uqaz,city Riyadh Uqaz district_114,Resid.,Open,,,,,0.01,0.01,0,0,0,0,0,0,0,0,0,0,0,0,0,0,2,2,0,0,0,-2,0.1,0
4,,9610,Uqaz,city Riyadh Uqaz district_120,Resid.,Open,,,,,0.01,0,0,0,0,0,0,0,0,0,0,0,0,0,0,0,1,1,0,0,0,-1,0.1,0
4,,9611,Uqaz,city Riyadh Uqaz district_121,Resid.,Open,,,,,0.01,0,0,0,0,0,0,0,0,0,0,0,0,0,0,0,1,1,0,0,0,-1,0.1,0
4,,9613,Uqaz,city Riyadh Uqaz district_123,Resid.,Open,,,,,0.01,0,0,0,0,0,0,0,0,0,0,0,0,0,0,0,1,1,0,0,0,-1,0.1,0
4,,9617,Uqaz,city Riyadh Uqaz district_127,Resid.,Open,,,,,0.01,0,0,0,0,0,0,0,0,0,0,0,0,0,0,0,1,1,0,0,0,-1,0.1,0
4,,9621,Uqaz,city Riyadh Uqaz district_131,Resid.,Open,,,,,0.01,0,0,0,0,0,0,0,0,0,0,0,0,0,0,0,1,1,0,0,0,-1,0.1,0
4,,9624,Uqaz,city Riyadh Uqaz district_134,Resid.,Open,,,,,0.01,0,0,0,0,0,0,0,0,0,0,0,0,0,0,0,1,1,0,0,0,-1,0.1,0
4,,9625,Uqaz,city Riyadh Uqaz district_135,Resid.,Open,,,,,0.01,0,0,0,0,0,0,0,0,0,0,0,0,0,0,0,1,1,0,0,0,-1,0.1,0
4,,9632,Uqaz,city Riyadh Uqaz district_148,Resid.,Open,,,,,0.01,0,0,0,0,0,0,0,0,0,0,0,0,0,0,0,1,1,0,0,0,-1,0.1,0
4,,9635,Uqaz,city Riyadh Uqaz district_151,Resid.,Open,,,,,0.01,0,0,0,0,0,0,0,0,0,0,0,0,0,0,0,1,1,0,0,0,-1,0.1,0
4,,9645,Uqaz,city Riyadh Uqaz district_352,Resid.,Open,,,,,0.01,0.01,0,0,0,0,0,0,0,0,0,0,0,0,0,0,2,2,0,0,0,-2,0.1,0
4,,9654,Uqaz,city Riyadh Uqaz district_93,Resid.,Open,,,,,0.01,0,0,0,0,0,0,0,0,0,0,0,0,0,0,0,1,1,0,0,0,-1,0.1,0
4,,10092,Manfuha Al Jadidah,Manfuha Al Jadidah district_10000268,Resid.,Open,,,,,0.01,0.01,0,0,0,0,0,0,0,0,0,0,0,0,0,0,4,2,0,2,0,-2,0.1,0
4,,10177,Tuwaiq,RUH_Al Tawaq_11,Resid.,Open,,,,,0.01,0,0,0,0,0,0,0,0,0,0,0,0,0,0,0,1,1,0,0,0,-1,0.1,0
4,,10180,Tuwaiq,RUH_Al Tawaq_16,Resid.,Open,,,,,0.01,0.01,0,0,0,0,0,1,0,0,0,0,1,0,0,1,3,2,0,1,0,-2,0.1,0
4,,10183,Tuwaiq,RUH_Al Tuwaiq_25,Resid.,Open,,,,,0.01,0.01,0,0,0,0,0,0,0,0,0,0,0,0,0,0,2,2,0,0,0,-2,0.1,0
4,,10254,Tiba,Tiba district_516,Resid.,Open,,,,,0.01,0,0,0,0,0,0,0,0,0,0,0,0,0,0,0,1,1,0,0,0,-1,0.1,0
4,,10266,Utayqah,Utayqah district_10000145,Resid.,Open,,,,,0.01,0,0,0,0,0,0,0,0,0,0,0,0,0,0,0,1,1,0,0,0,-1,0.1,0
4,,10268,Utayqah,Utayqah district_10000147,Resid.,Open,,,,,0.01,0.01,0,0,0,0,0,0,0,0,0,0,0,0,0,0,2,2,0,0,0,-2,0.1,0
4,,5701,Al Iskan,2nd Industrial City district_146,Resid.,Open,,,,,0.01,0,0,0,0,0,0,2,1,0,0,1,1,0,1,0,1,0,0,1,0,-1,0.1,0
4,,7781,Al Ola,city Riyadh Al Ola district_216,Mixed.,Open,,,,,0,0,0,0,0,0,0,0,0,0,0,0,0,0,0,0,0,0,0,0,0,0,0.1,0
4,,5709,Al Arid,Al Aared district_114,Resid.,Open,,,,,0,0,0,0,0,0,0,0,0,0,0,0,0,0,0,0,0,0,0,0,0,0,0.1,0
4,,5753,Al Arid,Al Aared district_211,Resid.,Open,,,,,0.01,0.01,0,0,0,0,0,6,3,0,0,3,3,1,1,1,3,1,1,1,0,-2,0.1,0
4,,5786,Al Arid,Al Aared district_244,Resid.,Open,,,,,0,0,0,0,0,0,0,0,0,0,0,0,0,0,0,0,0,0,0,0,0,0,0.1,0
4,,5795,Al Arid,Al Aared district_253,Resid.,Open,,,,,0,0,0,0,0,0,0,0,0,0,0,0,0,0,0,0,0,0,0,0,0,0,0.1,0
4,,5801,Al Arid,Al Aared district_259,Mixed.,Open,,,,,0,0,0,0,0,0,0,0,0,0,0,0,0,0,0,0,0,0,0,0,0,0,0.1,0
4,,5991,Al Dar Al Baida,Al Dar Al Baida district_342,Resid.,Open,,,,,0,0,0,0,0,0,0,0,0,0,0,0,0,0,0,0,0,0,0,0,0,0,0.1,0
4,,5988,Al Dar Al Baida,Al Dar Al Baida district_339,Resid.,Open,,,,,0.01,0,0,0,0,0,0,4,0,0,0,0,4,1,1,2,3,0,1,2,0,-1,0.1,0
4,,5992,Al Dar Al Baida,Al Dar Al Baida district_343,Resid.,Open,,,,,0.01,0,0,0,0,0,0,3,0,0,0,0,3,1,1,1,2,0,1,1,0,-1,0.1,0
4,,5993,Al Dar Al Baida,Al Dar Al Baida district_344,Resid.,Open,,,,,0.01,0,0,0,0,0,0,3,0,0,0,0,3,1,1,1,2,0,1,1,0,-1,0.1,0
4,,5995,Al Dar Al Baida,Al Dar Al Baida district_346,Resid.,Open,,,,,0.01,0.01,0,0,0,0,0,6,0,0,0,0,6,2,2,2,5,0,2,3,0,-2,0.1,0
4,,5998,Al Dar Al Baida,Al Dar Al Baida district_349,Resid.,Open,,,,,0,0,0,0,0,0,0,0,0,0,0,0,0,0,0,0,0,0,0,0,0,0,0.1,0
4,,6008,Al Dar Al Baida,Al Dar Al Baida district_359,Resid.,Open,,,,,0.01,0,0,0,0,0,0,3,0,0,0,0,3,1,1,1,2,0,1,1,0,-1,0.1,0
4,,6024,Al Dar Al Baida,Al Dar Al Baida district_381,Resid.,Open,,,,,0.01,0.01,0,0,0,0,0,3,0,0,0,0,3,1,1,1,3,1,1,1,0,-2,0.1,0
4,,6029,Al Dar Al Baida,Al Dar Al Baida district_386,Resid.,Open,,,,,0.01,0.01,0,0,0,0,0,3,0,0,0,0,3,0,3,0,2,1,1,0,0,-2,0.1,0
4,,6036,Al Dar Al Baida,Al Dar Al Baida district_393,Resid.,Open,,,,,0.01,0.01,0,0,0,0,0,3,0,0,0,0,3,1,1,1,3,1,1,1,0,-2,0.1,0
4,,6040,Al Dar Al Baida,Al Dar Al Baida district_397,Resid.,Open,,,,,0,0,0,0,0,0,0,0,0,0,0,0,0,0,0,0,0,0,0,0,0,0,0.1,0
4,,6041,Al Dar Al Baida,Al Dar Al Baida district_398,Resid.,Open,,,,,0.01,0.01,0,0,0,0,0,5,0,0,0,0,5,1,3,1,3,0,2,1,0,-2,0.1,0
4,,6054,Al Dar Al Baida,Al Dar Al Baida district_411,Resid.,Open,,,,,0,0,0,0,0,0,0,0,0,0,0,0,0,0,0,0,0,0,0,0,0,0,0.1,0
4,,6056,Al Dar Al Baida,Al Dar Al Baida district_413,Resid.,Open,,,,,0.01,0,0,0,0,0,0,3,0,0,0,0,3,1,1,1,2,0,1,1,0,-1,0.1,0
4,,6059,Al Dar Al Baida,Al Dar Al Baida district_416,Resid.,Open,,,,,0.01,0.01,0,0,0,0,0,3,0,0,0,0,3,1,1,1,4,1,1,2,0,-2,0.1,0
4,,6063,Al Dar Al Baida,Al Dar Al Baida district_424,Resid.,Open,,,,,0,0,0,0,0,0,0,0,0,0,0,0,0,0,0,0,0,0,0,0,0,0,0.1,0
4,,6068,Al Dar Al Baida,Al Dar Al Baida district_437,Resid.,Open,,,,,0.01,0,0,0,0,0,0,3,0,0,0,0,3,1,1,1,2,0,1,1,0,-1,0.1,0
4,,6074,Al Dar Al Baida,Al Dar Al Baida district_461,Resid.,Open,,,,,0,0,0,0,0,0,0,0,0,0,0,0,0,0,0,0,0,0,0,0,0,0,0.1,0
4,,6079,Al Dar Al Baida,Al Dar Al Baida district_489,Resid.,Open,,,,,0.01,0,0,0,0,0,0,3,0,0,0,0,3,1,1,1,2,0,1,1,0,-1,0.1,0
4,,6083,Al Dar Al Baida,Al Dar Al Baida district_493,Resid.,Open,,,,,0,0,0,0,0,0,0,0,0,0,0,0,0,0,0,0,0,0,0,0,0,0,0.1,0
4,,6088,Al Dar Al Baida,Al Dar Al Baida district_498,Resid.,Open,,,,,0.01,0,0,0,0,0,0,3,0,0,0,0,3,1,1,1,2,0,1,1,0,-1,0.1,0
4,,6090,Al Dar Al Baida,Al Dar Al Baida district_500,Resid.,Open,,,,,0.01,0,0,0,0,0,0,6,0,0,0,0,6,0,6,0,1,0,1,0,0,-1,0.1,0
4,,6100,Al Dar Al Baida,Al Dar Al Baida district_510,Resid.,Open,,,,,0,0,0,0,0,0,0,0,0,0,0,0,0,0,0,0,0,0,0,0,0,0,0.1,0
4,,6163,Al Ghannamiyah,Al Ghannamiyah district_277,Mixed.,Open,,,,,0,0,0,0,0,0,0,0,0,0,0,0,0,0,0,0,0,0,0,0,0,0,0.1,0
4,,6168,Al Ghannamiyah,Al Ghannamiyah district_282,Resid.,Open,,,,,0.01,0,0,0,0,0,0,3,0,0,0,0,3,1,1,1,2,0,1,1,0,-1,0.1,0
4,,6170,Al Ghannamiyah,Al Ghannamiyah district_284,Resid.,Open,,,,,0.01,0.01,0,0,0,0,0,1,0,0,0,0,1,0,1,0,2,1,1,0,0,-2,0.1,0
4,,6173,Al Ghannamiyah,Al Ghannamiyah district_287,Resid.,Open,,,,,0.01,0,0,0,0,0,0,3,0,0,0,0,3,1,1,1,2,0,1,1,0,-1,0.1,0
4,,6178,Al Ghannamiyah,Al Ghannamiyah district_291,Mixed.,Open,,,,,0,0,0,0,0,0,0,0,0,0,0,0,0,0,0,0,0,0,0,0,0,0,0.1,0
4,,6179,Al Ghannamiyah,Al Ghannamiyah district_292,Mixed.,Open,,,,,0.01,0,0,0,0,0,0,3,0,0,0,0,3,1,1,1,2,0,1,1,0,-1,0.1,0
4,,6183,Al Haer,Al Haer district_251,Resid.,Open,,,,,0.01,0.01,0,0,0,0,0,3,0,0,0,0,3,1,1,1,3,1,1,1,0,-2,0.1,0
4,,6199,Al Haer,Al Haer district_267,Resid.,Open,,,,,0,0,0,0,0,0,0,0,0,0,0,0,0,0,0,0,0,0,0,0,0,0,0.1,0
4,,6200,Al Haer,Al Haer district_268,Resid.,Open,,,,,0.01,0.01,0,0,0,0,0,3,0,0,0,0,3,1,1,1,3,1,1,1,0,-2,0.1,0
4,,6211,Al Haer,Al Haer district_299,Resid.,Open,,,,,0,0,0,0,0,0,0,0,0,0,0,0,0,0,0,0,0,0,0,0,0,0,0.1,0
4,,6212,Al Haer,Al Haer district_300,Resid.,Open,,,,,0.01,0,0,0,0,0,0,3,0,0,0,0,3,1,1,1,2,0,1,1,0,-1,0.1,0
4,,6215,Al Haer,Al Haer district_465,Indust.,Open,,,,,0,0,0,0,0,0,0,0,0,0,0,0,0,0,0,0,0,0,0,0,0,0,0.1,0
4,,6216,Al Haer,Al Haer district_466,Indust.,Open,,,,,0,0,0,0,0,0,0,0,0,0,0,0,0,0,0,0,0,0,0,0,0,0,0.1,0
4,,6217,Al Haer,Al Haer district_467,Indust.,Open,,,,,0,0,0,0,0,0,0,0,0,0,0,0,0,0,0,0,0,0,0,0,0,0,0.1,0
4,,6218,Al Haer,Al Haer district_468,Indust.,Open,,,,,0,0,0,0,0,0,0,0,0,0,0,0,0,0,0,0,0,0,0,0,0,0,0.1,0
4,,6245,Al Jarradiyah,Al Jarradiyah district_10000084,Resid.,Open,,,,,0,0,0,0,0,0,0,0,0,0,0,0,0,0,0,0,0,0,0,0,0,0,0.1,0
4,,6246,Al Jarradiyah,Al Jarradiyah district_10000085,Resid.,Open,,,,,0,0,0,0,0,0,0,0,0,0,0,0,0,0,0,0,0,0,0,0,0,0,0.1,0
4,,6259,Al Khair,Al Khair district_11,Mixed.,Open,,,,,0,0,0,0,0,0,0,0,0,0,0,0,0,0,0,0,0,0,0,0,0,0,0.1,0
4,,6260,Al Khair,Al Khair district_317,Resid.,Open,,,,,0,0,0,0,0,0,0,0,0,0,0,0,0,0,0,0,0,0,0,0,0,0,0.1,0
4,,6262,Al Khair,Al Khair district_319,Resid.,Open,,,,,0,0,0,0,0,0,0,0,0,0,0,0,0,0,0,0,0,0,0,0,0,0,0.1,0
4,,6264,Al Khair,Al Khair district_321,Mixed.,Open,,,,,0.01,0,0,0,0,0,0,4,0,0,0,0,4,0,4,0,1,0,1,0,0,-1,0.1,0
4,,6442,Al Masani,Al Masani district_144,Mixed.,Open,,,,,0,0,0,0,0,0,0,0,0,0,0,0,0,0,0,0,0,0,0,0,0,0,0.1,0
4,,6447,Al Masani,Al Masani district_31,Resid.,Open,,,,,0,0,0,0,0,0,0,0,0,0,0,0,0,0,0,0,0,0,0,0,0,0,0.1,0
4,,6451,Al Masani,Al Masani district_334,Indust.,Open,,,,,0.01,0.01,0,0,0,0,0,3,0,0,0,0,3,1,1,1,3,1,1,1,0,-2,0.1,0
4,,6459,Al Masani,Al Masani district_37,Resid.,Open,,,,,0,0,0,0,0,0,0,0,0,0,0,0,0,0,0,0,0,0,0,0,0,0,0.1,0
4,,6463,Al Masani,Al Masani district_40,Resid.,Open,,,,,0.01,0.01,0,0,0,0,0,4,0,0,0,0,4,1,1,2,4,1,1,2,0,-2,0.1,0
4,,6468,Al Masani,Al Masani district_43,Resid.,Open,,,,,0,0,0,0,0,0,0,0,0,0,0,0,0,0,0,0,0,0,0,0,0,0,0.1,0
4,,6538,Al Misfat,Al Misfat district_226,Indust.,Open,,,,,0,0,0,0,0,0,0,0,0,0,0,0,0,0,0,0,0,0,0,0,0,0,0.1,0
4,,6550,Al Misfat,Al Misfat district_450,Indust.,Open,,,,,0.01,0.01,0,0,0,0,0,2,0,0,0,0,2,0,2,0,2,1,1,0,0,-2,0.1,0
4,,6553,Al Misfat,Al Misfat district_520,Indust.,Open,,,,,0,0,0,0,0,0,0,0,0,0,0,0,0,0,0,0,0,0,0,0,0,0,0.1,0
4,,6556,Al Misfat,Al Misfat district_524,Indust.,Open,,,,,0,0,0,0,0,0,0,0,0,0,0,0,0,0,0,0,0,0,0,0,0,0,0.1,0
4,,7179,Al Basatin,city Riyadh Al Basatin district_524,Mixed.,Open,,,,,0,0,0,0,0,0,0,0,0,0,0,0,0,0,0,0,0,0,0,0,0,0,0.1,0
4,,7243,Al Hazm,city Riyadh Al Hazm district_161,Resid.,Open,,,,,0.01,0,0,0,0,0,0,3,0,0,0,0,3,1,1,1,2,0,1,1,0,-1,0.1,0
4,,7252,Al Hazm,city Riyadh Al Hazm district_170,Resid.,Open,,,,,0,0,0,0,0,0,0,0,0,0,0,0,0,0,0,0,0,0,0,0,0,0,0.1,0
4,,7257,Al Hazm,city Riyadh Al Hazm district_175,Mixed.,Open,,,,,0,0,0,0,0,0,0,0,0,0,0,0,0,0,0,0,0,0,0,0,0,0,0.1,0
4,,7258,Al Hazm,city Riyadh Al Hazm district_176,Resid.,Open,,,,,0,0,0,0,0,0,0,0,0,0,0,0,0,0,0,0,0,0,0,0,0,0,0.1,0
4,,7260,Al Hazm,city Riyadh Al Hazm district_178,Resid.,Open,,,,,0,0,0,0,0,0,0,0,0,0,0,0,0,0,0,0,0,0,0,0,0,0,0.1,0
4,,7263,Al Hazm,city Riyadh Al Hazm district_181,Resid.,Open,,,,,0.01,0.01,0,0,0,0,0,3,0,0,0,0,3,1,1,1,3,1,1,1,0,-2,0.1,0
4,,7271,Al Hazm,city Riyadh Al Hazm district_189,Resid.,Open,,,,,0,0,0,0,0,0,0,0,0,0,0,0,0,0,0,0,0,0,0,0,0,0,0.1,0
4,,7279,Al Hazm,city Riyadh Al Hazm district_197,Resid.,Open,,,,,0.01,0,0,0,0,0,0,3,0,0,0,0,3,1,1,1,2,0,1,1,0,-1,0.1,0
4,,7280,Al Hazm,city Riyadh Al Hazm district_198,Resid.,Open,,,,,0.01,0,0,0,0,0,0,3,0,0,0,0,3,1,1,1,2,0,1,1,0,-1,0.1,0
4,,7281,Al Hazm,city Riyadh Al Hazm district_199,Resid.,Open,,,,,0,0,0,0,0,0,0,0,0,0,0,0,0,0,0,0,0,0,0,0,0,0,0.1,0
4,,7282,Al Hazm,city Riyadh Al Hazm district_200,Mixed.,Open,,,,,0,0,0,0,0,0,0,0,0,0,0,0,0,0,0,0,0,0,0,0,0,0,0.1,0
4,,7285,Al Hazm,city Riyadh Al Hazm district_203,Resid.,Open,,,,,0.01,0.01,0,0,0,0,0,3,0,0,0,0,3,1,1,1,3,1,1,1,0,-2,0.1,0
4,,7286,Al Hazm,city Riyadh Al Hazm district_204,Resid.,Open,,,,,0,0,0,0,0,0,0,0,0,0,0,0,0,0,0,0,0,0,0,0,0,0,0.1,0
4,,7295,Al Hazm,city Riyadh Al Hazm district_213,Resid.,Open,,,,,0,0,0,0,0,0,0,0,0,0,0,0,0,0,0,0,0,0,0,0,0,0,0.1,0
4,,7301,Al Hazm,city Riyadh Al Hazm district_219,Mixed.,Open,,,,,0.01,0,0,0,0,0,0,3,0,0,0,0,3,1,1,1,2,0,1,1,0,-1,0.1,0
4,,7303,Al Hazm,city Riyadh Al Hazm district_221,Mixed.,Open,,,,,0,0,0,0,0,0,0,0,0,0,0,0,0,0,0,0,0,0,0,0,0,0,0.1,0
4,,7305,Al Hazm,city Riyadh Al Hazm district_223,Resid.,Open,,,,,0,0,0,0,0,0,0,0,0,0,0,0,0,0,0,0,0,0,0,0,0,0,0.1,0
4,,7306,Al Hazm,city Riyadh Al Hazm district_224,Resid.,Open,,,,,0,0,0,0,0,0,0,0,0,0,0,0,0,0,0,0,0,0,0,0,0,0,0.1,0
4,,7308,Al Hazm,city Riyadh Al Hazm district_226,Resid.,Open,,,,,0.01,0,0,0,0,0,0,3,0,0,0,0,3,1,1,1,2,0,1,1,0,-1,0.1,0
4,,7309,Al Hazm,city Riyadh Al Hazm district_227,Resid.,Open,,,,,0.01,0.01,0,0,0,0,0,3,0,0,0,0,3,1,1,1,3,1,1,1,0,-2,0.1,0
4,,7310,Al Hazm,city Riyadh Al Hazm district_228,Resid.,Open,,,,,0,0,0,0,0,0,0,0,0,0,0,0,0,0,0,0,0,0,0,0,0,0,0.1,0
4,,7313,Al Hazm,city Riyadh Al Hazm district_231,Resid.,Open,,,,,0,0,0,0,0,0,0,0,0,0,0,0,0,0,0,0,0,0,0,0,0,0,0.1,0
4,,7315,Al Hazm,city Riyadh Al Hazm district_347,Resid.,Open,,,,,0,0,0,0,0,0,0,0,0,0,0,0,0,0,0,0,0,0,0,0,0,0,0.1,0
4,,7317,Al Hazm,city Riyadh Al Hazm district_349,Resid.,Open,,,,,0,0,0,0,0,0,0,0,0,0,0,0,0,0,0,0,0,0,0,0,0,0,0.1,0
4,,7333,Al Janadriyah,city Riyadh Al Janadriyah district_166,Mixed.,Open,,,,,0,0,0,0,0,0,0,0,0,0,0,0,0,0,0,0,0,0,0,0,0,0,0.1,0
4,,7335,Al Janadriyah,city Riyadh Al Janadriyah district_168,Mixed.,Open,,,,,0,0,0,0,0,0,0,0,0,0,0,0,0,0,0,0,0,0,0,0,0,0,0.1,0
4,,7337,Al Janadriyah,city Riyadh Al Janadriyah district_170,Mixed.,Open,,,,,0,0,0,0,0,0,0,0,0,0,0,0,0,0,0,0,0,0,0,0,0,0,0.1,0
4,,7339,Al Janadriyah,city Riyadh Al Janadriyah district_172,Mixed.,Open,,,,,0,0,0,0,0,0,0,0,0,0,0,0,0,0,0,0,0,0,0,0,0,0,0.1,0
4,,7341,Al Janadriyah,city Riyadh Al Janadriyah district_174,Mixed.,Open,,,,,0,0,0,0,0,0,0,0,0,0,0,0,0,0,0,0,0,0,0,0,0,0,0.1,0
4,,7345,Al Janadriyah,city Riyadh Al Janadriyah district_178,Mixed.,Open,,,,,0,0,0,0,0,0,0,0,0,0,0,0,0,0,0,0,0,0,0,0,0,0,0.1,0
4,,7344,Al Janadriyah,city Riyadh Al Janadriyah district_177,Resid.,Open,,,,,0.01,0.01,0,0,0,0,0,3,0,0,0,0,3,1,1,1,3,1,1,1,0,-2,0.1,0
4,,7357,Al Janadriyah,city Riyadh Al Janadriyah district_190,Resid.,Open,,,,,0,0,0,0,0,0,0,0,0,0,0,0,0,0,0,0,0,0,0,0,0,0,0.1,0
4,,7351,Al Janadriyah,city Riyadh Al Janadriyah district_184,Resid.,Open,,,,,0,0,0,0,0,0,0,0,0,0,0,0,0,0,0,0,0,0,0,0,0,0,0.1,0
4,,7360,Al Janadriyah,city Riyadh Al Janadriyah district_193,Resid.,Open,,,,,0.01,0,0,0,0,0,0,3,0,0,0,0,3,1,1,1,2,0,1,1,0,-1,0.1,0
4,,7361,Al Janadriyah,city Riyadh Al Janadriyah district_194,Resid.,Open,,,,,0,0,0,0,0,0,0,1,0,0,0,0,1,0,0,1,1,0,0,1,0,0,0.1,0
4,,7362,Al Janadriyah,city Riyadh Al Janadriyah district_195,Resid.,Open,,,,,0.01,0,0,0,0,0,0,4,0,0,0,0,4,1,1,2,3,0,1,2,0,-1,0.1,0
4,,7365,Al Janadriyah,city Riyadh Al Janadriyah district_198,Resid.,Open,,,,,0,0,0,0,0,0,0,0,0,0,0,0,0,0,0,0,0,0,0,0,0,0,0.1,0
4,,7377,Al Janadriyah,city Riyadh Al Janadriyah district_209,Mixed.,Open,,,,,0,0,0,0,0,0,0,0,0,0,0,0,0,0,0,0,0,0,0,0,0,0,0.1,0
4,,7378,Al Janadriyah,city Riyadh Al Janadriyah district_210,Mixed.,Open,,,,,0,0,0,0,0,0,0,0,0,0,0,0,0,0,0,0,0,0,0,0,0,0,0.1,0
4,,7383,Al Janadriyah,city Riyadh Al Janadriyah district_223,Mixed.,Open,,,,,0,0,0,0,0,0,0,0,0,0,0,0,0,0,0,0,0,0,0,0,0,0,0.1,0
4,,7384,Al Janadriyah,city Riyadh Al Janadriyah district_224,Resid.,Open,,,,,0,0,0,0,0,0,0,0,0,0,0,0,0,0,0,0,0,0,0,0,0,0,0.1,0
4,,7387,Al Janadriyah,city Riyadh Al Janadriyah district_227,Mixed.,Open,,,,,0,0,0,0,0,0,0,0,0,0,0,0,0,0,0,0,0,0,0,0,0,0,0.1,0
4,,7389,Al Janadriyah,city Riyadh Al Janadriyah district_229,Resid.,Open,,,,,0,0,0,0,0,0,0,0,0,0,0,0,0,0,0,0,0,0,0,0,0,0,0.1,0
4,,7404,Al Janadriyah,city Riyadh Al Janadriyah district_244,Resid.,Open,,,,,0,0,0,0,0,0,0,0,0,0,0,0,0,0,0,0,0,0,0,0,0,0,0.1,0
4,,7405,Al Janadriyah,city Riyadh Al Janadriyah district_245,Resid.,Open,,,,,0,0,0,0,0,0,0,0,0,0,0,0,0,0,0,0,0,0,0,0,0,0,0.1,0
4,,7407,Al Janadriyah,city Riyadh Al Janadriyah district_247,Resid.,Open,,,,,0,0,0,0,0,0,0,0,0,0,0,0,0,0,0,0,0,0,0,0,0,0,0.1,0
4,,7406,Al Janadriyah,city Riyadh Al Janadriyah district_246,Resid.,Open,,,,,0,0,0,0,0,0,0,0,0,0,0,0,0,0,0,0,0,0,0,0,0,0,0.1,0
4,,7408,Al Janadriyah,city Riyadh Al Janadriyah district_248,Resid.,Open,,,,,0,0,0,0,0,0,0,0,0,0,0,0,0,0,0,0,0,0,0,0,0,0,0.1,0
4,,7409,Al Janadriyah,city Riyadh Al Janadriyah district_249,Resid.,Open,,,,,0,0,0,0,0,0,0,0,0,0,0,0,0,0,0,0,0,0,0,0,0,0,0.1,0
4,,7410,Al Janadriyah,city Riyadh Al Janadriyah district_250,Resid.,Open,,,,,0,0,0,0,0,0,0,0,0,0,0,0,0,0,0,0,0,0,0,0,0,0,0.1,0
4,,7411,Al Janadriyah,city Riyadh Al Janadriyah district_251,Resid.,Open,,,,,0,0,0,0,0,0,0,0,0,0,0,0,0,0,0,0,0,0,0,0,0,0,0.1,0
4,,7412,Al Janadriyah,city Riyadh Al Janadriyah district_252,Resid.,Open,,,,,0,0,0,0,0,0,0,0,0,0,0,0,0,0,0,0,0,0,0,0,0,0,0.1,0
4,,7413,Al Janadriyah,city Riyadh Al Janadriyah district_253,Resid.,Open,,,,,0,0,0,0,0,0,0,0,0,0,0,0,0,0,0,0,0,0,0,0,0,0,0.1,0
4,,7414,Al Janadriyah,city Riyadh Al Janadriyah district_254,Resid.,Open,,,,,0,0,0,0,0,0,0,0,0,0,0,0,0,0,0,0,0,0,0,0,0,0,0.1,0
4,,7415,Al Janadriyah,city Riyadh Al Janadriyah district_255,Resid.,Open,,,,,0,0,0,0,0,0,0,0,0,0,0,0,0,0,0,0,0,0,0,0,0,0,0.1,0
4,,7416,Al Janadriyah,city Riyadh Al Janadriyah district_256,Resid.,Open,,,,,0,0,0,0,0,0,0,0,0,0,0,0,0,0,0,0,0,0,0,0,0,0,0.1,0
4,,7417,Al Janadriyah,city Riyadh Al Janadriyah district_257,Resid.,Open,,,,,0,0,0,0,0,0,0,0,0,0,0,0,0,0,0,0,0,0,0,0,0,0,0.1,0
4,,7418,Al Janadriyah,city Riyadh Al Janadriyah district_258,Resid.,Open,,,,,0,0,0,0,0,0,0,0,0,0,0,0,0,0,0,0,0,0,0,0,0,0,0.1,0
4,,7419,Al Janadriyah,city Riyadh Al Janadriyah district_259,Resid.,Open,,,,,0,0,0,0,0,0,0,0,0,0,0,0,0,0,0,0,0,0,0,0,0,0,0.1,0
4,,7420,Al Janadriyah,city Riyadh Al Janadriyah district_260,Resid.,Open,,,,,0,0,0,0,0,0,0,0,0,0,0,0,0,0,0,0,0,0,0,0,0,0,0.1,0
4,,7422,Al Janadriyah,city Riyadh Al Janadriyah district_262,Mixed.,Open,,,,,0,0,0,0,0,0,0,0,0,0,0,0,0,0,0,0,0,0,0,0,0,0,0.1,0
4,,7421,Al Janadriyah,city Riyadh Al Janadriyah district_261,Resid.,Open,,,,,0,0,0,0,0,0,0,0,0,0,0,0,0,0,0,0,0,0,0,0,0,0,0.1,0
4,,7425,Al Janadriyah,city Riyadh Al Janadriyah district_506,Resid.,Open,,,,,0,0,0,0,0,0,0,0,0,0,0,0,0,0,0,0,0,0,0,0,0,0,0.1,0
4,,7432,Al Janadriyah,city Riyadh Al Janadriyah district_523,Mixed.,Open,,,,,0,0,0,0,0,0,0,0,0,0,0,0,0,0,0,0,0,0,0,0,0,0,0.1,0
4,,7440,Al Jazeera,city Riyadh Al Jazeera district_320,Resid.,Open,,,,,0,0,0,0,0,0,0,0,0,0,0,0,0,0,0,0,0,0,0,0,0,0,0.1,0
4,,7441,Al Jazeera,city Riyadh Al Jazeera district_321,Resid.,Open,,,,,0.01,0,0,0,0,0,0,3,0,0,0,0,3,1,1,1,2,0,1,1,0,-1,0.1,0
4,,7442,Al Jazeera,city Riyadh Al Jazeera district_322,Resid.,Open,,,,,0,0,0,0,0,0,0,0,0,0,0,0,0,0,0,0,0,0,0,0,0,0,0.1,0
4,,7448,Al Jazeera,city Riyadh Al Jazeera district_328,Resid.,Open,,,,,0.01,0,0,0,0,0,0,3,0,0,0,0,3,1,1,1,2,0,1,1,0,-1,0.1,0
4,,7451,Al Jazeera,city Riyadh Al Jazeera district_331,Resid.,Open,,,,,0.01,0.01,0,0,0,0,0,4,0,0,0,0,4,1,2,1,4,0,2,2,0,-2,0.1,0
4,,7460,Al Jazeera,city Riyadh Al Jazeera district_340,Resid.,Open,,,,,0,0,0,0,0,0,0,0,0,0,0,0,0,0,0,0,0,0,0,0,0,0,0.1,0
4,,7461,Al Jazeera,city Riyadh Al Jazeera district_341,Resid.,Open,,,,,0.01,0.01,0,0,0,0,0,6,0,0,0,0,6,2,2,2,4,0,2,2,0,-2,0.1,0
4,,7471,Al Jazeera,city Riyadh Al Jazeera district_351,Resid.,Open,,,,,0.01,0,0,0,0,0,0,3,0,0,0,0,3,1,1,1,2,0,1,1,0,-1,0.1,0
4,,7473,Al Jazeera,city Riyadh Al Jazeera district_353,Resid.,Open,,,,,0,0,0,0,0,0,0,0,0,0,0,0,0,0,0,0,0,0,0,0,0,0,0.1,0
4,,7475,Al Jazeera,city Riyadh Al Jazeera district_355,Resid.,Open,,,,,0,0,0,0,0,0,0,0,0,0,0,0,0,0,0,0,0,0,0,0,0,0,0.1,0
4,,7489,Al Khair,city Riyadh Al Khair district_376,Mixed.,Open,,,,,0,0,0,0,0,0,0,0,0,0,0,0,0,0,0,0,0,0,0,0,0,0,0.1,0
4,,7536,Al Marwah,city Riyadh Al Marwah district_239,Resid.,Open,,,,,0,0,0,0,0,0,0,0,0,0,0,0,0,0,0,0,0,0,0,0,0,0,0.1,0
4,,7555,Al Marwah,city Riyadh Al Marwah district_258,Resid.,Open,,,,,0,0,0,0,0,0,0,0,0,0,0,0,0,0,0,0,0,0,0,0,0,0,0.1,0
4,,7575,Al Mashriq,city Riyadh Al Mashriq district_14,Mixed.,Open,,,,,0,0,0,0,0,0,0,0,0,0,0,0,0,0,0,0,0,0,0,0,0,0,0.1,0
4,,7576,Al Mashriq,city Riyadh Al Mashriq district_15,Mixed.,Open,,,,,0,0,0,0,0,0,0,0,0,0,0,0,0,0,0,0,0,0,0,0,0,0,0.1,0
4,,7577,Al Mashriq,city Riyadh Al Mashriq district_16,Mixed.,Open,,,,,0,0,0,0,0,0,0,0,0,0,0,0,0,0,0,0,0,0,0,0,0,0,0.1,0
4,,7580,Al Mashriq,city Riyadh Al Mashriq district_470,Mixed.,Open,,,,,0,0,0,0,0,0,0,0,0,0,0,0,0,0,0,0,0,0,0,0,0,0,0.1,0
4,,7581,Al Mashriq,city Riyadh Al Mashriq district_471,Mixed.,Open,,,,,0,0,0,0,0,0,0,0,0,0,0,0,0,0,0,0,0,0,0,0,0,0,0.1,0
4,,7583,Al Mashriq,city Riyadh Al Mashriq district_473,Mixed.,Open,,,,,0,0,0,0,0,0,0,0,0,0,0,0,0,0,0,0,0,0,0,0,0,0,0.1,0
4,,7584,Al Mashriq,city Riyadh Al Mashriq district_474,Mixed.,Open,,,,,0,0,0,0,0,0,0,0,0,0,0,0,0,0,0,0,0,0,0,0,0,0,0.1,0
4,,7586,Al Mashriq,city Riyadh Al Mashriq district_507,Mixed.,Open,,,,,0,0,0,0,0,0,0,0,0,0,0,0,0,0,0,0,0,0,0,0,0,0,0.1,0
4,,7642,Al Murjan,city Riyadh Al Murjan district_357,Mixed.,Open,,,,,0,0,0,0,0,0,0,1,0,0,0,0,1,0,0,1,1,0,0,1,0,0,0.1,0
4,,7645,Al Nadwah,city Riyadh Al Nadwah district_5,Resid.,Open,,,,,0,0,0,0,0,0,0,0,0,0,0,0,0,0,0,0,0,0,0,0,0,0,0.1,0
4,,7666,Al Nadwah,city Riyadh Al Nadwah district_976,Resid.,Open,,,,,0,0,0,0,0,0,0,0,0,0,0,0,0,0,0,0,0,0,0,0,0,0,0.1,0
4,,7669,Al Nadwah,city Riyadh Al Nadwah district_979,Resid.,Open,,,,,0.01,0.01,0,0,0,0,0,3,0,0,0,0,3,1,1,1,3,1,1,1,0,-2,0.1,0
4,,7671,Al Nadwah,city Riyadh Al Nadwah district_981,Resid.,Open,,,,,0.01,0,0,0,0,0,0,3,0,0,0,0,3,1,1,1,2,0,1,1,0,-1,0.1,0
4,,7700,Al Nazim,city Riyadh Al Nazim district_1026,Resid.,Open,,,,,0.01,0.01,0,0,0,0,0,1,0,0,0,0,1,0,1,0,2,1,1,0,0,-2,0.1,0
4,,7701,Al Nazim,city Riyadh Al Nazim district_1027,Resid.,Open,,,,,0.01,0,0,0,0,0,0,3,0,0,0,0,3,1,1,1,2,0,1,1,0,-1,0.1,0
4,,7711,Al Nazim,city Riyadh Al Nazim district_1037,Resid.,Open,,,,,0,0,0,0,0,0,0,0,0,0,0,0,0,0,0,0,0,0,0,0,0,0,0.1,0
4,,7716,Al Nazim,city Riyadh Al Nazim district_1042,Resid.,Open,,,,,0.01,0,0,0,0,0,0,3,0,0,0,0,3,1,1,1,2,0,1,1,0,-1,0.1,0
4,,7717,Al Nazim,city Riyadh Al Nazim district_1043,Resid.,Open,,,,,0.01,0,0,0,0,0,0,3,0,0,0,0,3,1,1,1,2,0,1,1,0,-1,0.1,0
4,,7719,Al Nazim,city Riyadh Al Nazim district_1045,Resid.,Open,,,,,0,0,0,0,0,0,0,0,0,0,0,0,0,0,0,0,0,0,0,0,0,0,0.1,0
4,,7721,Al Nazim,city Riyadh Al Nazim district_1047,Resid.,Open,,,,,0,0,0,0,0,0,0,0,0,0,0,0,0,0,0,0,0,0,0,0,0,0,0.1,0
4,,7724,Al Nazim,city Riyadh Al Nazim district_1050,Resid.,Open,,,,,0.01,0,0,0,0,0,0,3,0,0,0,0,3,1,1,1,2,0,1,1,0,-1,0.1,0
4,,7735,Al Nazim,city Riyadh Al Nazim district_1061,Mixed.,Open,,,,,0,0,0,0,0,0,0,0,0,0,0,0,0,0,0,0,0,0,0,0,0,0,0.1,0
4,,7736,Al Nazim,city Riyadh Al Nazim district_1062,Mixed.,Open,,,,,0,0,0,0,0,0,0,0,0,0,0,0,0,0,0,0,0,0,0,0,0,0,0.1,0
4,,7737,Al Nazim,city Riyadh Al Nazim district_1063,Mixed.,Open,,,,,0,0,0,0,0,0,0,0,0,0,0,0,0,0,0,0,0,0,0,0,0,0,0.1,0
4,,7738,Al Nazim,city Riyadh Al Nazim district_1064,Mixed.,Open,,,,,0,0,0,0,0,0,0,0,0,0,0,0,0,0,0,0,0,0,0,0,0,0,0.1,0
4,,7739,Al Nazim,city Riyadh Al Nazim district_1065,Mixed.,Open,,,,,0,0,0,0,0,0,0,0,0,0,0,0,0,0,0,0,0,0,0,0,0,0,0.1,0
4,,7740,Al Nazim,city Riyadh Al Nazim district_1066,Mixed.,Open,,,,,0,0,0,0,0,0,0,0,0,0,0,0,0,0,0,0,0,0,0,0,0,0,0.1,0
4,,7844,Al Rabiyah,city Riyadh Al Rabiyah district_263,Mixed.,Open,,,,,0,0,0,0,0,0,0,0,0,0,0,0,0,0,0,0,0,0,0,0,0,0,0.1,0
4,,7847,Al Rabiyah,city Riyadh Al Rabiyah district_266,Mixed.,Open,,,,,0,0,0,0,0,0,0,0,0,0,0,0,0,0,0,0,0,0,0,0,0,0,0.1,0
4,,7848,Al Rabiyah,city Riyadh Al Rabiyah district_267,Mixed.,Open,,,,,0,0,0,0,0,0,0,0,0,0,0,0,0,0,0,0,0,0,0,0,0,0,0.1,0
4,,7850,Al Rabiyah,city Riyadh Al Rabiyah district_269,Mixed.,Open,,,,,0,0,0,0,0,0,0,0,0,0,0,0,0,0,0,0,0,0,0,0,0,0,0.1,0
4,,7852,Al Rabiyah,city Riyadh Al Rabiyah district_271,Mixed.,Open,,,,,0,0,0,0,0,0,0,0,0,0,0,0,0,0,0,0,0,0,0,0,0,0,0.1,0
4,,7853,Al Rabiyah,city Riyadh Al Rabiyah district_272,Mixed.,Open,,,,,0,0,0,0,0,0,0,0,0,0,0,0,0,0,0,0,0,0,0,0,0,0,0.1,0
4,,7855,Al Rabiyah,city Riyadh Al Rabiyah district_274,Mixed.,Open,,,,,0,0,0,0,0,0,0,0,0,0,0,0,0,0,0,0,0,0,0,0,0,0,0.1,0
4,,7857,Al Rabiyah,city Riyadh Al Rabiyah district_457,Mixed.,Open,,,,,0,0,0,0,0,0,0,0,0,0,0,0,0,0,0,0,0,0,0,0,0,0,0.1,0
4,,7858,Al Rabiyah,city Riyadh Al Rabiyah district_458,Mixed.,Open,,,,,0,0,0,0,0,0,0,0,0,0,0,0,0,0,0,0,0,0,0,0,0,0,0.1,0
4,,7860,Al Rabiyah,city Riyadh Al Rabiyah district_460,Mixed.,Open,,,,,0,0,0,0,0,0,0,0,0,0,0,0,0,0,0,0,0,0,0,0,0,0,0.1,0
4,,7861,Al Rabiyah,city Riyadh Al Rabiyah district_461,Mixed.,Open,,,,,0,0,0,0,0,0,0,0,0,0,0,0,0,0,0,0,0,0,0,0,0,0,0.1,0
4,,7862,Al Rabiyah,city Riyadh Al Rabiyah district_462,Mixed.,Open,,,,,0.01,0.01,0,0,0,0,0,3,0,0,0,0,3,1,1,1,3,1,1,1,0,-2,0.1,0
4,,8052,Al Rimayah,city Riyadh Al Rimayah district_924,Resid.,Open,,,,,0,0,0,0,0,0,0,0,0,0,0,0,0,0,0,0,0,0,0,0,0,0,0.1,0
4,,8055,Al Rimayah,city Riyadh Al Rimayah district_927,Resid.,Open,,,,,0,0,0,0,0,0,0,0,0,0,0,0,0,0,0,0,0,0,0,0,0,0,0.1,0
4,,8056,Al Rimayah,city Riyadh Al Rimayah district_928,Resid.,Open,,,,,0,0,0,0,0,0,0,0,0,0,0,0,0,0,0,0,0,0,0,0,0,0,0.1,0
4,,8057,Al Rimayah,city Riyadh Al Rimayah district_929,Resid.,Open,,,,,0,0,0,0,0,0,0,0,0,0,0,0,0,0,0,0,0,0,0,0,0,0,0.1,0
4,,8059,Al Rimayah,city Riyadh Al Rimayah district_931,Resid.,Open,,,,,0,0,0,0,0,0,0,0,0,0,0,0,0,0,0,0,0,0,0,0,0,0,0.1,0
4,,8065,Al Rimayah,city Riyadh Al Rimayah district_937,Mixed.,Open,,,,,0,0,0,0,0,0,0,0,0,0,0,0,0,0,0,0,1,0,0,1,0,0,0.1,0
4,,8066,Al Rimayah,city Riyadh Al Rimayah district_938,Resid.,Open,,,,,0,0,0,0,0,0,0,0,0,0,0,0,0,0,0,0,0,0,0,0,0,0,0.1,0
4,,8076,Al Rimayah,city Riyadh Al Rimayah district_948,Mixed.,Open,,,,,0.01,0,0,0,0,0,0,1,0,0,0,0,1,0,1,0,1,0,1,0,0,-1,0.1,0
4,,8081,Al Rimayah,city Riyadh Al Rimayah district_953,Mixed.,Open,,,,,0,0,0,0,0,0,0,0,0,0,0,0,0,0,0,0,0,0,0,0,0,0,0.1,0
4,,8082,Al Rimayah,city Riyadh Al Rimayah district_954,Mixed.,Open,,,,,0,0,0,0,0,0,0,0,0,0,0,0,0,0,0,0,0,0,0,0,0,0,0.1,0
4,,8083,Al Rimayah,city Riyadh Al Rimayah district_955,Mixed.,Open,,,,,0,0,0,0,0,0,0,0,0,0,0,0,0,0,0,0,0,0,0,0,0,0,0.1,0
4,,8130,Al Sahab,city Riyadh Al Sahab district_464,Mixed.,Open,,,,,0,0,0,0,0,0,0,0,0,0,0,0,0,0,0,0,0,0,0,0,0,0,0.1,0
4,,8131,Al Sahab,city Riyadh Al Sahab district_465,Mixed.,Open,,,,,0,0,0,0,0,0,0,0,0,0,0,0,0,0,0,0,0,0,0,0,0,0,0.1,0
4,,8132,Al Sahab,city Riyadh Al Sahab district_466,Mixed.,Open,,,,,0,0,0,0,0,0,0,0,0,0,0,0,0,0,0,0,0,0,0,0,0,0,0.1,0
4,,8133,Al Sahab,city Riyadh Al Sahab district_467,Mixed.,Open,,,,,0,0,0,0,0,0,0,0,0,0,0,0,0,0,0,0,0,0,0,0,0,0,0.1,0
4,,8406,Al Wisam,city Riyadh Al Wisam district_344,Mixed.,Open,,,,,0,0,0,0,0,0,0,0,0,0,0,0,0,0,0,0,0,0,0,0,0,0,0.1,0
4,,8411,Al Zaher,city Riyadh Al Zaher district_478,Mixed.,Open,,,,,0,0,0,0,0,0,0,0,0,0,0,0,0,0,0,0,0,0,0,0,0,0,0.1,0
4,,8412,Al Zaher,city Riyadh Al Zaher district_479,Mixed.,Open,,,,,0,0,0,0,0,0,0,0,0,0,0,0,0,0,0,0,0,0,0,0,0,0,0.1,0
4,,8413,Al Zaher,city Riyadh Al Zaher district_480,Mixed.,Open,,,,,0,0,0,0,0,0,0,0,0,0,0,0,0,0,0,0,0,0,0,0,0,0,0.1,0
4,,8414,Al Zaher,city Riyadh Al Zaher district_481,Mixed.,Open,,,,,0,0,0,0,0,0,0,0,0,0,0,0,0,0,0,0,0,0,0,0,0,0,0.1,0
4,,8415,Al Zaher,city Riyadh Al Zaher district_482,Mixed.,Open,,,,,0,0,0,0,0,0,0,0,0,0,0,0,0,0,0,0,0,0,0,0,0,0,0.1,0
4,,8416,Al Zaher,city Riyadh Al Zaher district_483,Mixed.,Open,,,,,0,0,0,0,0,0,0,0,0,0,0,0,0,0,0,0,0,0,0,0,0,0,0.1,0
4,,8419,Al Zaher,city Riyadh Al Zaher district_486,Mixed.,Open,,,,,0,0,0,0,0,0,0,0,0,0,0,0,0,0,0,0,0,0,0,0,0,0,0.1,0
4,,8421,Al Zaher,city Riyadh Al Zaher district_488,Mixed.,Open,,,,,0,0,0,0,0,0,0,0,0,0,0,0,0,0,0,0,0,0,0,0,0,0,0.1,0
4,,8422,Al Zaher,city Riyadh Al Zaher district_489,Mixed.,Open,,,,,0,0,0,0,0,0,0,0,0,0,0,0,0,0,0,0,0,0,0,0,0,0,0.1,0
4,,8423,Al Zaher,city Riyadh Al Zaher district_490,Mixed.,Open,,,,,0,0,0,0,0,0,0,0,0,0,0,0,0,0,0,0,0,0,0,0,0,0,0.1,0
4,,8540,Badr,city Riyadh Badr district_395,Resid.,Open,,,,,0,0,0,0,0,0,0,0,0,0,0,0,0,0,0,0,0,0,0,0,0,0,0.1,0
4,,8542,Badr,city Riyadh Badr district_397,Resid.,Open,,,,,0,0,0,0,0,0,0,0,0,0,0,0,0,0,0,0,0,0,0,0,0,0,0.1,0
4,,8585,Badr,city Riyadh Badr district_441,Resid.,Open,,,,,0,0,0,0,0,0,0,0,0,0,0,0,0,0,0,0,0,0,0,0,0,0,0.1,0
4,,8595,Badr,city Riyadh Badr district_451,Resid.,Open,,,,,0,0,0,0,0,0,0,0,0,0,0,0,0,0,0,0,0,0,0,0,0,0,0.1,0
4,,8599,Badr,city Riyadh Badr district_455,Resid.,Open,,,,,0.01,0.01,0,0,0,0,0,3,0,0,0,0,3,1,1,1,3,1,1,1,0,-2,0.1,0
4,,8611,Badr,city Riyadh Badr district_467,Resid.,Open,,,,,0,0,0,0,0,0,0,0,0,0,0,0,0,0,0,0,0,0,0,0,0,0,0.1,0
4,,8659,Badr,city Riyadh Badr district_515,Mixed.,Open,,,,,0,0,0,0,0,0,0,0,0,0,0,0,0,0,0,0,0,0,0,0,0,0,0.1,0
4,,8660,Badr,city Riyadh Badr district_516,Resid.,Open,,,,,0,0,0,0,0,0,0,0,0,0,0,0,0,0,0,0,0,0,0,0,0,0,0.1,0
4,,8664,Badr,city Riyadh Badr district_520,Resid.,Open,,,,,0,0,0,0,0,0,0,0,0,0,0,0,0,0,0,0,0,0,0,0,0,0,0.1,0
4,,8666,Badr,city Riyadh Badr district_522,Resid.,Open,,,,,0,0,0,0,0,0,0,0,0,0,0,0,0,0,0,0,1,0,0,1,0,0,0.1,0
4,,8668,Badr,city Riyadh Badr district_524,Resid.,Open,,,,,0,0,0,0,0,0,0,0,0,0,0,0,0,0,0,0,0,0,0,0,0,0,0.1,0
4,,8669,Badr,city Riyadh Badr district_525,Resid.,Open,,,,,0.01,0,0,0,0,0,0,3,0,0,0,0,3,1,1,1,2,0,1,1,0,-1,0.1,0
4,,8673,Badr,city Riyadh Badr district_529,Mixed.,Open,,,,,0,0,0,0,0,0,0,0,0,0,0,0,0,0,0,0,0,0,0,0,0,0,0.1,0
4,,8674,Badr,city Riyadh Badr district_530,Mixed.,Open,,,,,0,0,0,0,0,0,0,1,0,0,0,0,1,0,0,1,1,0,0,1,0,0,0.1,0
4,,8675,Badr,city Riyadh Badr district_531,Mixed.,Open,,,,,0,0,0,0,0,0,0,0,0,0,0,0,0,0,0,0,0,0,0,0,0,0,0.1,0
4,,8677,Badr,city Riyadh Badr district_533,Mixed.,Open,,,,,0,0,0,0,0,0,0,0,0,0,0,0,0,0,0,0,0,0,0,0,0,0,0.1,0
4,,8679,Badr,city Riyadh Badr district_535,Mixed.,Open,,,,,0,0,0,0,0,0,0,0,0,0,0,0,0,0,0,0,0,0,0,0,0,0,0.1,0
4,,8680,Badr,city Riyadh Badr district_536,Resid.,Open,,,,,0,0,0,0,0,0,0,0,0,0,0,0,0,0,0,0,0,0,0,0,0,0,0.1,0
4,,8681,Badr,city Riyadh Badr district_537,Resid.,Open,,,,,0,0,0,0,0,0,0,0,0,0,0,0,0,0,0,0,0,0,0,0,0,0,0.1,0
4,,8682,Badr,city Riyadh Badr district_538,Resid.,Open,,,,,0,0,0,0,0,0,0,0,0,0,0,0,0,0,0,0,0,0,0,0,0,0,0.1,0
4,,8683,Badr,city Riyadh Badr district_539,Resid.,Open,,,,,0,0,0,0,0,0,0,0,0,0,0,0,0,0,0,0,0,0,0,0,0,0,0.1,0
4,,8686,Badr,city Riyadh Badr district_542,Resid.,Open,,,,,0,0,0,0,0,0,0,0,0,0,0,0,0,0,0,0,0,0,0,0,0,0,0.1,0
4,,8687,Badr,city Riyadh Badr district_543,Resid.,Open,,,,,0,0,0,0,0,0,0,0,0,0,0,0,0,0,0,0,0,0,0,0,0,0,0.1,0
4,,8688,Badr,city Riyadh Badr district_544,Resid.,Open,,,,,0,0,0,0,0,0,0,0,0,0,0,0,0,0,0,0,0,0,0,0,0,0,0.1,0
4,,8690,Badr,city Riyadh Badr district_546,Resid.,Open,,,,,0,0,0,0,0,0,0,0,0,0,0,0,0,0,0,0,0,0,0,0,0,0,0.1,0
4,,8694,Badr,city Riyadh Badr district_577,Resid.,Open,,,,,0,0,0,0,0,0,0,0,0,0,0,0,0,0,0,0,0,0,0,0,0,0,0.1,0
4,,8699,Badr,city Riyadh Badr district_591,Resid.,Open,,,,,0,0,0,0,0,0,0,0,0,0,0,0,0,0,0,0,0,0,0,0,0,0,0.1,0
4,,8702,Dahiyah Namar,city Riyadh Dahiyat Namar district_10,Resid.,Open,,,,,0,0,0,0,0,0,0,0,0,0,0,0,0,0,0,0,0,0,0,0,0,0,0.1,0
4,,8706,Dahiyah Namar,city Riyadh Dahiyat Namar district_139,Resid.,Open,,,,,0,0,0,0,0,0,0,0,0,0,0,0,0,0,0,0,0,0,0,0,0,0,0.1,0
4,,8708,Dahiyah Namar,city Riyadh Dahiyat Namar district_143,Mixed.,Open,,,,,0,0,0,0,0,0,0,0,0,0,0,0,0,0,0,0,0,0,0,0,0,0,0.1,0
4,,8711,Dahiyah Namar,city Riyadh Dahiyat Namar district_15,Resid.,Open,,,,,0,0,0,0,0,0,0,0,0,0,0,0,0,0,0,0,0,0,0,0,0,0,0.1,0
4,,8717,Dahiyah Namar,city Riyadh Dahiyat Namar district_20,Resid.,Open,,,,,0,0,0,0,0,0,0,0,0,0,0,0,0,0,0,0,0,0,0,0,0,0,0.1,0
4,,8718,Dahiyah Namar,city Riyadh Dahiyat Namar district_21,Resid.,Open,,,,,0.01,0.01,0,0,0,0,0,3,0,0,0,0,3,1,1,1,3,1,1,1,0,-2,0.1,0
4,,8720,Dahiyah Namar,city Riyadh Dahiyat Namar district_23,Resid.,Open,,,,,0,0,0,0,0,0,0,0,0,0,0,0,0,0,0,0,0,0,0,0,0,0,0.1,0
4,,8724,Dahiyah Namar,city Riyadh Dahiyat Namar district_27,Resid.,Open,,,,,0.01,0,0,0,0,0,0,3,0,0,0,0,3,1,1,1,2,0,1,1,0,-1,0.1,0
4,,8728,Dahiyah Namar,city Riyadh Dahiyat Namar district_30,Resid.,Open,,,,,0,0,0,0,0,0,0,0,0,0,0,0,0,0,0,0,0,0,0,0,0,0,0.1,0
4,,8729,Dahiyah Namar,city Riyadh Dahiyat Namar district_31,Mixed.,Open,,,,,0,0,0,0,0,0,0,0,0,0,0,0,0,0,0,0,0,0,0,0,0,0,0.1,0
4,,8735,Dahiyat Namar,city Riyadh Dahiyat Namar district_594,Mixed.,Open,,,,,0,0,0,0,0,0,0,0,0,0,0,0,0,0,0,0,0,0,0,0,0,0,0.1,0
4,,8992,Dirab,city Riyadh Dirab district_43,Resid.,Open,,,,,0.01,0,0,0,0,0,0,3,0,0,0,0,3,1,1,1,2,0,1,1,0,-1,0.1,0
4,,8994,Dirab,city Riyadh Dirab district_45,Resid.,Open,,,,,0.01,0,0,0,0,0,0,5,0,0,0,0,5,2,1,2,3,0,1,2,0,-1,0.1,0
4,,8996,Dirab,city Riyadh Dirab district_47,Resid.,Open,,,,,0.01,0,0,0,0,0,0,3,0,0,0,0,3,1,1,1,2,0,1,1,0,-1,0.1,0
4,,8997,Dirab,city Riyadh Dirab district_48,Resid.,Open,,,,,0.01,0.01,0,0,0,0,0,7,0,0,0,0,7,2,3,2,5,0,3,2,0,-2,0.1,0
4,,9003,Dirab,city Riyadh Dirab district_54,Resid.,Open,,,,,0.01,0,0,0,0,0,0,3,0,0,0,0,3,1,1,1,2,0,1,1,0,-1,0.1,0
4,,9007,Dirab,city Riyadh Dirab district_58,Resid.,Open,,,,,0.01,0.01,0,0,0,0,0,1,0,0,0,0,1,0,1,0,2,1,1,0,0,-2,0.1,0
4,,9009,Dirab,city Riyadh Dirab district_60,Resid.,Open,,,,,0,0,0,0,0,0,0,0,0,0,0,0,0,0,0,0,0,0,0,0,0,0,0.1,0
4,,9010,Dirab,city Riyadh Dirab district_61,Resid.,Open,,,,,0,0,0,0,0,0,0,0,0,0,0,0,0,0,0,0,0,0,0,0,0,0,0.1,0
4,,9013,Dirab,city Riyadh Dirab district_64,Resid.,Open,,,,,0,0,0,0,0,0,0,0,0,0,0,0,0,0,0,0,0,0,0,0,0,0,0.1,0
4,,9015,Dirab,city Riyadh Dirab district_66,Resid.,Open,,,,,0,0,0,0,0,0,0,0,0,0,0,0,0,0,0,0,0,0,0,0,0,0,0.1,0
4,,9016,Dirab,city Riyadh Dirab district_67,Resid.,Open,,,,,0,0,0,0,0,0,0,0,0,0,0,0,0,0,0,0,0,0,0,0,0,0,0.1,0
4,,9203,Muayzilah,city Riyadh Muayzilah district_118,Resid.,Open,,,,,0,0,0,0,0,0,0,0,0,0,0,0,0,0,0,0,0,0,0,0,0,0,0.1,0
4,,9211,Muayzilah,city Riyadh Muayzilah district_126,Mixed.,Open,,,,,0,0,0,0,0,0,0,1,0,0,0,0,1,0,0,1,1,0,0,1,0,0,0.1,0
4,,9213,Muayzilah,city Riyadh Muayzilah district_128,Mixed.,Open,,,,,0.01,0,0,0,0,0,0,1,0,0,0,0,1,0,0,1,1,0,0,1,0,-1,0.1,0
4,,9217,Muayzilah,city Riyadh Muayzilah district_132,Resid.,Open,,,,,0,0,0,0,0,0,0,1,0,0,0,0,1,0,0,1,1,0,0,1,0,0,0.1,0
4,,9218,Muayzilah,city Riyadh Muayzilah district_133,Mixed.,Open,,,,,0.01,0,0,0,0,0,0,3,0,0,0,0,3,1,1,1,2,0,1,1,0,-1,0.1,0
4,,9221,Muayzilah,city Riyadh Muayzilah district_136,Mixed.,Open,,,,,0,0,0,0,0,0,0,0,0,0,0,0,0,0,0,0,0,0,0,0,0,0,0.1,0
4,,9222,Muayzilah,city Riyadh Muayzilah district_137,Mixed.,Open,,,,,0,0,0,0,0,0,0,1,0,0,0,0,1,0,0,1,1,0,0,1,0,0,0.1,0
4,,9233,Muayzilah,city Riyadh Muayzilah district_148,Resid.,Open,,,,,0.01,0.01,0,0,0,0,0,9,0,0,0,0,9,2,2,5,7,0,2,5,0,-2,0.1,0
4,,9381,Shobra,city Riyadh Shobra district_120,Resid.,Open,,,,,0.01,0,0,0,0,0,0,3,0,0,0,0,3,1,1,1,2,0,1,1,0,-1,0.1,0
4,,9402,Shobra,city Riyadh Shobra district_95,Resid.,Open,,,,,0,0,0,0,0,0,0,0,0,0,0,0,0,0,0,0,0,0,0,0,0,0,0.1,0
4,,9406,Shobra,city Riyadh Shobra district_99,Resid.,Open,,,,,0.01,0.01,0,0,0,0,0,4,0,0,0,0,4,1,1,2,4,1,1,2,0,-2,0.1,0
4,,9409,Tuwaiq,city Riyadh Tuwaiq district_384,Mixed.,Open,,,,,0.01,0,0,0,0,0,0,2,0,0,0,0,2,0,1,1,2,0,1,1,0,-1,0.1,0
4,,9410,Tuwaiq,city Riyadh Tuwaiq district_385,Mixed.,Open,,,,,0,0,0,0,0,0,0,0,0,0,0,0,0,0,0,0,0,0,0,0,0,0,0.1,0
4,,9433,Tuwaiq,city Riyadh Tuwaiq district_408,Resid.,Open,,,,,0.01,0,0,0,0,0,0,2,0,0,0,0,2,0,2,0,1,0,1,0,0,-1,0.1,0
4,,9435,Tuwaiq,city Riyadh Tuwaiq district_410,Resid.,Open,,,,,0.01,0.01,0,0,0,0,0,4,0,0,0,0,4,0,4,0,2,1,1,0,0,-2,0.1,0
4,,9500,Tuwaiq,city Riyadh Tuwaiq district_475,Resid.,Open,,,,,0,0,0,0,0,0,0,0,0,0,0,0,0,0,0,0,0,0,0,0,0,0,0.1,0
4,,9505,Tuwaiq,city Riyadh Tuwaiq district_480,Resid.,Open,,,,,0,0,0,0,0,0,0,0,0,0,0,0,0,0,0,0,0,0,0,0,0,0,0.1,0
4,,9516,Tuwaiq,city Riyadh Tuwaiq district_491,Resid.,Open,,,,,0,0,0,0,0,0,0,1,0,0,0,0,1,0,0,1,1,0,0,1,0,0,0.1,0
4,,9559,Tuwaiq,city Riyadh Tuwaiq district_579,Resid.,Open,,,,,0.01,0.01,0,0,0,0,0,7,0,0,0,0,7,2,2,3,5,0,2,3,0,-2,0.1,0
4,,9560,Tuwaiq,city Riyadh Tuwaiq district_580,Resid.,Open,,,,,0,0,0,0,0,0,0,0,0,0,0,0,0,0,0,0,0,0,0,0,0,0,0.1,0
4,,9564,Tuwaiq,city Riyadh Tuwaiq district_584,Resid.,Open,,,,,0.01,0.01,0,0,0,0,0,12,0,0,0,0,12,1,10,1,3,0,2,1,0,-2,0.1,0
4,,9566,Tuwaiq,city Riyadh Tuwaiq district_586,Resid.,Open,,,,,0,0,0,0,0,0,0,0,0,0,0,0,0,0,0,0,0,0,0,0,0,0,0.1,0
4,,9584,Tuwaiq,city Riyadh Tuwaiq district_644,Resid.,Open,,,,,0,0,0,0,0,0,0,0,0,0,0,0,0,0,0,0,0,0,0,0,0,0,0.1,0
4,,9590,Uqaz,city Riyadh Uqaz district_100,Resid.,Open,,,,,0,0,0,0,0,0,0,0,0,0,0,0,0,0,0,0,0,0,0,0,0,0,0.1,0
4,,9591,Uqaz,city Riyadh Uqaz district_101,Resid.,Open,,,,,0,0,0,0,0,0,0,0,0,0,0,0,0,0,0,0,0,0,0,0,0,0,0.1,0
4,,9592,Uqaz,city Riyadh Uqaz district_102,Resid.,Open,,,,,0,0,0,0,0,0,0,0,0,0,0,0,0,0,0,0,0,0,0,0,0,0,0.1,0
4,,9593,Uqaz,city Riyadh Uqaz district_103,Resid.,Open,,,,,0,0,0,0,0,0,0,0,0,0,0,0,0,0,0,0,0,0,0,0,0,0,0.1,0
4,,9594,Uqaz,city Riyadh Uqaz district_104,Resid.,Open,,,,,0,0,0,0,0,0,0,0,0,0,0,0,0,0,0,0,0,0,0,0,0,0,0.1,0
4,,9595,Uqaz,city Riyadh Uqaz district_105,Resid.,Open,,,,,0,0,0,0,0,0,0,0,0,0,0,0,0,0,0,0,0,0,0,0,0,0,0.1,0
4,,9596,Uqaz,city Riyadh Uqaz district_106,Resid.,Open,,,,,0,0,0,0,0,0,0,0,0,0,0,0,0,0,0,0,0,0,0,0,0,0,0.1,0
4,,9598,Uqaz,city Riyadh Uqaz district_108,Resid.,Open,,,,,0,0,0,0,0,0,0,0,0,0,0,0,0,0,0,0,0,0,0,0,0,0,0.1,0
4,,9599,Uqaz,city Riyadh Uqaz district_109,Resid.,Open,,,,,0,0,0,0,0,0,0,0,0,0,0,0,0,0,0,0,0,0,0,0,0,0,0.1,0
4,,9600,Uqaz,city Riyadh Uqaz district_110,Resid.,Open,,,,,0,0,0,0,0,0,0,0,0,0,0,0,0,0,0,0,0,0,0,0,0,0,0.1,0
4,,9601,Uqaz,city Riyadh Uqaz district_111,Resid.,Open,,,,,0,0,0,0,0,0,0,0,0,0,0,0,0,0,0,0,0,0,0,0,0,0,0.1,0
4,,9602,Uqaz,city Riyadh Uqaz district_112,Resid.,Open,,,,,0,0,0,0,0,0,0,0,0,0,0,0,0,0,0,0,0,0,0,0,0,0,0.1,0
4,,9607,Uqaz,city Riyadh Uqaz district_117,Resid.,Open,,,,,0,0,0,0,0,0,0,0,0,0,0,0,0,0,0,0,0,0,0,0,0,0,0.1,0
4,,9612,Uqaz,city Riyadh Uqaz district_122,Resid.,Open,,,,,0,0,0,0,0,0,0,0,0,0,0,0,0,0,0,0,0,0,0,0,0,0,0.1,0
4,,9616,Uqaz,city Riyadh Uqaz district_126,Resid.,Open,,,,,0,0,0,0,0,0,0,0,0,0,0,0,0,0,0,0,0,0,0,0,0,0,0.1,0
4,,9618,Uqaz,city Riyadh Uqaz district_128,Mixed.,Open,,,,,0,0,0,0,0,0,0,1,0,0,0,0,1,0,0,1,2,0,0,2,0,0,0.1,0
4,,9619,Uqaz,city Riyadh Uqaz district_129,Resid.,Open,,,,,0,0,0,0,0,0,0,0,0,0,0,0,0,0,0,0,0,0,0,0,0,0,0.1,0
4,,9622,Uqaz,city Riyadh Uqaz district_132,Resid.,Open,,,,,0,0,0,0,0,0,0,0,0,0,0,0,0,0,0,0,0,0,0,0,0,0,0.1,0
4,,9623,Uqaz,city Riyadh Uqaz district_133,Resid.,Open,,,,,0,0,0,0,0,0,0,0,0,0,0,0,0,0,0,0,0,0,0,0,0,0,0.1,0
4,,9627,Uqaz,city Riyadh Uqaz district_137,Mixed.,Open,,,,,0,0,0,0,0,0,0,0,0,0,0,0,0,0,0,0,0,0,0,0,0,0,0.1,0
4,,9634,Uqaz,city Riyadh Uqaz district_150,Resid.,Open,,,,,0.01,0,0,0,0,0,0,3,0,0,0,0,3,1,1,1,2,0,1,1,0,-1,0.1,0
4,,9636,Uqaz,city Riyadh Uqaz district_152,Resid.,Open,,,,,0,0,0,0,0,0,0,0,0,0,0,0,0,0,0,0,0,0,0,0,0,0,0.1,0
4,,9637,Uqaz,city Riyadh Uqaz district_153,Resid.,Open,,,,,0,0,0,0,0,0,0,0,0,0,0,0,0,0,0,0,0,0,0,0,0,0,0.1,0
4,,9646,Uqaz,city Riyadh Uqaz district_559,Resid.,Open,,,,,0,0,0,0,0,0,0,0,0,0,0,0,0,0,0,0,0,0,0,0,0,0,0.1,0
4,,9647,Uqaz,city Riyadh Uqaz district_593,Resid.,Open,,,,,0,0,0,0,0,0,0,0,0,0,0,0,0,0,0,0,0,0,0,0,0,0,0.1,0
4,,9648,Uqaz,city Riyadh Uqaz district_597,Resid.,Open,,,,,0,0,0,0,0,0,0,0,0,0,0,0,0,0,0,0,0,0,0,0,0,0,0.1,0
4,,9650,Uqaz,city Riyadh Uqaz district_89,Resid.,Open,,,,,0,0,0,0,0,0,0,0,0,0,0,0,0,0,0,0,0,0,0,0,0,0,0.1,0
4,,9651,Uqaz,city Riyadh Uqaz district_90,Resid.,Open,,,,,0,0,0,0,0,0,0,0,0,0,0,0,0,0,0,0,0,0,0,0,0,0,0.1,0
4,,9652,Uqaz,city Riyadh Uqaz district_91,Resid.,Open,,,,,0,0,0,0,0,0,0,0,0,0,0,0,0,0,0,0,0,0,0,0,0,0,0.1,0
4,,9653,Uqaz,city Riyadh Uqaz district_92,Resid.,Open,,,,,0,0,0,0,0,0,0,0,0,0,0,0,0,0,0,0,0,0,0,0,0,0,0.1,0
4,,9655,Uqaz,city Riyadh Uqaz district_94,Resid.,Open,,,,,0,0,0,0,0,0,0,0,0,0,0,0,0,0,0,0,0,0,0,0,0,0,0.1,0
4,,9656,Uqaz,city Riyadh Uqaz district_95,Resid.,Open,,,,,0,0,0,0,0,0,0,0,0,0,0,0,0,0,0,0,0,0,0,0,0,0,0.1,0
4,,9657,Uqaz,city Riyadh Uqaz district_96,Resid.,Open,,,,,0,0,0,0,0,0,0,0,0,0,0,0,0,0,0,0,0,0,0,0,0,0,0.1,0
4,,9658,Uqaz,city Riyadh Uqaz district_97,Resid.,Open,,,,,0,0,0,0,0,0,0,0,0,0,0,0,0,0,0,0,0,0,0,0,0,0,0.1,0
4,,9659,Uqaz,city Riyadh Uqaz district_98,Resid.,Open,,,,,0,0,0,0,0,0,0,0,0,0,0,0,0,0,0,0,0,0,0,0,0,0,0.1,0
4,,9660,Uqaz,city Riyadh Uqaz district_99,Resid.,Open,,,,,0,0,0,0,0,0,0,0,0,0,0,0,0,0,0,0,0,0,0,0,0,0,0.1,0
4,,10178,Tuwaiq,RUH_Al Tawaq_14,Resid.,Open,,,,,0.01,0.01,0,0,0,0,0,3,0,0,0,0,3,1,1,1,3,1,1,1,0,-2,0.1,0
4,,10252,Tiba,Tiba district_514,Resid.,Open,,,,,0.01,0,0,0,0,0,0,5,0,0,0,0,5,1,1,3,4,0,1,3,0,-1,0.1,0
4,,10253,Tiba,Tiba district_515,Resid.,Open,,,,,0,0,0,0,0,0,0,0,0,0,0,0,0,0,0,0,0,0,0,0,0,0,0.1,0
4,,10255,Tiba,Tiba district_517,Resid.,Open,,,,,0.01,0,0,0,0,0,0,4,0,0,0,0,4,1,2,1,2,0,1,1,0,-1,0.1,0
4,,10260,Utayqah,Utayqah district_10000139,Resid.,Open,,,,,0.01,0.01,0,0,0,0,0,2,0,0,0,0,2,0,1,1,3,1,1,1,0,-2,0.1,0
4,,5472,Umm Hamam,city Riyadh Umm Hamam eastern district_7,Com,Closed,surveyor4,25-Feb,"February 13, 25","February 16, 25",0.41,0.17,0,0,0,0,0,110,83,22,14,47,27,0,27,0,108,1,34,73,0,22,0.08,YES
4,,6219,Al Haer,Al Haer district_527,Indust.,Open,,,,,0.06,0.04,1,0,0,0,0,26,0,0,0,0,26,0,23,3,11,1,8,2,0,-9,0.07,0
4,,6469,Al Masani,Al Masani district_432,Com,Open,,,,,0.02,0.01,0,0,0,0,0,3,0,0,0,0,3,1,1,1,4,2,1,1,0,-3,0.06,0
4,,6481,Al Masani,Al Masani district_5,Com,Open,,,,,0.02,0.01,0,0,0,0,0,3,0,0,0,0,3,1,1,1,4,2,1,1,0,-3,0.06,0
4,,8653,Badr,city Riyadh Badr district_509,Com,Open,,,,,0.02,0.01,0,0,0,0,0,4,0,0,0,0,4,1,1,2,5,2,1,2,0,-3,0.06,0
4,,8716,Dahiyah Namar,city Riyadh Dahiyat Namar district_2,Com,Open,,,,,0.02,0.01,0,0,0,0,0,3,0,0,0,0,3,0,3,0,3,2,1,0,0,-3,0.06,0
4,,6003,Al Dar Al Baida,Al Dar Al Baida district_354,Resid.,Open,,,,,0.03,0.02,0,0,0,0,1,1,0,0,0,0,1,0,1,0,4,3,1,0,0,-4,0.04,0
4,,6012,Al Dar Al Baida,Al Dar Al Baida district_363,Resid.,Open,,,,,0.06,0.04,0,0,0,0,1,8,0,0,0,0,8,1,7,0,10,6,4,0,0,-9,0.04,0
4,,6042,Al Dar Al Baida,Al Dar Al Baida district_399,Resid.,Open,,,,,0.03,0.02,0,0,0,0,1,9,0,0,0,0,9,0,9,0,4,3,1,0,0,-4,0.04,0
4,,6946,Al Yamamah,Al Yamamah district_10000162,Resid.,Open,,,,,0.04,0.03,0,0,0,0,1,4,0,0,0,0,4,1,2,1,8,4,2,2,0,-6,0.04,0
4,,7247,Al Hazm,city Riyadh Al Hazm district_165,Resid.,Open,,,,,0.03,0.02,0,0,0,0,1,1,0,0,0,0,1,0,1,0,4,3,1,0,0,-4,0.04,0
4,,7275,Al Hazm,city Riyadh Al Hazm district_193,Resid.,Open,,,,,0.04,0.03,0,0,0,0,1,9,0,0,0,0,9,1,7,1,7,4,2,1,0,-6,0.04,0
4,,7367,Al Janadriyah,city Riyadh Al Janadriyah district_2,Resid.,Open,,,,,0.03,0.02,0,0,0,0,1,2,0,0,0,0,2,0,2,0,4,3,1,0,0,-4,0.04,0
4,,7751,Al Nazim,city Riyadh Al Nazim district_991,Resid.,Open,,,,,0.06,0.04,0,0,0,0,1,11,0,0,0,0,11,1,9,1,9,5,3,1,0,-8,0.04,0
4,,8051,Al Rimayah,city Riyadh Al Rimayah district_923,Resid.,Open,,,,,0.08,0.05,0,0,0,0,1,11,0,0,0,0,11,0,3,8,12,3,1,8,0,-11,0.04,0
4,,8670,Badr,city Riyadh Badr district_526,Resid.,Open,,,,,0.03,0.02,0,0,0,0,1,1,0,0,0,0,1,0,1,0,4,3,1,0,0,-4,0.04,0
4,,8740,Dahiyah Namar,city Riyadh Dahiyat Namar district_9,Mixed.,Open,,,,,0.02,0.01,0,0,0,0,1,2,0,0,0,0,2,1,1,0,4,3,1,0,0,-3,0.04,0
4,,9501,Tuwaiq,city Riyadh Tuwaiq district_476,Resid.,Open,,,,,0.04,0.03,0,0,0,0,1,5,0,0,0,0,5,1,3,1,7,4,2,1,0,-6,0.04,0
4,,9576,Tuwaiq,city Riyadh Tuwaiq district_596,Resid.,Open,,,,,0.03,0.02,0,0,0,0,1,3,0,0,0,0,3,0,1,2,5,3,1,1,0,-4,0.04,0
4,,9583,Tuwaiq,city Riyadh Tuwaiq district_603,Resid.,Open,,,,,0.06,0.04,0,0,0,0,1,7,0,0,0,0,7,3,3,1,13,6,4,3,0,-8,0.04,0
4,,10077,Manfuha Al Jadidah,Manfuha Al Jadidah district_10000253,Resid.,Open,,,,,0.06,0.04,0,0,0,0,1,5,0,0,0,0,5,1,3,1,10,5,3,2,0,-8,0.04,0
4,,10202,Siyah,Siyah district_10000098,Resid.,Open,,,,,0.14,0.1,0,0,0,0,1,15,0,0,0,0,15,2,8,5,29,17,3,9,0,-20,0.03,0
4,,10204,Siyah,Siyah district_10000100,Mixed.,Open,,,,,0.05,0.03,0,0,0,0,1,3,0,0,0,0,3,0,1,2,9,6,1,2,0,-7,0.03,0
4,,5965,Al Bariyah,Al Bariyah district_177,Indust.,Open,,,,,0.11,0.07,0,0,0,0,1,7,0,0,0,0,7,0,6,1,15,13,1,1,0,-15,0.03,0
4,,5968,Al Dar Al Baida,Al Dar Al Baida district_185,Mixed.,Open,,,,,0.08,0.05,0,0,0,0,1,9,0,0,0,0,9,1,7,1,12,7,4,1,0,-11,0.03,0
4,,5989,Al Dar Al Baida,Al Dar Al Baida district_340,Resid.,Open,,,,,0.05,0.03,0,0,0,0,1,7,0,0,0,0,7,2,3,2,10,6,2,2,0,-7,0.03,0
4,,5996,Al Dar Al Baida,Al Dar Al Baida district_347,Resid.,Open,,,,,0.09,0.06,0,0,0,0,1,8,0,0,0,0,8,0,7,1,13,9,3,1,0,-13,0.03,0
4,,6002,Al Dar Al Baida,Al Dar Al Baida district_353,Resid.,Open,,,,,0.09,0.06,0,0,0,0,1,5,0,0,0,0,5,0,5,0,12,9,3,0,0,-12,0.03,0
4,,6015,Al Dar Al Baida,Al Dar Al Baida district_366,Resid.,Open,,,,,0.11,0.07,0,0,0,0,1,18,0,0,0,0,18,2,14,2,17,9,6,2,0,-15,0.03,0
4,,6016,Al Dar Al Baida,Al Dar Al Baida district_367,Resid.,Open,,,,,0.07,0.05,0,0,0,0,1,7,0,0,0,0,7,0,7,0,11,9,1,1,0,-10,0.03,0
4,,6049,Al Dar Al Baida,Al Dar Al Baida district_406,Resid.,Open,,,,,0.07,0.05,0,0,0,0,1,4,0,0,0,0,4,0,4,0,10,7,3,0,0,-10,0.03,0
4,,6051,Al Dar Al Baida,Al Dar Al Baida district_408,Mixed.,Open,,,,,0.2,0.13,0,0,0,0,1,8,0,0,0,0,8,0,8,0,28,26,2,0,0,-28,0.03,0
4,,6055,Al Dar Al Baida,Al Dar Al Baida district_412,Resid.,Open,,,,,0.06,0.04,0,0,0,0,1,2,0,0,0,0,2,0,2,0,8,6,2,0,0,-8,0.03,0
4,,6058,Al Dar Al Baida,Al Dar Al Baida district_415,Resid.,Open,,,,,0.1,0.07,0,0,0,0,1,6,0,0,0,0,6,1,4,1,15,11,3,1,0,-14,0.03,0
4,,6080,Al Dar Al Baida,Al Dar Al Baida district_490,Resid.,Open,,,,,0.07,0.05,0,0,0,0,1,3,0,0,0,0,3,0,3,0,11,9,2,0,0,-10,0.03,0
4,,6086,Al Dar Al Baida,Al Dar Al Baida district_496,Resid.,Open,,,,,0.17,0.11,0,0,0,0,1,10,0,0,0,0,10,0,8,2,27,21,3,3,0,-24,0.03,0
4,,4666,Al Dhubbat,Al Dhubbat district_10000549,Resid.,Open,,,,,0.16,0.11,0,0,0,0,1,12,0,0,0,0,12,0,5,7,30,17,2,11,0,-23,0.03,0
4,,4667,Al Dhubbat,Al Dhubbat district_10000550,Resid.,Open,,,,,0.19,0.13,0,0,0,0,1,2,0,0,0,0,2,0,1,1,37,26,1,10,0,-27,0.03,YES
4,,6111,Al Duraihemiyah,Al Duraihemiyah district_10000124,Resid.,Open,,,,,0.12,0.08,0,0,0,0,1,11,0,0,0,0,11,0,11,0,25,12,5,8,0,-17,0.03,0
4,,6113,Al Duraihemiyah,Al Duraihemiyah district_10000126,Resid.,Open,,,,,0.09,0.06,0,0,0,0,1,14,0,0,0,0,14,1,8,5,18,8,4,6,0,-12,0.03,0
4,,6115,Al Duraihemiyah,Al Duraihemiyah district_10000128,Resid.,Open,,,,,0.08,0.05,0,0,0,0,1,4,0,0,0,0,4,1,2,1,14,9,2,3,0,-11,0.03,YES
4,,6192,Al Haer,Al Haer district_260,Resid.,Open,,,,,0.11,0.07,0,0,0,0,1,9,0,0,0,0,9,0,7,2,17,12,2,3,0,-15,0.03,0
4,,6224,Al Iskan,Al Iskan district_111,Resid.,Open,,,,,0.09,0.06,0,0,0,0,1,4,0,0,0,0,4,0,4,0,14,9,4,1,0,-13,0.03,0
4,,6228,Al Iskan,Al Iskan district_115,Resid.,Open,,,,,0.08,0.05,0,0,0,0,1,5,0,0,0,0,5,0,5,0,11,7,4,0,0,-11,0.03,0
4,,6235,Al Jarradiyah,Al Jarradiyah district_10000074,Resid.,Open,,,,,0.05,0.03,0,0,0,0,1,4,0,0,0,0,4,0,3,1,8,5,1,2,0,-7,0.03,0
4,,6236,Al Jarradiyah,Al Jarradiyah district_10000075,Mixed.,Open,,,,,0.09,0.06,0,0,0,0,1,14,0,0,0,0,14,4,6,4,20,9,6,5,0,-13,0.03,YES
4,,6240,Al Jarradiyah,Al Jarradiyah district_10000079,Resid.,Open,,,,,0.08,0.05,0,0,0,0,1,4,0,0,0,0,4,1,2,1,12,9,2,1,0,-11,0.03,0
4,,6241,Al Jarradiyah,Al Jarradiyah district_10000080,Resid.,Open,,,,,0.04,0.03,0,0,0,0,1,3,0,0,0,0,3,0,3,0,6,5,1,0,0,-6,0.03,YES
4,,6346,Al Manakh,Al Manakh district_101,Mixed.,Open,,,,,0.21,0.14,0,0,0,0,1,10,0,0,0,0,10,0,7,3,32,24,3,5,0,-30,0.03,0
4,,6347,Al Manakh,Al Manakh district_102,Mixed.,Open,,,,,0.11,0.08,0,0,0,0,1,10,0,0,0,0,10,1,7,2,18,12,3,3,0,-16,0.03,0
4,,6355,Al Manakh,Al Manakh district_153,Mixed.,Open,,,,,0.37,0.25,0,0,0,0,1,14,0,0,0,0,14,1,9,4,56,46,3,7,0,-52,0.03,0
4,,6360,Al Manakh,Al Manakh district_90,Resid.,Open,,,,,0.28,0.19,0,0,0,0,1,21,0,0,0,0,21,3,14,4,43,30,9,4,0,-39,0.03,0
4,,6408,Al Mansurah,Al Mansurah district_10000420,Mixed.,Open,,,,,0.16,0.11,0,0,0,0,1,13,0,0,0,0,13,2,7,4,28,17,5,6,0,-23,0.03,YES
4,,6410,Al Mansurah,Al Mansurah district_10000422,Resid.,Open,,,,,0.16,0.1,0,0,0,0,1,4,0,0,0,0,4,0,4,0,29,18,4,7,0,-22,0.03,0
4,,6416,Al Mansurah,Al Mansurah district_10000428,Resid.,Open,,,,,0.31,0.21,0,0,0,0,1,10,1,0,1,0,9,0,5,4,57,40,2,15,0,-43,0.03,0
4,,6446,Al Masani,Al Masani district_30,Mixed.,Open,,,,,0.08,0.05,0,0,0,0,1,8,0,0,0,0,8,1,3,4,14,6,3,5,0,-11,0.03,0
4,,6452,Al Masani,Al Masani district_335,Indust.,Open,,,,,0.07,0.05,0,0,0,0,1,6,0,0,0,0,6,0,4,2,10,7,1,2,0,-10,0.03,0
4,,6456,Al Masani,Al Masani district_34,Resid.,Open,,,,,0.04,0.02,0,0,0,0,1,1,0,0,0,0,1,0,1,0,5,4,1,0,0,-5,0.03,0
4,,6461,Al Masani,Al Masani district_39,Mixed.,Open,,,,,0.08,0.05,0,0,0,0,1,1,0,0,0,0,1,0,1,0,12,10,1,1,0,-11,0.03,0
4,,6940,Al Yamamah,Al Yamamah district_10000156,Resid.,Open,,,,,0.16,0.1,0,0,0,0,1,6,0,0,0,0,6,0,5,1,26,17,4,5,0,-22,0.03,0
4,,6944,Al Yamamah,Al Yamamah district_10000160,Resid.,Open,,,,,0.16,0.11,0,0,0,0,1,4,0,0,0,0,4,1,2,1,27,21,2,4,0,-23,0.03,0
4,,6945,Al Yamamah,Al Yamamah district_10000161,Resid.,Open,,,,,0.14,0.1,0,0,0,0,1,5,0,0,0,0,5,1,2,2,26,17,2,7,0,-20,0.03,0
4,,6947,Al Yamamah,Al Yamamah district_10000163,Resid.,Open,,,,,0.09,0.06,0,0,0,0,1,1,0,0,0,0,1,0,1,0,13,11,1,1,0,-12,0.03,0
4,,6949,Al Yamamah,Al Yamamah district_10000165,Resid.,Open,,,,,0.17,0.11,0,0,0,0,1,12,0,0,0,0,12,1,10,1,28,19,5,4,0,-24,0.03,0
4,,6959,Al Yamamah,Al Yamamah district_10000175,Resid.,Open,,,,,0.29,0.2,0,0,0,0,1,12,0,0,0,0,12,0,9,3,49,35,3,11,0,-41,0.03,0
4,,6965,Al Yamamah,Al Yamamah district_10000181,Resid.,Open,,,,,0.31,0.2,0,0,0,0,1,6,0,0,0,0,6,1,2,3,53,41,2,10,0,-43,0.03,0
4,,6969,Al Yamamah,Al Yamamah district_10000185,Mixed.,Open,,,,,0.07,0.05,0,0,0,0,1,12,0,0,0,0,12,0,10,2,17,6,3,8,0,-10,0.03,0
4,,7185,Al Bayan,city Riyadh Al Bayan district_352,Mixed.,Open,,,,,0.05,0.03,0,0,0,0,1,5,0,0,0,0,5,0,5,0,8,6,1,1,0,-7,0.03,0
4,,7186,Al Bayan,city Riyadh Al Bayan district_353,Resid.,Open,,,,,0.1,0.07,0,0,0,0,1,5,0,0,0,0,5,1,3,1,17,13,2,2,0,-14,0.03,0
4,,7187,Al Bayan,city Riyadh Al Bayan district_354,Resid.,Open,,,,,0.1,0.07,0,0,0,0,1,7,0,0,0,0,7,1,6,0,15,12,3,0,0,-14,0.03,0
4,,7245,Al Hazm,city Riyadh Al Hazm district_163,Resid.,Open,,,,,0.09,0.06,0,0,0,0,1,6,0,0,0,0,6,1,2,3,14,9,2,3,0,-13,0.03,0
4,,7262,Al Hazm,city Riyadh Al Hazm district_180,Resid.,Open,,,,,0.11,0.08,0,0,0,0,1,10,0,0,0,0,10,1,8,1,17,14,2,1,0,-16,0.03,0
4,,7274,Al Hazm,city Riyadh Al Hazm district_192,Mixed.,Open,,,,,0.16,0.11,0,0,0,0,1,6,0,0,0,0,6,0,6,0,26,22,1,3,0,-23,0.03,YES
4,,7287,Al Hazm,city Riyadh Al Hazm district_205,Mixed.,Open,,,,,0.24,0.16,0,0,0,0,1,1,0,0,0,0,1,0,1,0,33,32,1,0,0,-33,0.03,YES
4,,7324,Al Janadriyah,city Riyadh Al Janadriyah district_157,Resid.,Open,,,,,0.06,0.04,0,0,0,0,1,6,0,0,0,0,6,0,6,0,8,7,1,0,0,-8,0.03,0
4,,7326,Al Janadriyah,city Riyadh Al Janadriyah district_159,Resid.,Open,,,,,0.2,0.13,0,0,0,0,1,1,0,0,0,0,1,0,1,0,28,27,1,0,0,-28,0.03,0
4,,7349,Al Janadriyah,city Riyadh Al Janadriyah district_182,Resid.,Open,,,,,0.11,0.08,0,0,0,0,1,3,0,0,0,0,3,0,2,1,17,15,1,1,0,-16,0.03,0
4,,7354,Al Janadriyah,city Riyadh Al Janadriyah district_187,Resid.,Open,,,,,0.04,0.02,0,0,0,0,1,3,0,0,0,0,3,0,2,1,6,4,1,1,0,-5,0.03,0
4,,7399,Al Janadriyah,city Riyadh Al Janadriyah district_239,Mixed.,Open,,,,,0.05,0.03,0,0,0,0,1,6,0,0,0,0,6,0,6,0,8,6,1,1,0,-7,0.03,0
4,,7400,Al Janadriyah,city Riyadh Al Janadriyah district_240,Resid.,Open,,,,,0.05,0.03,0,0,0,0,1,4,0,0,0,0,4,0,4,0,16,6,1,9,0,-7,0.03,0
4,,7428,Al Janadriyah,city Riyadh Al Janadriyah district_510,Resid.,Open,,,,,0.09,0.06,0,0,0,0,1,9,0,0,0,0,9,1,7,1,15,11,2,2,0,-13,0.03,0
4,,7455,Al Jazeera,city Riyadh Al Jazeera district_335,Resid.,Open,,,,,0.06,0.04,0,0,0,0,1,1,0,0,0,0,1,0,1,0,8,7,1,0,0,-8,0.03,0
4,,7456,Al Jazeera,city Riyadh Al Jazeera district_336,Mixed.,Open,,,,,0.11,0.07,0,0,0,0,1,8,0,0,0,0,8,0,8,0,15,9,6,0,0,-15,0.03,0
4,,7457,Al Jazeera,city Riyadh Al Jazeera district_337,Mixed.,Open,,,,,0.11,0.08,0,0,0,0,1,12,0,0,0,0,12,3,4,5,24,12,4,8,0,-16,0.03,0
4,,7479,Al Jazeera,city Riyadh Al Jazeera district_359,Mixed.,Open,,,,,0.32,0.21,0,0,0,0,1,3,0,0,0,0,3,0,1,2,47,42,1,4,0,-45,0.03,0
4,,7482,Al Jazeera,city Riyadh Al Jazeera district_362,Mixed.,Open,,,,,0.21,0.14,0,0,0,0,1,11,0,0,0,0,11,0,1,10,31,20,1,10,0,-29,0.03,0
4,,7486,Al Jazeera,city Riyadh Al Jazeera district_565,Mixed.,Open,,,,,0.28,0.19,0,0,0,0,1,6,0,0,0,0,6,1,3,2,49,36,3,10,0,-39,0.03,YES
4,,7569,Al Marwah,city Riyadh Al Marwah district_272,Resid.,Open,,,,,0.11,0.08,0,0,0,0,1,5,0,0,0,0,5,2,2,1,19,15,2,2,0,-16,0.03,0
4,,7627,Al Mishael,city Riyadh Al Mishael district_605,Mixed.,Open,,,,,0.16,0.11,0,0,0,0,1,10,0,0,0,0,10,0,10,0,26,18,5,3,0,-23,0.03,0
4,,7650,Al Nadwah,city Riyadh Al Nadwah district_960,Resid.,Open,,,,,0.08,0.05,0,0,0,0,1,2,0,0,0,0,2,0,2,0,11,9,2,0,0,-11,0.03,0
4,,7658,Al Nadwah,city Riyadh Al Nadwah district_968,Mixed.,Open,,,,,0.21,0.14,0,0,0,0,1,12,0,0,0,0,12,1,10,1,31,25,5,1,0,-30,0.03,0
4,,7661,Al Nadwah,city Riyadh Al Nadwah district_971,Mixed.,Open,,,,,0.14,0.09,0,0,0,0,1,10,0,0,0,0,10,2,6,2,21,14,5,2,0,-19,0.03,0
4,,7662,Al Nadwah,city Riyadh Al Nadwah district_972,Resid.,Open,,,,,0.05,0.03,0,0,0,0,1,9,0,0,0,0,9,0,9,0,7,5,2,0,0,-7,0.03,0
4,,7668,Al Nadwah,city Riyadh Al Nadwah district_978,Resid.,Open,,,,,0.07,0.05,0,0,0,0,1,2,0,0,0,0,2,0,2,0,10,9,1,0,0,-10,0.03,0
4,,7679,Al Nazim,city Riyadh Al Nazim district_1005,Mixed.,Open,,,,,0.16,0.1,0,0,0,0,1,5,0,0,0,0,5,0,4,1,22,18,3,1,0,-22,0.03,0
4,,7684,Al Nazim,city Riyadh Al Nazim district_1010,Resid.,Open,,,,,0.11,0.07,0,0,0,0,1,13,0,0,0,0,13,1,11,1,16,11,4,1,0,-15,0.03,0
4,,7690,Al Nazim,city Riyadh Al Nazim district_1016,Mixed.,Open,,,,,0.14,0.09,0,0,0,0,1,11,0,0,0,0,11,0,9,2,19,13,4,2,0,-19,0.03,0
4,,7691,Al Nazim,city Riyadh Al Nazim district_1017,Mixed.,Open,,,,,0.18,0.12,0,0,0,0,1,7,0,0,0,0,7,0,4,3,25,21,1,3,0,-25,0.03,0
4,,7692,Al Nazim,city Riyadh Al Nazim district_1018,Mixed.,Open,,,,,0.1,0.07,0,0,0,0,1,10,0,0,0,0,10,0,10,0,14,11,3,0,0,-14,0.03,0
4,,7694,Al Nazim,city Riyadh Al Nazim district_1020,Resid.,Open,,,,,0.17,0.11,0,0,0,0,1,7,0,0,0,0,7,0,5,2,25,19,3,3,0,-24,0.03,0
4,,7706,Al Nazim,city Riyadh Al Nazim district_1032,Mixed.,Open,,,,,0.11,0.08,0,0,0,0,1,2,0,0,0,0,2,1,1,0,17,16,1,0,0,-16,0.03,0
4,,7748,Al Nazim,city Riyadh Al Nazim district_988,Resid.,Open,,,,,0.17,0.11,0,0,0,0,1,22,0,0,0,0,22,2,16,4,28,19,4,5,0,-24,0.03,0
4,,7749,Al Nazim,city Riyadh Al Nazim district_989,Resid.,Open,,,,,0.26,0.17,0,0,0,0,1,25,0,0,0,0,25,0,23,2,40,26,9,5,0,-36,0.03,0
4,,7757,Al Nazim,city Riyadh Al Nazim district_997,Resid.,Open,,,,,0.11,0.07,0,0,0,0,1,7,0,0,0,0,7,2,3,2,20,14,2,4,0,-15,0.03,0
4,,5425,Al Shohda,city Riyadh Al Shohda district_1398,Resid.,Open,,,,,0.06,0.04,0,0,0,0,1,5,0,0,0,0,5,0,3,2,13,8,1,4,0,-9,0.03,YES
4,,8503,Badr,city Riyadh Badr district_358,Mixed.,Open,,,,,0.12,0.08,0,0,0,0,1,2,0,0,0,0,2,1,1,0,22,17,1,4,0,-17,0.03,0
4,,8504,Badr,city Riyadh Badr district_359,Resid.,Open,,,,,0.08,0.05,0,0,0,0,1,11,0,0,0,0,11,1,8,2,15,8,3,4,0,-11,0.03,0
4,,8507,Badr,city Riyadh Badr district_362,Mixed.,Open,,,,,0.11,0.07,0,0,0,0,1,2,0,0,0,0,2,0,1,1,17,14,1,2,0,-15,0.03,0
4,,8509,Badr,city Riyadh Badr district_364,Resid.,Open,,,,,0.06,0.04,0,0,0,0,1,3,0,0,0,0,3,1,1,1,10,8,1,1,0,-9,0.03,0
4,,8511,Badr,city Riyadh Badr district_366,Resid.,Open,,,,,0.04,0.03,0,0,0,0,1,2,0,0,0,0,2,0,1,1,7,4,1,2,0,-6,0.03,0
4,,8516,Badr,city Riyadh Badr district_371,Resid.,Open,,,,,0.24,0.16,0,0,0,0,1,14,0,0,0,0,14,1,10,3,39,29,3,7,0,-34,0.03,0
4,,8519,Badr,city Riyadh Badr district_374,Resid.,Open,,,,,0.14,0.09,0,0,0,0,1,6,0,0,0,0,6,1,3,2,21,17,2,2,0,-19,0.03,0
4,,8523,Badr,city Riyadh Badr district_378,Resid.,Open,,,,,0.15,0.1,0,0,0,0,1,6,0,0,0,0,6,1,4,1,25,18,3,4,0,-21,0.03,0
4,,8524,Badr,city Riyadh Badr district_379,Mixed.,Open,,,,,0.26,0.18,0,0,0,0,1,7,0,0,0,0,7,0,7,0,39,36,1,2,0,-37,0.03,0
4,,8531,Badr,city Riyadh Badr district_386,Mixed.,Open,,,,,0.21,0.14,0,0,0,0,1,10,0,0,0,0,10,1,6,3,36,24,4,8,0,-30,0.03,0
4,,8550,Badr,city Riyadh Badr district_405,Resid.,Open,,,,,0.08,0.05,0,0,0,0,1,1,0,0,0,0,1,0,1,0,11,10,1,0,0,-11,0.03,0
4,,8554,Badr,city Riyadh Badr district_409,Resid.,Open,,,,,0.07,0.05,0,0,0,0,1,12,0,0,0,0,12,1,10,1,12,7,3,2,0,-10,0.03,0
4,,8561,Badr,city Riyadh Badr district_416,Resid.,Open,,,,,0.19,0.12,0,0,0,0,1,5,0,0,0,0,5,1,3,1,31,23,3,5,0,-26,0.03,0
4,,8563,Badr,city Riyadh Badr district_418,Resid.,Open,,,,,0.33,0.22,0,0,0,0,1,6,0,0,0,0,6,0,2,4,47,40,2,5,0,-46,0.03,0
4,,8567,Badr,city Riyadh Badr district_422,Resid.,Open,,,,,0.23,0.15,0,0,0,0,1,4,0,0,0,0,4,1,2,1,35,30,2,3,0,-32,0.03,0
4,,8572,Badr,city Riyadh Badr district_427,Resid.,Open,,,,,0.12,0.08,0,0,0,0,1,1,0,0,0,0,1,0,1,0,21,16,1,4,0,-17,0.03,0
4,,8574,Badr,city Riyadh Badr district_429,Mixed.,Open,,,,,0.22,0.15,0,0,0,0,1,7,0,0,0,0,7,1,3,3,35,27,3,5,0,-31,0.03,0
4,,8575,Badr,city Riyadh Badr district_430,Resid.,Open,,,,,0.07,0.05,0,0,0,0,1,1,0,0,0,0,1,0,1,0,10,9,1,0,0,-10,0.03,0
4,,8579,Badr,city Riyadh Badr district_434,Resid.,Open,,,,,0.09,0.06,0,0,0,0,1,7,0,0,0,0,7,0,7,0,13,11,1,1,0,-12,0.03,0
4,,8582,Badr,city Riyadh Badr district_437,Mixed.,Open,,,,,0.31,0.21,0,0,0,0,1,5,0,0,0,0,5,0,3,2,46,42,1,3,0,-44,0.03,0
4,,8589,Badr,city Riyadh Badr district_445,Resid.,Open,,,,,0.07,0.05,0,0,0,0,1,4,0,0,0,0,4,1,2,1,13,8,2,3,0,-10,0.03,0
4,,8602,Badr,city Riyadh Badr district_458,Resid.,Open,,,,,0.16,0.11,0,0,0,0,1,2,0,0,0,0,2,0,1,1,25,21,1,3,0,-23,0.03,0
4,,8605,Badr,city Riyadh Badr district_461,Resid.,Open,,,,,0.14,0.09,0,0,0,0,1,7,0,0,0,0,7,1,4,2,22,16,3,3,0,-19,0.03,0
4,,8607,Badr,city Riyadh Badr district_463,Resid.,Open,,,,,0.12,0.08,0,0,0,0,1,4,0,0,0,0,4,1,2,1,18,15,2,1,0,-17,0.03,0
4,,8608,Badr,city Riyadh Badr district_464,Resid.,Open,,,,,0.06,0.04,0,0,0,0,1,10,0,0,0,0,10,1,8,1,10,7,2,1,0,-9,0.03,0
4,,8657,Badr,city Riyadh Badr district_513,Resid.,Open,,,,,0.04,0.03,0,0,0,0,1,1,0,0,0,0,1,0,1,0,6,5,1,0,0,-6,0.03,0
4,,8696,Badr,city Riyadh Badr district_579,Resid.,Open,,,,,0.04,0.02,0,0,0,0,1,1,0,0,0,0,1,0,1,0,5,4,1,0,0,-5,0.03,0
4,,9219,Muayzilah,city Riyadh Muayzilah district_134,Mixed.,Open,,,,,0.06,0.04,0,0,0,0,1,5,0,0,0,0,5,0,2,3,11,7,1,3,0,-8,0.03,0
4,,9227,Muayzilah,city Riyadh Muayzilah district_142,Mixed.,Open,,,,,0.11,0.07,0,0,0,0,1,3,0,0,0,0,3,0,2,1,17,14,1,2,0,-15,0.03,0
4,,9232,Muayzilah,city Riyadh Muayzilah district_147,Resid.,Open,,,,,0.06,0.04,0,0,0,0,1,7,0,0,0,0,7,0,7,0,10,8,1,1,0,-9,0.03,0
4,,9364,Shobra,city Riyadh Shobra district_103,Resid.,Open,,,,,0.19,0.13,0,0,0,0,1,17,0,0,0,0,17,0,16,1,31,21,5,5,0,-27,0.03,0
4,,9374,Shobra,city Riyadh Shobra district_113,Resid.,Open,,,,,0.1,0.07,0,0,0,0,1,4,0,0,0,0,4,1,2,1,16,12,2,2,0,-14,0.03,0
4,,9378,Shobra,city Riyadh Shobra district_117,Resid.,Open,,,,,0.18,0.12,0,0,0,0,1,12,0,0,0,0,12,0,10,2,28,17,6,5,0,-25,0.03,YES
4,,9379,Shobra,city Riyadh Shobra district_118,Resid.,Open,,,,,0.07,0.05,0,0,0,0,1,4,0,0,0,0,4,0,4,0,10,8,2,0,0,-10,0.03,0
4,,9383,Shobra,city Riyadh Shobra district_122,Resid.,Open,,,,,0.12,0.08,0,0,0,0,1,14,0,0,0,0,14,0,12,2,23,11,6,6,0,-17,0.03,0
4,,9390,Shobra,city Riyadh Shobra district_83,Resid.,Open,,,,,0.14,0.1,0,0,0,0,1,8,0,0,0,0,8,1,6,1,28,18,2,8,0,-20,0.03,0
4,,9403,Shobra,city Riyadh Shobra district_96,Resid.,Open,,,,,0.16,0.11,0,0,0,0,1,16,0,0,0,0,16,1,14,1,27,18,5,4,0,-23,0.03,0
4,,9408,Tuwaiq,city Riyadh Tuwaiq district_1605,Resid.,Open,,,,,0.04,0.02,0,0,0,0,1,1,0,0,0,0,1,0,1,0,5,4,1,0,0,-5,0.03,0
4,,9418,Tuwaiq,city Riyadh Tuwaiq district_393,Resid.,Open,,,,,0.06,0.04,0,0,0,0,1,7,0,0,0,0,7,1,5,1,9,6,2,1,0,-8,0.03,0
4,,9421,Tuwaiq,city Riyadh Tuwaiq district_396,Mixed.,Open,,,,,0.2,0.13,0,0,0,0,1,6,0,0,0,0,6,0,5,1,29,26,2,1,0,-28,0.03,0
4,,9423,Tuwaiq,city Riyadh Tuwaiq district_398,Resid.,Open,,,,,0.16,0.11,0,0,0,0,1,4,0,0,0,0,4,0,4,0,25,22,1,2,0,-23,0.03,0
4,,9430,Tuwaiq,city Riyadh Tuwaiq district_405,Resid.,Open,,,,,0.06,0.04,0,0,0,0,1,5,0,0,0,0,5,1,3,1,11,6,2,3,0,-8,0.03,0
4,,9436,Tuwaiq,city Riyadh Tuwaiq district_411,Resid.,Open,,,,,0.06,0.04,0,0,0,0,1,1,0,0,0,0,1,0,1,0,9,7,1,1,0,-8,0.03,0
4,,9437,Tuwaiq,city Riyadh Tuwaiq district_412,Resid.,Open,,,,,0.06,0.04,0,0,0,0,1,4,0,0,0,0,4,2,1,1,12,8,2,2,0,-9,0.03,0
4,,9440,Tuwaiq,city Riyadh Tuwaiq district_415,Resid.,Open,,,,,0.38,0.25,0,0,0,0,1,10,0,0,0,0,10,0,10,0,54,50,3,1,0,-53,0.03,0
4,,9455,Tuwaiq,city Riyadh Tuwaiq district_430,Resid.,Open,,,,,0.24,0.16,0,0,0,0,1,6,0,0,0,0,6,0,5,1,40,32,1,7,0,-33,0.03,0
4,,9466,Tuwaiq,city Riyadh Tuwaiq district_441,Resid.,Open,,,,,0.09,0.06,0,0,0,0,1,7,0,0,0,0,7,0,5,2,15,11,2,2,0,-13,0.03,0
4,,9469,Tuwaiq,city Riyadh Tuwaiq district_444,Mixed.,Open,,,,,0.07,0.05,0,0,0,0,1,3,0,0,0,0,3,0,3,0,13,9,1,3,0,-10,0.03,0
4,,9470,Tuwaiq,city Riyadh Tuwaiq district_445,Resid.,Open,,,,,0.04,0.03,0,0,0,0,1,6,0,0,0,0,6,0,6,0,6,5,1,0,0,-6,0.03,0
4,,9492,Tuwaiq,city Riyadh Tuwaiq district_467,Resid.,Open,,,,,0.05,0.03,0,0,0,0,1,8,0,0,0,0,8,0,8,0,8,6,1,1,0,-7,0.03,0
4,,9495,Tuwaiq,city Riyadh Tuwaiq district_470,Mixed.,Open,,,,,0.06,0.04,0,0,0,0,1,6,0,0,0,0,6,0,6,0,8,7,1,0,0,-8,0.03,0
4,,9513,Tuwaiq,city Riyadh Tuwaiq district_488,Resid.,Open,,,,,0.04,0.03,0,0,0,0,1,8,0,0,0,0,8,0,8,0,8,5,1,2,0,-6,0.03,0
4,,9515,Tuwaiq,city Riyadh Tuwaiq district_490,Resid.,Open,,,,,0.12,0.08,0,0,0,0,1,3,0,0,0,0,3,0,3,0,18,16,1,1,0,-17,0.03,0
4,,9518,Tuwaiq,city Riyadh Tuwaiq district_493,Resid.,Open,,,,,0.07,0.05,0,0,0,0,1,6,0,0,0,0,6,1,2,3,11,6,2,3,0,-10,0.03,0
4,,9524,Tuwaiq,city Riyadh Tuwaiq district_499,Resid.,Open,,,,,0.06,0.04,0,0,0,0,1,1,0,0,0,0,1,0,1,0,8,7,1,0,0,-8,0.03,0
4,,9538,Tuwaiq,city Riyadh Tuwaiq district_513,Resid.,Open,,,,,0.08,0.05,0,0,0,0,1,1,0,0,0,0,1,0,1,0,11,10,1,0,0,-11,0.03,0
4,,9543,Tuwaiq,city Riyadh Tuwaiq district_518,Resid.,Open,,,,,0.14,0.1,0,0,0,0,1,1,0,0,0,0,1,0,1,0,21,19,1,1,0,-20,0.03,0
4,,9546,Tuwaiq,city Riyadh Tuwaiq district_521,Resid.,Open,,,,,0.06,0.04,0,0,0,0,1,5,0,0,0,0,5,0,5,0,10,6,3,1,0,-9,0.03,0
4,,9549,Tuwaiq,city Riyadh Tuwaiq district_527,Mixed.,Open,,,,,0.04,0.03,0,0,0,0,1,1,0,0,0,0,1,0,1,0,6,5,1,0,0,-6,0.03,0
4,,9556,Tuwaiq,city Riyadh Tuwaiq district_556,Mixed.,Open,,,,,0.07,0.05,0,0,0,0,1,1,0,0,0,0,1,0,1,0,11,9,1,1,0,-10,0.03,0
4,,9557,Tuwaiq,city Riyadh Tuwaiq district_558,Mixed.,Open,,,,,0.12,0.08,0,0,0,0,1,2,0,0,0,0,2,0,1,1,18,15,1,2,0,-17,0.03,0
4,,9568,Tuwaiq,city Riyadh Tuwaiq district_588,Resid.,Open,,,,,0.14,0.09,0,0,0,0,1,2,0,0,0,0,2,0,2,0,20,17,2,1,0,-19,0.03,0
4,,9571,Tuwaiq,city Riyadh Tuwaiq district_591,Resid.,Open,,,,,0.06,0.04,0,0,0,0,1,2,0,0,0,0,2,0,2,0,10,7,2,1,0,-9,0.03,0
4,,9573,Tuwaiq,city Riyadh Tuwaiq district_593,Resid.,Open,,,,,0.07,0.05,0,0,0,0,1,2,0,0,0,0,2,0,1,1,10,8,1,1,0,-10,0.03,0
4,,9575,Tuwaiq,city Riyadh Tuwaiq district_595,Resid.,Open,,,,,0.04,0.03,0,0,0,0,1,1,0,0,0,0,1,0,1,0,6,5,1,0,0,-6,0.03,0
4,,9578,Tuwaiq,city Riyadh Tuwaiq district_598,Resid.,Open,,,,,0.04,0.02,0,0,0,0,1,2,0,0,0,0,2,0,1,1,6,4,1,1,0,-5,0.03,0
4,,9579,Tuwaiq,city Riyadh Tuwaiq district_599,Resid.,Open,,,,,0.06,0.04,0,0,0,0,1,4,0,0,0,0,4,0,2,2,9,5,2,2,0,-9,0.03,0
4,,9580,Tuwaiq,city Riyadh Tuwaiq district_600,Resid.,Open,,,,,0.08,0.05,0,0,0,0,1,3,0,0,0,0,3,0,3,0,11,9,2,0,0,-11,0.03,0
4,,9581,Tuwaiq,city Riyadh Tuwaiq district_601,Resid.,Open,,,,,0.06,0.04,0,0,0,0,1,1,0,0,0,0,1,0,1,0,9,8,1,0,0,-9,0.03,0
4,,9585,Tuwaiq,city Riyadh Tuwaiq district_645,Resid.,Open,,,,,0.09,0.06,0,0,0,0,1,7,0,0,0,0,7,1,5,1,14,10,2,2,0,-12,0.03,0
4,,9643,Uqaz,city Riyadh Uqaz district_159,Mixed.,Open,,,,,0.11,0.08,0,0,0,0,1,5,0,0,0,0,5,1,2,2,17,13,2,2,0,-16,0.03,0
4,,9945,Ghabira,Ghobairah district_10000393,Resid.,Open,,,,,0.19,0.12,0,0,0,0,1,20,0,0,0,0,20,1,17,2,36,20,5,11,0,-26,0.03,0
4,,9946,Ghabira,Ghobairah district_10000394,Resid.,Open,,,,,0.27,0.18,0,0,0,0,1,14,0,0,0,0,14,1,9,4,53,34,4,15,0,-38,0.03,0
4,,9952,Ghabira,Ghobairah district_10000400,Mixed.,Open,,,,,0.36,0.24,0,0,0,0,1,14,0,0,0,0,14,3,7,4,67,45,5,17,0,-50,0.03,YES
4,,9954,Ghabira,Ghobairah district_10000402,Resid.,Open,,,,,0.2,0.13,0,0,0,0,1,15,0,0,0,0,15,3,6,6,36,21,5,10,0,-28,0.03,YES
4,,9959,Ghabira,Ghobairah district_10000407,Resid.,Open,,,,,0.34,0.23,0,0,0,0,1,11,0,0,0,0,11,1,7,3,59,41,5,13,0,-48,0.03,YES
4,,10061,Manfuha Al Jadidah,Manfuha Al Jadidah district_10000237,Resid.,Open,,,,,0.1,0.07,0,0,0,0,1,12,0,0,0,0,12,1,8,3,17,9,5,3,0,-14,0.03,0
4,,10062,Manfuha Al Jadidah,Manfuha Al Jadidah district_10000238,Resid.,Open,,,,,0.17,0.11,0,0,0,0,1,3,1,0,1,0,2,0,2,0,30,22,2,6,0,-23,0.03,0
4,,10063,Manfuha Al Jadidah,Manfuha Al Jadidah district_10000239,Resid.,Open,,,,,0.04,0.03,0,0,0,0,1,4,0,0,0,0,4,0,1,3,10,4,1,5,0,-6,0.03,0
4,,10066,Manfuha Al Jadidah,Manfuha Al Jadidah district_10000242,Resid.,Open,,,,,0.16,0.1,0,0,0,0,1,6,0,0,0,0,6,1,4,1,29,20,2,7,0,-22,0.03,0
4,,10067,Manfuha Al Jadidah,Manfuha Al Jadidah district_10000243,Resid.,Open,,,,,0.14,0.09,0,0,0,0,1,5,0,0,0,0,5,1,2,2,24,16,2,6,0,-19,0.03,0
4,,10074,Manfuha Al Jadidah,Manfuha Al Jadidah district_10000250,Resid.,Open,,,,,0.07,0.05,0,0,0,0,1,5,0,0,0,0,5,1,3,1,11,7,3,1,0,-10,0.03,0
4,,10076,Manfuha Al Jadidah,Manfuha Al Jadidah district_10000252,Resid.,Open,,,,,0.1,0.07,0,0,0,0,1,2,0,0,0,0,2,0,2,0,16,12,2,2,0,-14,0.03,0
4,,10078,Manfuha Al Jadidah,Manfuha Al Jadidah district_10000254,Resid.,Open,,,,,0.09,0.06,0,0,0,0,1,7,0,0,0,0,7,0,2,5,18,9,2,7,0,-13,0.03,0
4,,10082,Manfuha Al Jadidah,Manfuha Al Jadidah district_10000258,Resid.,Open,,,,,0.21,0.14,0,0,0,0,1,5,0,0,0,0,5,0,3,2,37,27,2,8,0,-30,0.03,0
4,,10094,Manfuha Al Jadidah,Manfuha Al Jadidah district_10000270,Resid.,Open,,,,,0.2,0.13,0,0,0,0,1,4,0,0,0,0,4,0,4,0,29,27,1,1,0,-28,0.03,0
4,,10095,Manfuha Al Jadidah,Manfuha Al Jadidah district_10000271,Resid.,Open,,,,,0.1,0.07,0,0,0,0,1,1,0,0,0,0,1,0,1,0,19,13,1,5,0,-14,0.03,0
4,,10096,Manfuha Al Jadidah,Manfuha Al Jadidah district_10000272,Resid.,Open,,,,,0.22,0.15,0,0,0,0,1,8,0,0,0,0,8,0,8,0,38,29,2,7,0,-31,0.03,0
4,,10108,Manfuhah,Manfuhah district_10000188,Resid.,Open,,,,,0.16,0.1,0,0,0,0,1,10,0,0,0,0,10,1,4,5,25,16,3,6,0,-22,0.03,0
4,,10110,Manfuhah,Manfuhah district_10000190,Resid.,Open,,,,,0.15,0.1,0,0,0,0,1,7,0,0,0,0,7,1,6,0,23,18,4,1,0,-21,0.03,0
4,,10113,Manfuhah,Manfuhah district_10000193,Resid.,Open,,,,,0.14,0.09,0,0,0,0,1,5,0,0,0,0,5,0,4,1,23,15,3,5,0,-19,0.03,0
4,,10115,Manfuhah,Manfuhah district_10000195,Resid.,Open,,,,,0.31,0.2,0,0,0,0,1,6,0,0,0,0,6,0,4,2,51,38,3,10,0,-43,0.03,0
4,,10127,Manfuhah,Manfuhah district_10000207,Resid.,Open,,,,,0.14,0.09,0,0,0,0,1,6,0,0,0,0,6,0,3,3,25,17,1,7,0,-19,0.03,0
4,,10128,Manfuhah,Manfuhah district_10000208,Mixed.,Open,,,,,0.37,0.25,0,0,0,0,1,3,0,0,0,0,3,0,1,2,54,49,1,4,0,-52,0.03,0
4,,10136,Manfuhah,Manfuhah district_10000216,Mixed.,Open,,,,,0.39,0.26,0,0,0,0,1,18,0,0,0,0,18,1,14,3,60,51,3,6,0,-55,0.03,0
4,,10137,Manfuhah,Manfuhah district_10000217,Mixed.,Open,,,,,0.17,0.11,0,0,0,0,1,8,0,0,0,0,8,1,5,2,31,20,3,8,0,-24,0.03,0
4,,10143,Manfuhah,Manfuhah district_10000525,Resid.,Open,,,,,0.15,0.1,0,0,0,0,1,10,0,0,0,0,10,1,7,2,32,17,3,12,0,-21,0.03,YES
4,,10144,Tuwaiq,RUH_23,Mixed.,Open,,,,,0.04,0.03,0,0,0,0,1,1,0,0,0,0,1,0,1,0,7,5,1,1,0,-6,0.03,0
4,,10145,Tuwaiq,RUH_25,Mixed.,Open,,,,,0.07,0.05,0,0,0,0,1,1,0,0,0,0,1,0,1,0,10,9,1,0,0,-10,0.03,0
4,,10146,Tuwaiq,RUH_26,Mixed.,Open,,,,,0.04,0.02,0,0,0,0,1,1,0,0,0,0,1,0,1,0,5,4,1,0,0,-5,0.03,0
4,,10164,Tuwaiq,RUH_Al Mifa_20,Resid.,Open,,,,,0.08,0.05,0,0,0,0,1,4,0,0,0,0,4,0,3,1,14,10,1,3,0,-11,0.03,0
4,,10166,Tuwaiq,RUH_Al Mifa_22,Resid.,Open,,,,,0.16,0.11,0,0,0,0,1,6,0,0,0,0,6,0,4,2,25,18,3,4,0,-23,0.03,0
4,,10179,Tuwaiq,RUH_Al Tawaq_15,Resid.,Open,,,,,0.05,0.03,0,0,0,0,1,5,0,0,0,0,5,0,2,3,10,5,2,3,0,-7,0.03,0
4,,10186,Tuwaiq,RUH_Al Tuwaiq_29,Resid.,Open,,,,,0.06,0.04,0,0,0,0,1,10,0,0,0,0,10,2,5,3,12,6,3,3,0,-9,0.03,0
4,,10205,Skirinah,Skirinah district_10000280,Resid.,Open,,,,,0.11,0.08,0,0,0,0,1,1,0,0,0,0,1,0,1,0,17,15,1,1,0,-16,0.03,0
4,,10211,Skirinah,Skirinah district_10000286,Resid.,Open,,,,,0.15,0.1,0,0,0,0,1,7,0,0,0,0,7,0,4,3,27,17,1,9,0,-21,0.03,YES
4,,10231,Sultanah,Sultanah district_10000113,Resid.,Open,,,,,0.12,0.08,0,0,0,0,1,10,0,0,0,0,10,0,9,1,24,13,4,7,0,-17,0.03,0
4,,10232,Sultanah,Sultanah district_10000114,Resid.,Open,,,,,0.19,0.13,0,0,0,0,1,2,0,0,0,0,2,0,2,0,37,25,2,10,0,-27,0.03,0
4,,10236,Sultanah,Sultanah district_10000118,Resid.,Open,,,,,0.19,0.12,0,0,0,0,1,7,0,0,0,0,7,1,2,4,34,23,2,9,0,-26,0.03,0
4,,10237,Sultanah,Sultanah district_10000119,Resid.,Open,,,,,0.09,0.06,0,0,0,0,1,5,0,0,0,0,5,0,5,0,14,11,1,2,0,-12,0.03,0
4,,10239,Sultanah,Sultanah district_10000121,Resid.,Open,,,,,0.13,0.09,0,0,0,0,1,3,0,0,0,0,3,0,2,1,23,17,1,5,0,-18,0.03,0
4,,10250,Tiba,Tiba district_420,Indust.,Open,,,,,0.06,0.04,0,0,0,0,1,5,0,0,0,0,5,1,4,0,10,6,3,1,0,-9,0.03,0
4,,10257,Utayqah,Utayqah district_10000136,Resid.,Open,,,,,0.15,0.1,0,0,0,0,1,16,1,0,1,0,15,1,11,3,29,12,9,8,0,-20,0.03,0
4,,10258,Utayqah,Utayqah district_10000137,Resid.,Open,,,,,0.22,0.15,0,0,0,0,1,6,0,0,0,0,6,0,2,4,42,26,2,14,0,-31,0.03,0
4,,10261,Utayqah,Utayqah district_10000140,Resid.,Open,,,,,0.17,0.11,0,0,0,0,1,4,0,0,0,0,4,0,2,2,27,20,2,5,0,-24,0.03,0
4,,10263,Utayqah,Utayqah district_10000142,Resid.,Open,,,,,0.06,0.04,0,0,0,0,1,5,0,0,0,0,5,1,3,1,11,6,3,2,0,-9,0.03,0
4,,10267,Utayqah,Utayqah district_10000146,Resid.,Open,,,,,0.14,0.1,0,0,0,0,1,5,0,0,0,0,5,0,2,3,24,15,2,7,0,-20,0.03,YES
4,,10271,Utayqah,Utayqah district_10000150,Resid.,Open,,,,,0.1,0.07,0,0,0,0,1,9,0,0,0,0,9,2,4,3,22,10,4,8,0,-14,0.03,YES
4,,5971,Al Dar Al Baida,Al Dar Al Baida district_188,Com,,,,,,0.02,0.01,0,0,0,0,0,0,0,0,0,0,0,0,0,0,3,3,0,0,0,-3,0.03,0
4,,5783,Al Arid,Al Aared district_241,Mixed.,Off-Plan,fabdelrahman,25-May,"May 18, 25","May 18, 25",0.08,0.05,0,0,0,0,1,169,157,133,12,12,12,11,1,0,12,10,1,1,0,-11,0,0
4,,5778,Al Arid,Al Aared district_236,Mixed.,Off-Plan,aalosaimi,25-May,"May 15, 25","May 20, 25",0.09,0.06,0,0,0,0,1,55,48,37,4,7,7,4,2,1,15,8,5,2,0,-12,0,0
4,,9241,Muayzilah,city Riyadh Muayzilah district_525,Mixed.,Open,,,,,0.07,0.05,0,0,0,0,1,4,0,0,0,0,4,0,3,1,11,6,3,2,0,-10,0,0
4,,9483,Tuwaiq,city Riyadh Tuwaiq district_458,Resid.,,,,,,0.14,0.09,0,0,0,0,1,9,0,0,0,0,9,0,9,0,19,18,1,0,0,-19,0,0
4,,5497,Western Umm Hamam,city Riyadh Western Umm Hamam district_1323,Resid.,Closed,fabdelrahman,25-Feb,"February 16, 25","February 16, 25",0.14,0.09,0,0,0,0,1,9,2,0,1,1,7,0,3,4,22,14,1,7,0,0,0,0
4,,5448,Umm Hamam,city Riyadh Umm Hamam eastern district_1278,Mixed.,Closed,surveyor13,25-Feb,,,0.13,0.09,0,0,0,0,1,6,0,0,0,0,6,0,4,2,22,15,3,4,0,0,0,0
4,,5452,Umm Hamam,city Riyadh Umm Hamam eastern district_1282,Mixed.,Closed,surveyor13,25-Feb,"February 11, 25","February 11, 25",0.06,0.04,0,0,0,0,1,2,1,0,0,1,1,0,1,0,12,7,1,4,0,0,0,0
4,,6449,Al Masani,Al Masani district_33,Resid.,Open,,,,,0.16,0.11,1,0,0,0,0,18,0,0,0,0,18,1,9,8,32,21,2,9,0,-23,0,0
4,,6453,Al Masani,Al Masani district_336,Indust.,Open,,,,,0.06,0.04,1,0,0,0,0,4,0,0,0,0,4,0,4,0,8,7,1,0,0,-8,0,0
4,,7553,Al Marwah,city Riyadh Al Marwah district_256,Resid.,Open,,,,,0.09,0.06,0,1,0,0,0,3,0,0,0,0,3,0,2,1,13,11,1,1,0,-12,0,0
4,,7707,Al Nazim,city Riyadh Al Nazim district_1033,Resid.,Open,,,,,0.05,0.03,1,0,0,0,0,6,0,0,0,0,6,1,4,1,8,4,3,1,0,-7,0,0
4,,8538,Badr,city Riyadh Badr district_393,Resid.,Open,,,,,0.09,0.06,0,1,0,0,0,3,0,0,0,0,3,1,2,0,14,13,1,0,0,-13,0,0
4,,10259,Utayqah,Utayqah district_10000138,Resid.,Open,,,,,0.06,0.04,0,0,0,0,0,4,0,0,0,0,4,1,1,2,11,6,1,4,0,-8,0,0
4,,5740,Al Arid,Al Aared district_198,Resid.,Off-Plan,fabdelrahman,25-May,"May 19, 25","May 19, 25",0.09,0.06,0,0,0,0,0,48,45,36,6,3,3,0,3,0,16,13,0,3,0,-13,0,YES
4,,5780,Al Arid,Al Aared district_238,Resid.,Off-Plan,fabdelrahman,25-May,"May 18, 25","May 18, 25",0.04,0.02,0,0,0,0,0,26,22,17,1,4,4,1,2,1,7,4,1,2,0,-5,0,0
4,,10203,Siyah,Siyah district_10000099,Resid.,Open,,,,,0.09,0.06,0,0,0,0,0,5,0,0,0,0,5,2,1,2,14,11,1,2,0,-12,0,0
4,,5742,Al Arid,Al Aared district_200,Resid.,Open,,,,,0.04,0.03,0,0,0,0,0,4,2,0,0,2,2,1,1,0,7,5,1,1,0,-6,0,0
4,,5755,Al Arid,Al Aared district_213,Resid.,Open,,,,,0.03,0.02,0,0,0,0,0,4,2,0,0,2,2,0,1,1,5,4,0,1,0,-4,0,YES
4,,5779,Al Arid,Al Aared district_237,Mixed.,Off-Plan,fabdelrahman,25-May,"May 15, 25","May 17, 25",0.08,0.05,0,0,0,0,0,49,49,48,1,0,0,0,0,0,12,11,0,1,0,-11,0,0
4,,5792,Al Arid,Al Aared district_250,Resid.,Open,,,,,0.03,0.02,0,0,0,0,0,6,3,0,0,3,3,1,1,1,5,3,1,1,0,-4,0,0
4,,5805,Al Arid,Al Aared district_263,Resid.,Off-Plan,aalosaimi,25-May,"May 25, 25","May 25, 25",0.11,0.07,0,0,0,0,0,11,9,6,1,2,2,2,0,0,18,13,2,3,0,-15,0,0
4,,5806,Al Arid,Al Aared district_264,Resid.,Off-Plan,aalngedan,,"May 15, 25","May 15, 25",0.05,0.03,0,0,0,0,0,6,4,2,0,2,2,2,0,0,7,5,2,0,0,-5,0,0
4,,5962,Al Bariyah,Al Bariyah district_159,Indust.,Open,,,,,0.04,0.03,0,0,0,0,0,0,0,0,0,0,0,0,0,0,6,6,0,0,0,-6,0,0
4,,5963,Al Bariyah,Al Bariyah district_175,Resid.,Open,,,,,0.04,0.03,0,0,0,0,0,2,0,0,0,0,2,0,0,2,6,4,0,2,0,-6,0,0
4,,5997,Al Dar Al Baida,Al Dar Al Baida district_348,Resid.,Open,,,,,0.03,0.02,0,0,0,0,0,1,0,0,0,0,1,0,1,0,4,3,1,0,0,-4,0,0
4,,5999,Al Dar Al Baida,Al Dar Al Baida district_350,Resid.,Open,,,,,0.11,0.07,0,0,0,0,0,4,0,0,0,0,4,0,3,1,16,13,2,1,0,-15,0,0
4,,6005,Al Dar Al Baida,Al Dar Al Baida district_356,Resid.,Open,,,,,0.02,0.01,0,0,0,0,0,2,0,0,0,0,2,0,1,1,4,3,0,1,0,-3,0,0
4,,6006,Al Dar Al Baida,Al Dar Al Baida district_357,Resid.,Open,,,,,0.06,0.04,0,0,0,0,0,4,0,0,0,0,4,0,1,3,9,8,0,1,0,-8,0,0
4,,6009,Al Dar Al Baida,Al Dar Al Baida district_360,Resid.,Open,,,,,0.06,0.04,0,0,0,0,0,1,0,0,0,0,1,0,1,0,8,7,1,0,0,-8,0,0
4,,6011,Al Dar Al Baida,Al Dar Al Baida district_362,Resid.,Open,,,,,0.07,0.05,0,0,0,0,0,7,0,0,0,0,7,1,5,1,11,7,3,1,0,-10,0,0
4,,6013,Al Dar Al Baida,Al Dar Al Baida district_364,Resid.,Open,,,,,0.05,0.03,0,0,0,0,0,6,0,0,0,0,6,1,4,1,9,5,2,2,0,-7,0,0
4,,6018,Al Dar Al Baida,Al Dar Al Baida district_371,Resid.,Open,,,,,0.23,0.15,0,0,0,0,0,13,0,0,0,0,13,2,7,4,36,26,5,5,0,-32,0,0
4,,6019,Al Dar Al Baida,Al Dar Al Baida district_372,Resid.,Open,,,,,0.16,0.1,0,0,0,0,0,14,0,0,0,0,14,3,7,4,25,16,5,4,0,-22,0,0
4,,6025,Al Dar Al Baida,Al Dar Al Baida district_382,Resid.,Open,,,,,0.04,0.03,0,0,0,0,0,0,0,0,0,0,0,0,0,0,6,6,0,0,0,-6,0,0
4,,6028,Al Dar Al Baida,Al Dar Al Baida district_385,Resid.,Open,,,,,0.03,0.02,0,0,0,0,0,0,0,0,0,0,0,0,0,0,5,4,0,1,0,-4,0,0
4,,6030,Al Dar Al Baida,Al Dar Al Baida district_387,Mixed.,Open,,,,,0.02,0.01,0,0,0,0,0,0,0,0,0,0,0,0,0,0,3,3,0,0,0,-3,0,0
4,,6032,Al Dar Al Baida,Al Dar Al Baida district_389,Mixed.,Open,,,,,0.06,0.04,0,0,0,0,0,5,0,0,0,0,5,0,5,0,10,6,2,2,0,-8,0,0
4,,6035,Al Dar Al Baida,Al Dar Al Baida district_392,Resid.,Open,,,,,0.03,0.02,0,0,0,0,0,0,0,0,0,0,0,0,0,0,4,4,0,0,0,-4,0,0
4,,6038,Al Dar Al Baida,Al Dar Al Baida district_395,Resid.,Open,,,,,0.04,0.02,0,0,0,0,0,5,0,0,0,0,5,0,3,2,6,3,2,1,0,-5,0,0
4,,6039,Al Dar Al Baida,Al Dar Al Baida district_396,Resid.,Open,,,,,0.04,0.02,0,0,0,0,0,3,0,0,0,0,3,1,1,1,6,4,1,1,0,-5,0,0
4,,6047,Al Dar Al Baida,Al Dar Al Baida district_404,Resid.,Open,,,,,0.05,0.03,0,0,0,0,0,3,0,0,0,0,3,1,1,1,8,6,1,1,0,-7,0,0
4,,6050,Al Dar Al Baida,Al Dar Al Baida district_407,Resid.,Open,,,,,0.02,0.01,0,0,0,0,0,0,0,0,0,0,0,0,0,0,3,3,0,0,0,-3,0,0
4,,6060,Al Dar Al Baida,Al Dar Al Baida district_417,Resid.,Open,,,,,0.04,0.02,0,0,0,0,0,0,0,0,0,0,0,0,0,0,5,5,0,0,0,-5,0,0
4,,6062,Al Dar Al Baida,Al Dar Al Baida district_419,Resid.,Open,,,,,0.05,0.03,0,0,0,0,0,1,0,0,0,0,1,0,1,0,7,6,1,0,0,-7,0,0
4,,6065,Al Dar Al Baida,Al Dar Al Baida district_428,Resid.,Open,,,,,0.26,0.18,0,0,0,0,0,21,0,0,0,0,21,2,10,9,43,26,6,11,0,-37,0,0
4,,6066,Al Dar Al Baida,Al Dar Al Baida district_429,Resid.,Open,,,,,0.06,0.04,0,0,0,0,0,6,0,0,0,0,6,1,4,1,10,5,4,1,0,-9,0,0
4,,6067,Al Dar Al Baida,Al Dar Al Baida district_434,Resid.,Open,,,,,0.03,0.02,0,0,0,0,0,3,0,0,0,0,3,1,1,1,5,3,1,1,0,-4,0,0
4,,6073,Al Dar Al Baida,Al Dar Al Baida district_460,Resid.,Open,,,,,0.04,0.02,0,0,0,0,0,2,0,0,0,0,2,0,2,0,6,4,1,1,0,-5,0,0
4,,6076,Al Dar Al Baida,Al Dar Al Baida district_486,Com,Open,,,,,0.08,0.05,0,0,0,0,0,4,0,0,0,0,4,0,1,3,15,10,1,4,0,-11,0,0
4,,6077,Al Dar Al Baida,Al Dar Al Baida district_487,Resid.,Open,,,,,0.03,0.02,0,0,0,0,0,1,0,0,0,0,1,0,1,0,4,3,1,0,0,-4,0,0
4,,6081,Al Dar Al Baida,Al Dar Al Baida district_491,Resid.,Open,,,,,0.09,0.06,0,0,0,0,0,8,0,0,0,0,8,0,7,1,13,10,3,0,0,-13,0,0
4,,6082,Al Dar Al Baida,Al Dar Al Baida district_492,Resid.,Open,,,,,0.07,0.05,0,0,0,0,0,3,0,0,0,0,3,1,1,1,11,9,1,1,0,-10,0,0
4,,6084,Al Dar Al Baida,Al Dar Al Baida district_494,Resid.,Open,,,,,0.02,0.01,0,0,0,0,0,0,0,0,0,0,0,0,0,0,3,3,0,0,0,-3,0,0
4,,6085,Al Dar Al Baida,Al Dar Al Baida district_495,Resid.,Open,,,,,0.04,0.03,0,0,0,0,0,0,0,0,0,0,0,0,0,0,6,6,0,0,0,-6,0,0
4,,6087,Al Dar Al Baida,Al Dar Al Baida district_497,Resid.,Open,,,,,0.03,0.02,0,0,0,0,0,0,0,0,0,0,0,0,0,0,4,4,0,0,0,-4,0,0
4,,6089,Al Dar Al Baida,Al Dar Al Baida district_499,Resid.,Open,,,,,0.02,0.01,0,0,0,0,0,0,0,0,0,0,0,0,0,0,4,3,0,1,0,-3,0,0
4,,6092,Al Dar Al Baida,Al Dar Al Baida district_502,Resid.,Open,,,,,0.08,0.05,0,0,0,0,0,5,0,0,0,0,5,0,5,0,12,9,2,1,0,-11,0,0
4,,6094,Al Dar Al Baida,Al Dar Al Baida district_504,Resid.,Open,,,,,0.02,0.01,0,0,0,0,0,3,0,0,0,0,3,1,1,1,4,2,1,1,0,-3,0,0
4,,6095,Al Dar Al Baida,Al Dar Al Baida district_505,Resid.,Open,,,,,0.12,0.08,0,0,0,0,0,2,0,0,0,0,2,0,2,0,17,16,1,0,0,-17,0,0
4,,6096,Al Dar Al Baida,Al Dar Al Baida district_506,Resid.,Open,,,,,0.02,0.01,0,0,0,0,0,3,0,0,0,0,3,1,1,1,5,2,1,2,0,-3,0,0
4,,6097,Al Dar Al Baida,Al Dar Al Baida district_507,Resid.,Open,,,,,0.03,0.02,0,0,0,0,0,3,0,0,0,0,3,0,3,0,4,3,1,0,0,-4,0,0
4,,6099,Al Dar Al Baida,Al Dar Al Baida district_509,Resid.,Open,,,,,0.03,0.02,0,0,0,0,0,3,0,0,0,0,3,0,3,0,4,3,1,0,0,-4,0,0
4,,6101,Al Dar Al Baida,Al Dar Al Baida district_511,Resid.,Open,,,,,0.02,0.01,0,0,0,0,0,0,0,0,0,0,0,0,0,0,3,3,0,0,0,-3,0,0
4,,4669,Al Dhubbat,Al Dhubbat district_10000552,Resid.,Open,,,,,0.1,0.07,0,0,0,0,0,2,0,0,0,0,2,0,0,2,21,13,0,8,0,-14,0,0
4,,4672,Al Dhubbat,Al Dhubbat district_10000555,Resid.,Open,,,,,0.28,0.19,0,0,0,0,0,9,1,0,0,1,8,0,5,3,56,35,3,18,0,-39,0,0
4,,4675,Al Dhubbat,Al Dhubbat district_10000558,Mixed.,Open,,,,,0.22,0.15,0,0,0,0,0,8,0,0,0,0,8,1,5,2,38,28,2,8,0,-31,0,0
4,,4676,Al Dhubbat,Al Dhubbat district_10000559,Indust.,Open,,,,,0.04,0.03,0,0,0,0,0,1,0,0,0,0,1,0,1,0,7,5,1,1,0,-6,0,YES
4,,4677,Al Dhubbat,Al Dhubbat district_10000560,Resid.,Open,,,,,0.09,0.06,0,0,0,0,0,8,0,0,0,0,8,1,2,5,17,9,2,6,0,-13,0,0
4,,4678,Al Dhubbat,Al Dhubbat district_10000561,Resid.,Open,,,,,0.14,0.09,0,0,0,0,0,2,0,0,0,0,2,0,2,0,22,18,1,3,0,-19,0,0
4,,6107,Al Difaa,Al Difaa district_108,Mixed.,Open,,,,,0.11,0.08,0,0,0,0,0,12,0,0,0,0,12,3,3,6,19,10,3,6,0,-16,0,0
4,,6109,Al Difaa,Al Difaa district_178,Mixed.,Open,,,,,0.04,0.03,0,0,0,0,0,3,0,0,0,0,3,1,1,1,7,5,1,1,0,-6,0,0
4,,6114,Al Duraihemiyah,Al Duraihemiyah district_10000127,Resid.,Open,,,,,0.34,0.23,0,0,0,0,0,27,2,0,1,1,25,0,24,1,64,37,11,16,0,-47,0,0
4,,6116,Al Duraihemiyah,Al Duraihemiyah district_10000129,Resid.,Open,,,,,0.12,0.08,0,0,0,0,0,6,0,0,0,0,6,1,3,2,23,15,2,6,0,-17,0,YES
4,,6118,Al Duraihemiyah,Al Duraihemiyah district_10000131,Resid.,Open,,,,,0.12,0.08,0,0,0,0,0,9,1,0,1,0,8,0,5,3,25,15,2,8,0,-16,0,0
4,,6120,Al Duraihemiyah,Al Duraihemiyah district_10000133,Resid.,Open,,,,,0.02,0.01,0,0,0,0,0,0,0,0,0,0,0,0,0,0,3,3,0,0,0,-3,0,0
4,,6121,Al Duraihemiyah,Al Duraihemiyah district_10000134,Resid.,Open,,,,,0.03,0.02,0,0,0,0,0,1,0,0,0,0,1,0,1,0,7,3,1,3,0,-4,0,0
4,,6122,Al Duraihemiyah,Al Duraihemiyah district_10000135,Mixed.,Open,,,,,0.04,0.03,0,0,0,0,0,8,0,0,0,0,8,0,1,7,12,5,1,6,0,-6,0,0
4,,6154,Al Farouq,Al Farouq district_148,,Open,,,,,0.03,0.02,0,0,0,0,0,0,0,0,0,0,0,0,0,0,4,4,0,0,0,-4,0,0
4,,6155,Al Farouq,Al Farouq district_154,Mixed.,Open,,,,,0.14,0.1,0,0,0,0,0,10,0,0,0,0,10,0,5,5,26,17,2,7,0,-20,0,0
4,,6156,Al Farouq,Al Farouq district_57,Resid.,Open,,,,,0.14,0.09,0,0,0,0,0,10,0,0,0,0,10,2,4,4,25,15,4,6,0,-19,0,0
4,,6161,Al Ghannamiyah,Al Ghannamiyah district_275,Com,Open,,,,,0.07,0.05,0,0,0,0,0,3,0,0,0,0,3,0,2,1,11,8,1,2,0,-10,0,0
4,,6165,Al Ghannamiyah,Al Ghannamiyah district_279,Com,Open,,,,,0.05,0.03,0,0,0,0,0,7,0,0,0,0,7,2,3,2,9,5,2,2,0,-7,0,0
4,,6169,Al Ghannamiyah,Al Ghannamiyah district_283,Resid.,Open,,,,,0.04,0.02,0,0,0,0,0,3,0,0,0,0,3,1,1,1,6,4,1,1,0,-5,0,0
4,,6171,Al Ghannamiyah,Al Ghannamiyah district_285,Resid.,Open,,,,,0.04,0.03,0,0,0,0,0,0,0,0,0,0,0,0,0,0,7,6,0,1,0,-6,0,0
4,,6181,Al Haer,Al Haer district_249,Resid.,Open,,,,,0.03,0.02,0,0,0,0,0,2,0,0,0,0,2,0,1,1,5,3,1,1,0,-4,0,0
4,,6184,Al Haer,Al Haer district_252,Resid.,Open,,,,,0.02,0.01,0,0,0,0,0,3,0,0,0,0,3,1,1,1,4,2,1,1,0,-3,0,0
4,,6186,Al Haer,Al Haer district_254,Resid.,Open,,,,,0.03,0.02,0,0,0,0,0,3,0,0,0,0,3,1,1,1,6,3,1,2,0,-4,0,0
4,,6187,Al Haer,Al Haer district_255,Resid.,Open,,,,,0.03,0.02,0,0,0,0,0,0,0,0,0,0,0,0,0,0,4,4,0,0,0,-4,0,0
4,,6188,Al Haer,Al Haer district_256,Resid.,Open,,,,,0.05,0.03,0,0,0,0,0,0,0,0,0,0,0,0,0,0,7,7,0,0,0,-7,0,0
4,,6189,Al Haer,Al Haer district_257,Resid.,Open,,,,,0.04,0.03,0,0,0,0,0,0,0,0,0,0,0,0,0,0,6,6,0,0,0,-6,0,0
4,,6190,Al Haer,Al Haer district_258,Resid.,Open,,,,,0.07,0.05,0,0,0,0,0,5,0,0,0,0,5,1,1,3,12,7,1,4,0,-10,0,0
4,,6193,Al Haer,Al Haer district_261,Resid.,Open,,,,,0.02,0.01,0,0,0,0,0,1,0,0,0,0,1,0,1,0,3,2,1,0,0,-3,0,0
4,,6194,Al Haer,Al Haer district_262,Resid.,Open,,,,,0.04,0.03,0,0,0,0,0,5,0,0,0,0,5,1,1,3,8,5,1,2,0,-6,0,0
4,,6197,Al Haer,Al Haer district_265,Resid.,Open,,,,,0.02,0.01,0,0,0,0,0,0,0,0,0,0,0,0,0,0,3,3,0,0,0,-3,0,0
4,,6201,Al Haer,Al Haer district_269,Resid.,Open,,,,,0.02,0.01,0,0,0,0,0,0,0,0,0,0,0,0,0,0,3,3,0,0,0,-3,0,0
4,,6208,Al Haer,Al Haer district_296,Mixed.,Open,,,,,0.11,0.07,0,0,0,0,0,10,0,0,0,0,10,2,3,5,18,10,3,5,0,-15,0,0
4,,6213,Al Haer,Al Haer district_301,Mixed.,Open,,,,,0.04,0.03,0,0,0,0,0,1,0,0,0,0,1,0,1,0,6,5,1,0,0,-6,0,0
4,,6214,Al Haer,Al Haer district_302,Indust.,Open,,,,,0.05,0.03,0,0,0,0,0,1,0,0,0,0,1,0,1,0,8,6,1,1,0,-7,0,0
4,,6233,Al Jarradiyah,Al Jarradiyah district_10000072,Resid.,Open,,,,,0.14,0.09,0,0,0,0,0,9,0,0,0,0,9,2,4,3,25,16,3,6,0,-19,0,0
4,,6234,Al Jarradiyah,Al Jarradiyah district_10000073,Resid.,Open,,,,,0.06,0.04,0,0,0,0,0,5,0,0,0,0,5,1,2,2,11,6,2,3,0,-8,0,0
4,,6237,Al Jarradiyah,Al Jarradiyah district_10000076,Resid.,Open,,,,,0.07,0.05,0,0,0,0,0,0,0,0,0,0,0,0,0,0,13,10,0,3,0,-10,0,YES
4,,6238,Al Jarradiyah,Al Jarradiyah district_10000077,Resid.,Open,,,,,0.05,0.03,0,0,0,0,0,0,0,0,0,0,0,0,0,0,7,7,0,0,0,-7,0,0
4,,6239,Al Jarradiyah,Al Jarradiyah district_10000078,Resid.,Open,,,,,0.16,0.1,0,0,0,0,0,2,0,0,0,0,2,0,2,0,29,21,1,7,0,-22,0,YES
4,,6242,Al Jarradiyah,Al Jarradiyah district_10000081,Resid.,Open,,,,,0.11,0.08,0,0,0,0,0,4,0,0,0,0,4,1,1,2,18,14,1,3,0,-16,0,0
4,,6247,Al Jarradiyah,Al Jarradiyah district_10000086,Resid.,Open,,,,,0.04,0.02,0,0,0,0,0,4,0,0,0,0,4,1,2,1,6,3,2,1,0,-5,0,0
4,,6248,Al Jarradiyah,Al Jarradiyah district_10000087,Resid.,Open,,,,,0.03,0.02,0,0,0,0,0,0,0,0,0,0,0,0,0,0,5,4,0,1,0,-4,0,0
4,,6249,Al Jarradiyah,Al Jarradiyah district_10000088,Resid.,Open,,,,,0.04,0.02,0,0,0,0,0,0,0,0,0,0,0,0,0,0,6,5,0,1,0,-5,0,0
4,,6251,Al Jarradiyah,Al Jarradiyah district_10000090,Resid.,Open,,,,,0.06,0.04,0,0,0,0,0,3,0,0,0,0,3,0,1,2,12,6,1,5,0,-8,0,0
4,,6252,Al Jarradiyah,Al Jarradiyah district_10000091,Mixed.,Open,,,,,0.03,0.02,0,0,0,0,0,0,0,0,0,0,0,0,0,0,4,4,0,0,0,-4,0,0
4,,6253,Al Jarradiyah,Al Jarradiyah district_10000092,Resid.,Open,,,,,0.04,0.03,0,0,0,0,0,0,0,0,0,0,0,0,0,0,7,6,0,1,0,-6,0,0
4,,6255,Al Jarradiyah,Al Jarradiyah district_10000094,Resid.,Open,,,,,0.04,0.03,0,0,0,0,0,0,0,0,0,0,0,0,0,0,7,6,0,1,0,-6,0,0
4,,6256,Al Jarradiyah,Al Jarradiyah district_10000095,Resid.,Open,,,,,0.07,0.05,0,0,0,0,0,0,0,0,0,0,0,0,0,0,14,10,0,4,0,-10,0,0
4,,6257,Al Jarradiyah,Al Jarradiyah district_10000096,Resid.,Open,,,,,0.26,0.17,0,0,0,0,0,2,0,0,0,0,2,0,0,2,43,35,0,8,0,-36,0,YES
4,,6258,Al Khair,Al Khair district_10,Mixed.,Open,,,,,0.04,0.02,0,0,0,0,0,0,0,0,0,0,0,0,0,0,5,5,0,0,0,-5,0,0
4,,6263,Al Khair,Al Khair district_320,Mixed.,Open,,,,,0.04,0.03,0,0,0,0,0,0,0,0,0,0,0,0,0,0,6,6,0,0,0,-6,0,0
4,,6344,Al Manakh,Al Manakh district_1,Com,Open,,,,,0.08,0.05,0,0,0,0,0,1,0,0,0,0,1,0,1,0,11,10,1,0,0,-11,0,0
4,,6348,Al Manakh,Al Manakh district_103,Resid.,Open,,,,,0.04,0.02,0,0,0,0,0,3,0,0,0,0,3,1,1,1,7,4,1,2,0,-5,0,0
4,,6350,Al Manakh,Al Manakh district_105,Resid.,Open,,,,,0.02,0.01,0,0,0,0,0,0,0,0,0,0,0,0,0,0,3,3,0,0,0,-3,0,0
4,,6351,Al Manakh,Al Manakh district_106,Mixed.,Open,,,,,0.05,0.03,0,0,0,0,0,0,0,0,0,0,0,0,0,0,7,7,0,0,0,-7,0,0
4,,6352,Al Manakh,Al Manakh district_150,Com,Open,,,,,0.22,0.15,0,0,0,0,0,8,0,0,0,0,8,0,6,2,31,27,2,2,0,-31,0,0
4,,6353,Al Manakh,Al Manakh district_151,Com,Open,,,,,0.16,0.11,0,0,0,0,0,4,0,0,0,0,4,0,4,0,23,22,1,0,0,-23,0,0
4,,6356,Al Manakh,Al Manakh district_155,Mixed.,Open,,,,,0.06,0.04,0,0,0,0,0,2,0,0,0,0,2,0,0,2,8,6,0,2,0,-8,0,0
4,,6357,Al Manakh,Al Manakh district_165,Resid.,Open,,,,,0.2,0.13,0,0,0,0,0,8,0,0,0,0,8,2,3,3,33,25,3,5,0,-28,0,0
4,,6358,Al Manakh,Al Manakh district_2,Mixed.,Open,,,,,0.06,0.04,0,0,0,0,0,0,0,0,0,0,0,0,0,0,9,9,0,0,0,-9,0,0
4,,6361,Al Manakh,Al Manakh district_91,Resid.,Open,,,,,0.26,0.17,0,0,0,0,0,11,0,0,0,0,11,0,10,1,37,34,2,1,0,-36,0,0
4,,6362,Al Manakh,Al Manakh district_92,Mixed.,Open,,,,,0.08,0.05,0,0,0,0,0,4,0,0,0,0,4,0,4,0,12,10,1,1,0,-11,0,0
4,,6363,Al Manakh,Al Manakh district_93,Resid.,Open,,,,,0.06,0.04,0,0,0,0,0,6,0,0,0,0,6,1,2,3,12,7,2,3,0,-9,0,0
4,,6364,Al Manakh,Al Manakh district_94,Resid.,Open,,,,,0.09,0.06,0,0,0,0,0,1,0,0,0,0,1,0,0,1,14,13,0,1,0,-13,0,0
4,,6365,Al Manakh,Al Manakh district_95,Resid.,Open,,,,,0.06,0.04,0,0,0,0,0,1,0,0,0,0,1,0,1,0,10,8,1,1,0,-9,0,0
4,,6366,Al Manakh,Al Manakh district_96,Resid.,Open,,,,,0.11,0.07,0,0,0,0,0,5,0,0,0,0,5,0,5,0,15,13,2,0,0,-15,0,0
4,,6367,Al Manakh,Al Manakh district_97,Com,Open,,,,,0.39,0.26,0,0,0,0,0,10,0,0,0,0,10,0,10,0,58,50,4,4,0,-54,0,0
1,,6374,Al Mansouria,Al Mansouria district_303,Indust.,Open,,,,,0.03,0.02,0,0,0,0,0,0,0,0,0,0,0,0,0,0,4,4,0,0,0,-4,0,0
4,,6368,Al Manakh,Al Manakh district_98,Mixed.,Open,,,,,0.05,0.03,0,0,0,0,0,2,0,0,0,0,2,0,0,2,9,5,0,4,0,-7,0,0
4,,6403,Al Mansurah,Al Mansurah district_10000415,Resid.,Open,,,,,0.22,0.15,0,0,0,0,0,10,0,0,0,0,10,1,4,5,42,28,2,12,0,-31,0,0
4,,6404,Al Mansurah,Al Mansurah district_10000416,Resid.,Open,,,,,0.09,0.06,0,0,0,0,0,0,0,0,0,0,0,0,0,0,15,13,0,2,0,-13,0,YES
4,,6405,Al Mansurah,Al Mansurah district_10000417,Resid.,Open,,,,,0.26,0.17,0,0,0,0,0,11,0,0,0,0,11,1,4,6,45,30,3,12,0,-36,0,YES
4,,6406,Al Mansurah,Al Mansurah district_10000418,Resid.,Open,,,,,0.18,0.12,0,0,0,0,0,5,0,0,0,0,5,1,2,2,33,22,2,9,0,-25,0,YES
4,,6407,Al Mansurah,Al Mansurah district_10000419,Resid.,Open,,,,,0.24,0.16,0,0,0,0,0,9,0,0,0,0,9,0,8,1,36,29,4,3,0,-33,0,YES
4,,6426,Al Mansurah,Al Mansurah district_10000438,Resid.,Open,,,,,0.06,0.04,0,0,0,0,0,3,0,0,0,0,3,1,1,1,11,8,1,2,0,-9,0,0
4,,6430,Al Mansurah,Al Mansurah district_10000442,Resid.,Open,,,,,0.11,0.07,0,0,0,0,0,7,0,0,0,0,7,2,2,3,21,12,2,7,0,-15,0,0
4,,6441,Al Masani,Al Masani district_143,Com,Open,,,,,0.11,0.07,0,0,0,0,0,8,0,0,0,0,8,1,1,6,20,11,1,8,0,-15,0,0
4,,6440,Al Masani,Al Masani district_142,Mixed.,Open,,,,,0.06,0.04,0,0,0,0,0,0,0,0,0,0,0,0,0,0,8,8,0,0,0,-8,0,0
4,,6443,Al Masani,Al Masani district_145,Mixed.,Open,,,,,0.04,0.02,0,0,0,0,0,0,0,0,0,0,0,0,0,0,5,5,0,0,0,-5,0,0
4,,6450,Al Masani,Al Masani district_333,Mixed.,Open,,,,,0.17,0.11,0,0,0,0,0,0,0,0,0,0,0,0,0,0,25,24,0,1,0,-24,0,0
4,,6455,Al Masani,Al Masani district_338,Mixed.,Open,,,,,0.03,0.02,0,0,0,0,0,0,0,0,0,0,0,0,0,0,4,4,0,0,0,-4,0,0
4,,6457,Al Masani,Al Masani district_35,Resid.,Open,,,,,0.02,0.01,0,0,0,0,0,6,0,0,0,0,6,1,1,4,7,2,1,4,0,-3,0,0
4,,6458,Al Masani,Al Masani district_36,Resid.,Open,,,,,0.04,0.02,0,0,0,0,0,5,0,0,0,0,5,1,3,1,7,3,2,2,0,-5,0,0
4,,6464,Al Masani,Al Masani district_41,Mixed.,Open,,,,,0.08,0.05,0,0,0,0,0,4,0,0,0,0,4,0,3,1,14,10,1,3,0,-11,0,0
4,,6474,Al Masani,Al Masani district_443,Com,Open,,,,,0.08,0.05,0,0,0,0,0,3,0,0,0,0,3,1,1,1,12,10,1,1,0,-11,0,0
4,,6475,Al Masani,Al Masani district_45,Resid.,Open,,,,,0.02,0.01,0,0,0,0,0,2,0,0,0,0,2,0,2,0,3,2,1,0,0,-3,0,0
4,,6482,Al Masani,Al Masani district_50,Com,Open,,,,,0.09,0.06,0,0,0,0,0,3,0,0,0,0,3,0,3,0,14,11,1,2,0,-12,0,0
4,,6498,Al Masani,Al Masani district_65,Com,Open,,,,,0.14,0.09,0,0,0,0,0,4,0,0,0,0,4,0,4,0,21,18,1,2,0,-19,0,0
4,,6496,Al Masani,Al Masani district_63,Com,Open,,,,,0.05,0.03,0,0,0,0,0,3,0,0,0,0,3,0,3,0,7,6,1,0,0,-7,0,0
4,,6506,Al Masani,Al Masani district_72,Com,Open,,,,,0.31,0.2,0,0,0,0,0,4,0,0,0,0,4,0,2,2,46,41,1,4,0,-43,0,0
4,,6507,Al Masani,Al Masani district_73,Com,Open,,,,,0.21,0.14,0,0,0,0,0,4,0,0,0,0,4,1,2,1,33,28,2,3,0,-30,0,0
4,,6509,Al Masani,Al Masani district_75,Com,Open,,,,,0.38,0.25,0,0,0,0,0,7,0,0,0,0,7,1,4,2,67,50,2,15,0,-53,0,YES
4,,6513,Al Masani,Al Masani district_79,Com,Open,,,,,0.54,0.36,0,0,0,0,0,7,0,0,0,0,7,1,5,1,85,74,2,9,0,-76,0,0
4,,6517,Al Misfat,Al Misfat district_205,Com,Open,,,,,0.04,0.03,0,0,0,0,0,1,0,0,0,0,1,0,1,0,6,5,1,0,0,-6,0,0
4,,6519,Al Misfat,Al Misfat district_207,Mixed.,Open,,,,,0.03,0.02,0,0,0,0,0,0,0,0,0,0,0,0,0,0,5,4,0,1,0,-4,0,0
4,,6521,Al Misfat,Al Misfat district_209,Mixed.,Open,,,,,0.04,0.02,0,0,0,0,0,0,0,0,0,0,0,0,0,0,5,5,0,0,0,-5,0,0
4,,6522,Al Misfat,Al Misfat district_210,Mixed.,Open,,,,,0.02,0.01,0,0,0,0,0,0,0,0,0,0,0,0,0,0,3,3,0,0,0,-3,0,0
4,,6527,Al Misfat,Al Misfat district_215,Mixed.,Open,,,,,0.04,0.03,0,0,0,0,0,4,0,0,0,0,4,0,2,2,6,3,1,2,0,-6,0,0
4,,6528,Al Misfat,Al Misfat district_216,Com,Open,,,,,0.04,0.02,0,0,0,0,0,1,0,0,0,0,1,0,1,0,5,4,1,0,0,-5,0,0
4,,6531,Al Misfat,Al Misfat district_219,Mixed.,Open,,,,,0.04,0.03,0,0,0,0,0,0,0,0,0,0,0,0,0,0,6,6,0,0,0,-6,0,0
4,,6535,Al Misfat,Al Misfat district_223,Com,Open,,,,,0.09,0.06,0,0,0,0,0,4,0,0,0,0,4,0,3,1,13,11,1,1,0,-13,0,0
4,,6536,Al Misfat,Al Misfat district_224,Mixed.,Open,,,,,0.02,0.01,0,0,0,0,0,0,0,0,0,0,0,0,0,0,3,3,0,0,0,-3,0,0
4,,6541,Al Misfat,Al Misfat district_229,Mixed.,Open,,,,,0.02,0.01,0,0,0,0,0,0,0,0,0,0,0,0,0,0,3,3,0,0,0,-3,0,0
4,,6551,Al Misfat,Al Misfat district_458,Mixed.,Open,,,,,0.09,0.06,0,0,0,0,0,9,0,0,0,0,9,0,6,3,12,8,1,3,0,-12,0,0
4,,6948,Al Yamamah,Al Yamamah district_10000164,Resid.,Open,,,,,0.08,0.05,0,0,0,0,0,4,0,0,0,0,4,0,3,1,11,8,2,1,0,-11,0,0
4,,6950,Al Yamamah,Al Yamamah district_10000166,Resid.,Open,,,,,0.04,0.03,0,0,0,0,0,5,0,0,0,0,5,1,3,1,7,4,2,1,0,-6,0,0
4,,6952,Al Yamamah,Al Yamamah district_10000168,Resid.,Open,,,,,0.04,0.02,0,0,0,0,0,0,0,0,0,0,0,0,0,0,6,5,0,1,0,-5,0,0
4,,6953,Al Yamamah,Al Yamamah district_10000169,Resid.,Open,,,,,0.03,0.02,0,0,0,0,0,0,0,0,0,0,0,0,0,0,6,4,0,2,0,-4,0,0
4,,6954,Al Yamamah,Al Yamamah district_10000170,Resid.,Open,,,,,0.05,0.03,0,0,0,0,0,3,0,0,0,0,3,1,1,1,11,6,1,4,0,-7,0,0
4,,6957,Al Yamamah,Al Yamamah district_10000173,Resid.,Open,,,,,0.07,0.05,0,0,0,0,0,0,0,0,0,0,0,0,0,0,11,10,0,1,0,-10,0,0
4,,6958,Al Yamamah,Al Yamamah district_10000174,Resid.,Open,,,,,0.08,0.05,0,0,0,0,0,4,0,0,0,0,4,0,3,1,14,9,1,4,0,-11,0,0
4,,6961,Al Yamamah,Al Yamamah district_10000177,Resid.,Open,,,,,0.12,0.08,0,0,0,0,0,9,0,0,0,0,9,1,6,2,21,14,3,4,0,-17,0,0
4,,6962,Al Yamamah,Al Yamamah district_10000178,Resid.,Open,,,,,0.09,0.06,0,0,0,0,0,8,0,0,0,0,8,2,2,4,19,10,2,7,0,-12,0,0
4,,6963,Al Yamamah,Al Yamamah district_10000179,Resid.,Open,,,,,0.04,0.03,0,0,0,0,0,3,0,0,0,0,3,1,1,1,7,5,1,1,0,-6,0,0
4,,6964,Al Yamamah,Al Yamamah district_10000180,Resid.,Open,,,,,0.05,0.03,0,0,0,0,0,0,0,0,0,0,0,0,0,0,7,7,0,0,0,-7,0,0
4,,6966,Al Yamamah,Al Yamamah district_10000182,Mixed.,Open,,,,,0.14,0.1,0,0,0,0,0,5,0,0,0,0,5,0,4,1,24,17,3,4,0,-20,0,0
4,,6967,Al Yamamah,Al Yamamah district_10000183,Resid.,Open,,,,,0.02,0.01,0,0,0,0,0,3,0,0,0,0,3,1,1,1,5,2,1,2,0,-3,0,0
4,,7181,Al Bayan,city Riyadh Al Bayan district_348,Mixed.,Open,,,,,0.03,0.02,0,0,0,0,0,1,0,0,0,0,1,0,1,0,4,3,1,0,0,-4,0,0
4,,7188,Al Bayan,city Riyadh Al Bayan district_355,Mixed.,Open,,,,,0.07,0.05,0,0,0,0,0,0,0,0,0,0,0,0,0,0,10,10,0,0,0,-10,0,0
4,,7239,Al Fursan,city Riyadh Al Fursan district_1076,Mixed.,Open,,,,,0.05,0.03,0,0,0,0,0,0,0,0,0,0,0,0,0,0,7,7,0,0,0,-7,0,0
4,,7240,Al Fursan,city Riyadh Al Fursan district_1077,Mixed.,Open,,,,,0.04,0.02,0,0,0,0,0,0,0,0,0,0,0,0,0,0,5,5,0,0,0,-5,0,0
4,,7241,Al Fursan,city Riyadh Al Fursan district_1078,Mixed.,Open,,,,,0.04,0.02,0,0,0,0,0,7,0,0,0,0,7,0,4,3,6,5,0,1,0,-5,0,0
4,,7244,Al Hazm,city Riyadh Al Hazm district_162,Resid.,Open,,,,,0.02,0.01,0,0,0,0,0,3,0,0,0,0,3,1,1,1,4,2,1,1,0,-3,0,0
4,,7246,Al Hazm,city Riyadh Al Hazm district_164,Resid.,Open,,,,,0.04,0.03,0,0,0,0,0,5,0,0,0,0,5,1,3,1,7,4,2,1,0,-6,0,0
4,,7248,Al Hazm,city Riyadh Al Hazm district_166,Resid.,Open,,,,,0.04,0.02,0,0,0,0,0,3,0,0,0,0,3,1,1,1,6,4,1,1,0,-5,0,0
4,,7250,Al Hazm,city Riyadh Al Hazm district_168,Resid.,Open,,,,,0.04,0.02,0,0,0,0,0,6,0,0,0,0,6,2,2,2,7,3,2,2,0,-5,0,0
4,,7253,Al Hazm,city Riyadh Al Hazm district_171,Resid.,Open,,,,,0.04,0.03,0,0,0,0,0,0,0,0,0,0,0,0,0,0,6,6,0,0,0,-6,0,0
4,,7254,Al Hazm,city Riyadh Al Hazm district_172,Resid.,Open,,,,,0.06,0.04,0,0,0,0,0,3,0,0,0,0,3,1,1,1,9,7,1,1,0,-8,0,0
4,,7255,Al Hazm,city Riyadh Al Hazm district_173,Mixed.,Open,,,,,0.02,0.01,0,0,0,0,0,0,0,0,0,0,0,0,0,0,3,3,0,0,0,-3,0,0
4,,7259,Al Hazm,city Riyadh Al Hazm district_177,Mixed.,Open,,,,,0.02,0.01,0,0,0,0,0,0,0,0,0,0,0,0,0,0,3,3,0,0,0,-3,0,0
4,,7266,Al Hazm,city Riyadh Al Hazm district_184,Mixed.,Open,,,,,0.02,0.01,0,0,0,0,0,0,0,0,0,0,0,0,0,0,3,3,0,0,0,-3,0,0
4,,7269,Al Hazm,city Riyadh Al Hazm district_187,Mixed.,Open,,,,,0.07,0.05,0,0,0,0,0,0,0,0,0,0,0,0,0,0,10,10,0,0,0,-10,0,0
4,,7270,Al Hazm,city Riyadh Al Hazm district_188,Resid.,Open,,,,,0.02,0.01,0,0,0,0,0,0,0,0,0,0,0,0,0,0,4,3,0,1,0,-3,0,0
4,,7272,Al Hazm,city Riyadh Al Hazm district_190,Mixed.,Open,,,,,0.06,0.04,0,0,0,0,0,2,0,0,0,0,2,0,2,0,10,8,1,1,0,-9,0,0
4,,7276,Al Hazm,city Riyadh Al Hazm district_194,Resid.,Open,,,,,0.04,0.02,0,0,0,0,0,0,0,0,0,0,0,0,0,0,5,5,0,0,0,-5,0,0
4,,7278,Al Hazm,city Riyadh Al Hazm district_196,Resid.,Open,,,,,0.07,0.05,0,0,0,0,0,0,0,0,0,0,0,0,0,0,10,10,0,0,0,-10,0,0
4,,7284,Al Hazm,city Riyadh Al Hazm district_202,Resid.,Open,,,,,0.06,0.04,0,0,0,0,0,2,0,0,0,0,2,0,2,0,8,7,1,0,0,-8,0,0
4,,7294,Al Hazm,city Riyadh Al Hazm district_212,Resid.,Open,,,,,0.09,0.06,0,0,0,0,0,2,0,0,0,0,2,0,0,2,13,11,0,2,0,-12,0,0
4,,7302,Al Hazm,city Riyadh Al Hazm district_220,Resid.,Open,,,,,0.02,0.01,0,0,0,0,0,1,0,0,0,0,1,0,1,0,3,2,1,0,0,-3,0,0
4,,7299,Al Hazm,city Riyadh Al Hazm district_217,Mixed.,Open,,,,,0.05,0.03,0,0,0,0,0,6,0,0,0,0,6,1,1,4,10,4,1,5,0,-7,0,0
4,,7307,Al Hazm,city Riyadh Al Hazm district_225,Resid.,Open,,,,,0.03,0.02,0,0,0,0,0,0,0,0,0,0,0,0,0,0,5,4,0,1,0,-4,0,0
4,,7312,Al Hazm,city Riyadh Al Hazm district_230,Resid.,Open,,,,,0.02,0.01,0,0,0,0,0,0,0,0,0,0,0,0,0,0,3,3,0,0,0,-3,0,0
4,,7311,Al Hazm,city Riyadh Al Hazm district_229,Mixed.,Open,,,,,0.06,0.04,0,0,0,0,0,0,0,0,0,0,0,0,0,0,9,9,0,0,0,-9,0,0
4,,7319,Al Hazm,city Riyadh Al Hazm district_438,Resid.,Open,,,,,0.02,0.01,0,0,0,0,0,3,0,0,0,0,3,1,1,1,4,2,1,1,0,-3,0,0
4,,7323,Al Janadriyah,city Riyadh Al Janadriyah district_156,Resid.,Open,,,,,0.03,0.02,0,0,0,0,0,0,0,0,0,0,0,0,0,0,4,4,0,0,0,-4,0,0
4,,7321,Al Janadriyah,city Riyadh Al Janadriyah district_154,Resid.,Open,,,,,0.03,0.02,0,0,0,0,0,4,0,0,0,0,4,1,1,2,6,3,1,2,0,-4,0,0
4,,7325,Al Janadriyah,city Riyadh Al Janadriyah district_158,Resid.,Open,,,,,0.04,0.03,0,0,0,0,0,6,0,0,0,0,6,1,4,1,7,4,2,1,0,-6,0,0
4,,7331,Al Janadriyah,city Riyadh Al Janadriyah district_164,Resid.,Open,,,,,0.03,0.02,0,0,0,0,0,0,0,0,0,0,0,0,0,0,4,4,0,0,0,-4,0,0
4,,7329,Al Janadriyah,city Riyadh Al Janadriyah district_162,Resid.,Open,,,,,0.06,0.04,0,0,0,0,0,2,0,0,0,0,2,0,1,1,10,8,1,1,0,-9,0,0
4,,7336,Al Janadriyah,city Riyadh Al Janadriyah district_169,Mixed.,Open,,,,,0.02,0.01,0,0,0,0,0,0,0,0,0,0,0,0,0,0,3,3,0,0,0,-3,0,0
4,,7340,Al Janadriyah,city Riyadh Al Janadriyah district_173,Mixed.,Open,,,,,0.03,0.02,0,0,0,0,0,0,0,0,0,0,0,0,0,0,4,4,0,0,0,-4,0,0
4,,7342,Al Janadriyah,city Riyadh Al Janadriyah district_175,Mixed.,Open,,,,,0.03,0.02,0,0,0,0,0,2,0,0,0,0,2,0,0,2,5,2,0,3,0,-4,0,0
4,,7343,Al Janadriyah,city Riyadh Al Janadriyah district_176,Mixed.,Open,,,,,0.02,0.01,0,0,0,0,0,1,0,0,0,0,1,0,0,1,3,2,0,1,0,-3,0,0
4,,7346,Al Janadriyah,city Riyadh Al Janadriyah district_179,Mixed.,Open,,,,,0.03,0.02,0,0,0,0,0,0,0,0,0,0,0,0,0,0,4,4,0,0,0,-4,0,0
4,,7348,Al Janadriyah,city Riyadh Al Janadriyah district_181,Resid.,Open,,,,,0.02,0.01,0,0,0,0,0,0,0,0,0,0,0,0,0,0,3,3,0,0,0,-3,0,0
4,,7353,Al Janadriyah,city Riyadh Al Janadriyah district_186,Mixed.,Open,,,,,0.09,0.06,0,0,0,0,0,2,0,0,0,0,2,0,0,2,13,10,0,3,0,-12,0,0
4,,7355,Al Janadriyah,city Riyadh Al Janadriyah district_188,Mixed.,Open,,,,,0.11,0.08,0,0,0,0,0,0,0,0,0,0,0,0,0,0,16,16,0,0,0,-16,0,0
4,,7366,Al Janadriyah,city Riyadh Al Janadriyah district_199,Resid.,Open,,,,,0.02,0.01,0,0,0,0,0,4,0,0,0,0,4,1,1,2,5,2,1,2,0,-3,0,0
4,,7369,Al Janadriyah,city Riyadh Al Janadriyah district_201,Resid.,Open,,,,,0.08,0.05,0,0,0,0,0,0,0,0,0,0,0,0,0,0,11,11,0,0,0,-11,0,0
4,,7374,Al Janadriyah,city Riyadh Al Janadriyah district_206,Mixed.,Open,,,,,0.02,0.01,0,0,0,0,0,0,0,0,0,0,0,0,0,0,4,3,0,1,0,-3,0,0
4,,7375,Al Janadriyah,city Riyadh Al Janadriyah district_207,Mixed.,Open,,,,,0.02,0.01,0,0,0,0,0,2,0,0,0,0,2,0,2,0,3,2,1,0,0,-3,0,0
4,,7379,Al Janadriyah,city Riyadh Al Janadriyah district_219,Mixed.,Open,,,,,0.03,0.02,0,0,0,0,0,0,0,0,0,0,0,0,0,0,4,4,0,0,0,-4,0,0
4,,7380,Al Janadriyah,city Riyadh Al Janadriyah district_220,Mixed.,Open,,,,,0.02,0.01,0,0,0,0,0,0,0,0,0,0,0,0,0,0,3,3,0,0,0,-3,0,0
4,,7385,Al Janadriyah,city Riyadh Al Janadriyah district_225,Mixed.,Open,,,,,0.02,0.01,0,0,0,0,0,0,0,0,0,0,0,0,0,0,3,3,0,0,0,-3,0,0
4,,7392,Al Janadriyah,city Riyadh Al Janadriyah district_232,Resid.,Open,,,,,0.2,0.13,0,0,0,0,0,9,0,0,0,0,9,1,1,7,33,24,1,8,0,-28,0,0
4,,7393,Al Janadriyah,city Riyadh Al Janadriyah district_233,Resid.,Open,,,,,0.16,0.1,0,0,0,0,0,6,0,0,0,0,6,2,2,2,24,20,2,2,0,-22,0,0
4,,7394,Al Janadriyah,city Riyadh Al Janadriyah district_234,Resid.,Open,,,,,0.11,0.08,0,0,0,0,0,3,0,0,0,0,3,0,1,2,17,13,1,3,0,-16,0,0
4,,7395,Al Janadriyah,city Riyadh Al Janadriyah district_235,Resid.,Open,,,,,0.12,0.08,0,0,0,0,0,6,0,0,0,0,6,2,2,2,19,15,2,2,0,-17,0,0
4,,7397,Al Janadriyah,city Riyadh Al Janadriyah district_237,Resid.,Open,,,,,0.04,0.03,0,0,0,0,0,0,0,0,0,0,0,0,0,0,6,6,0,0,0,-6,0,0
4,,7398,Al Janadriyah,city Riyadh Al Janadriyah district_238,Resid.,Open,,,,,0.04,0.03,0,0,0,0,0,3,0,0,0,0,3,1,1,1,7,5,1,1,0,-6,0,0
4,,7424,Al Janadriyah,city Riyadh Al Janadriyah district_276,Mixed.,Open,,,,,0.02,0.01,0,0,0,0,0,0,0,0,0,0,0,0,0,0,3,3,0,0,0,-3,0,0
4,,7427,Al Janadriyah,city Riyadh Al Janadriyah district_509,Resid.,Open,,,,,0.03,0.02,0,0,0,0,0,0,0,0,0,0,0,0,0,0,4,4,0,0,0,-4,0,0
4,,7431,Al Janadriyah,city Riyadh Al Janadriyah district_516,Resid.,Open,,,,,0.07,0.05,0,0,0,0,0,5,0,0,0,0,5,1,1,3,13,9,1,3,0,-10,0,0
4,,7435,Al Jazeera,city Riyadh Al Jazeera district_315,Resid.,Open,,,,,0.04,0.02,0,0,0,0,0,0,0,0,0,0,0,0,0,0,5,5,0,0,0,-5,0,0
4,,7443,Al Jazeera,city Riyadh Al Jazeera district_323,Resid.,Open,,,,,0.04,0.02,0,0,0,0,0,6,0,0,0,0,6,2,2,2,7,3,2,2,0,-5,0,0
4,,7449,Al Jazeera,city Riyadh Al Jazeera district_329,Resid.,Open,,,,,0.02,0.01,0,0,0,0,0,3,0,0,0,0,3,1,1,1,4,2,1,1,0,-3,0,0
4,,7450,Al Jazeera,city Riyadh Al Jazeera district_330,Resid.,Open,,,,,0.03,0.02,0,0,0,0,0,0,0,0,0,0,0,0,0,0,6,4,0,2,0,-4,0,0
4,,7454,Al Jazeera,city Riyadh Al Jazeera district_334,Resid.,Open,,,,,0.04,0.02,0,0,0,0,0,6,0,0,0,0,6,2,2,2,7,3,2,2,0,-5,0,0
4,,7458,Al Jazeera,city Riyadh Al Jazeera district_338,Resid.,Open,,,,,0.04,0.03,0,0,0,0,0,0,0,0,0,0,0,0,0,0,7,6,0,1,0,-6,0,0
4,,7462,Al Jazeera,city Riyadh Al Jazeera district_342,Resid.,Open,,,,,0.02,0.01,0,0,0,0,0,3,0,0,0,0,3,1,1,1,4,2,1,1,0,-3,0,0
4,,7464,Al Jazeera,city Riyadh Al Jazeera district_344,Resid.,Open,,,,,0.06,0.04,0,0,0,0,0,3,0,0,0,0,3,1,1,1,11,8,1,2,0,-9,0,0
4,,7466,Al Jazeera,city Riyadh Al Jazeera district_346,Resid.,Open,,,,,0.03,0.02,0,0,0,0,0,0,0,0,0,0,0,0,0,0,4,4,0,0,0,-4,0,0
4,,7468,Al Jazeera,city Riyadh Al Jazeera district_348,Resid.,Open,,,,,0.14,0.09,0,0,0,0,0,6,0,0,0,0,6,2,2,2,25,17,2,6,0,-19,0,0
4,,7470,Al Jazeera,city Riyadh Al Jazeera district_350,Resid.,Open,,,,,0.02,0.01,0,0,0,0,0,0,0,0,0,0,0,0,0,0,4,3,0,1,0,-3,0,0
4,,7477,Al Jazeera,city Riyadh Al Jazeera district_357,Mixed.,Open,,,,,0.07,0.05,0,0,0,0,0,0,0,0,0,0,0,0,0,0,13,10,0,3,0,-10,0,0
4,,7480,Al Jazeera,city Riyadh Al Jazeera district_360,Mixed.,Open,,,,,0.26,0.18,0,0,0,0,0,2,0,0,0,0,2,0,0,2,37,35,0,2,0,-37,0,0
4,,7481,Al Jazeera,city Riyadh Al Jazeera district_361,Mixed.,Open,,,,,0.11,0.08,0,0,0,0,0,8,0,0,0,0,8,0,4,4,20,13,1,6,0,-16,0,0
4,,7484,Al Jazeera,city Riyadh Al Jazeera district_563,Mixed.,Open,,,,,0.11,0.07,0,0,0,0,0,2,0,0,0,0,2,0,0,2,15,13,0,2,0,-15,0,0
4,,7488,Al Khair,city Riyadh Al Khair district_375,Mixed.,Open,,,,,0.03,0.02,0,0,0,0,0,3,0,0,0,0,3,1,1,1,5,3,1,1,0,-4,0,0
4,,7531,Al Marwah,city Riyadh Al Marwah district_234,Resid.,Open,,,,,0.02,0.01,0,0,0,0,0,0,0,0,0,0,0,0,0,0,4,3,0,1,0,-3,0,0
4,,7550,Al Marwah,city Riyadh Al Marwah district_253,Mixed.,Open,,,,,0.03,0.02,0,0,0,0,0,1,0,0,0,0,1,1,0,0,4,3,1,0,0,-4,0,0
4,,7551,Al Marwah,city Riyadh Al Marwah district_254,Resid.,Open,,,,,0.02,0.01,0,0,0,0,0,0,0,0,0,0,0,0,0,0,4,3,0,1,0,-3,0,0
4,,7552,Al Marwah,city Riyadh Al Marwah district_255,Resid.,Open,,,,,0.04,0.02,0,0,0,0,0,6,0,0,0,0,6,2,2,2,7,3,2,2,0,-5,0,0
4,,7558,Al Marwah,city Riyadh Al Marwah district_261,Resid.,Open,,,,,0.07,0.05,0,0,0,0,0,1,0,0,0,0,1,0,1,0,10,9,1,0,0,-10,0,0
4,,7564,Al Marwah,city Riyadh Al Marwah district_267,Resid.,Open,,,,,0.06,0.04,0,0,0,0,0,3,0,0,0,0,3,1,1,1,11,8,1,2,0,-9,0,0
4,,7567,Al Marwah,city Riyadh Al Marwah district_270,Resid.,Open,,,,,0.06,0.04,0,0,0,0,0,5,0,0,0,0,5,1,2,2,14,7,2,5,0,-9,0,0
4,,7568,Al Marwah,city Riyadh Al Marwah district_271,Resid.,Open,,,,,0.09,0.06,0,0,0,0,0,5,0,0,0,0,5,1,1,3,15,10,1,4,0,-13,0,0
4,,7570,Al Marwah,city Riyadh Al Marwah district_273,Resid.,Open,,,,,0.06,0.04,0,0,0,0,0,0,0,0,0,0,0,0,0,0,9,9,0,0,0,-9,0,0
4,,7585,Al Mashriq,city Riyadh Al Mashriq district_475,Mixed.,Open,,,,,0.04,0.02,0,0,0,0,0,4,0,0,0,0,4,1,1,2,6,4,1,1,0,-5,0,0
4,,7588,Al Mishael,city Riyadh Al Mishael district_566,Com,Open,,,,,0.09,0.06,0,0,0,0,0,6,0,0,0,0,6,0,6,0,14,11,2,1,0,-13,0,0
4,,7589,Al Mishael,city Riyadh Al Mishael district_567,Com,Open,,,,,0.08,0.05,0,0,0,0,0,6,0,0,0,0,6,1,4,1,12,9,2,1,0,-11,0,0
4,,7590,Al Mishael,city Riyadh Al Mishael district_568,Mixed.,Open,,,,,0.04,0.02,0,0,0,0,0,0,0,0,0,0,0,0,0,0,5,5,0,0,0,-5,0,0
4,,7591,Al Mishael,city Riyadh Al Mishael district_569,Com,Open,,,,,0.06,0.04,0,0,0,0,0,2,0,0,0,0,2,0,2,0,11,7,1,3,0,-8,0,0
4,,7593,Al Mishael,city Riyadh Al Mishael district_571,Com,Open,,,,,0.04,0.02,0,0,0,0,0,2,0,0,0,0,2,0,2,0,5,4,1,0,0,-5,0,0
4,,7594,Al Mishael,city Riyadh Al Mishael district_572,Com,Open,,,,,0.16,0.11,0,0,0,0,0,6,0,0,0,0,6,0,5,1,25,21,2,2,0,-23,0,0
4,,7597,Al Mishael,city Riyadh Al Mishael district_575,Com,Open,,,,,0.06,0.04,0,0,0,0,0,3,0,0,0,0,3,1,1,1,9,7,1,1,0,-8,0,0
4,,7602,Al Mishael,city Riyadh Al Mishael district_580,Mixed.,Open,,,,,0.09,0.06,0,0,0,0,0,3,0,0,0,0,3,1,1,1,14,12,1,1,0,-13,0,0
4,,7604,Al Mishael,city Riyadh Al Mishael district_582,Com,Open,,,,,0.08,0.05,0,0,0,0,0,4,0,0,0,0,4,0,4,0,12,10,1,1,0,-11,0,0
4,,7605,Al Mishael,city Riyadh Al Mishael district_583,Com,Open,,,,,0.1,0.07,0,0,0,0,0,4,0,0,0,0,4,0,4,0,15,12,2,1,0,-14,0,0
4,,7608,Al Mishael,city Riyadh Al Mishael district_586,Mixed.,Open,,,,,0.03,0.02,0,0,0,0,0,0,0,0,0,0,0,0,0,0,4,4,0,0,0,-4,0,0
4,,7609,Al Mishael,city Riyadh Al Mishael district_587,Com,Open,,,,,0.06,0.04,0,0,0,0,0,4,0,0,0,0,4,0,4,0,9,8,1,0,0,-9,0,0
4,,7610,Al Mishael,city Riyadh Al Mishael district_588,Com,Open,,,,,0.11,0.07,0,0,0,0,0,5,0,0,0,0,5,0,4,1,16,12,3,1,0,-15,0,0
4,,7611,Al Mishael,city Riyadh Al Mishael district_589,Com,Open,,,,,0.15,0.1,0,0,0,0,0,5,0,0,0,0,5,0,4,1,23,19,2,2,0,-21,0,0
4,,7617,Al Mishael,city Riyadh Al Mishael district_595,Com,Open,,,,,0.1,0.07,0,0,0,0,0,2,0,0,0,0,2,0,2,0,16,13,1,2,0,-14,0,0
4,,7618,Al Mishael,city Riyadh Al Mishael district_596,Mixed.,Open,,,,,0.03,0.02,0,0,0,0,0,0,0,0,0,0,0,0,0,0,5,4,0,1,0,-4,0,0
4,,7619,Al Mishael,city Riyadh Al Mishael district_597,Mixed.,Open,,,,,0.06,0.04,0,0,0,0,0,0,0,0,0,0,0,0,0,0,8,8,0,0,0,-8,0,0
4,,7623,Al Mishael,city Riyadh Al Mishael district_601,Com,Open,,,,,0.09,0.06,0,0,0,0,0,5,0,0,0,0,5,0,3,2,14,10,2,2,0,-12,0,0
4,,7620,Al Mishael,city Riyadh Al Mishael district_598,Mixed.,Open,,,,,0.06,0.04,0,0,0,0,0,0,0,0,0,0,0,0,0,0,8,8,0,0,0,-8,0,0
4,,7629,Al Mishael,city Riyadh Al Mishael district_607,Com,Open,,,,,0.06,0.04,0,0,0,0,0,5,0,0,0,0,5,0,5,0,10,8,1,1,0,-9,0,0
4,,7626,Al Mishael,city Riyadh Al Mishael district_604,Mixed.,Open,,,,,0.11,0.08,0,0,0,0,0,7,0,0,0,0,7,0,5,2,18,14,2,2,0,-16,0,0
4,,7631,Al Mishael,city Riyadh Al Mishael district_609,Com,Open,,,,,0.06,0.04,0,0,0,0,0,4,0,0,0,0,4,0,3,1,9,7,2,0,0,-9,0,0
4,,7633,Al Mishael,city Riyadh Al Mishael district_611,Mixed.,Open,,,,,0.04,0.03,0,0,0,0,0,3,0,0,0,0,3,1,1,1,7,5,1,1,0,-6,0,0
4,,7635,Al Mishael,city Riyadh Al Mishael district_613,Com,Open,,,,,0.06,0.04,0,0,0,0,0,7,0,0,0,0,7,1,5,1,10,6,2,2,0,-8,0,0
4,,7637,Al Mishael,city Riyadh Al Mishael district_615,Com,Open,,,,,0.06,0.04,0,0,0,0,0,5,0,0,0,0,5,0,5,0,8,7,1,0,0,-8,0,0
4,,7638,Al Mishael,city Riyadh Al Mishael district_616,Mixed.,Open,,,,,0.09,0.06,0,0,0,0,0,0,0,0,0,0,0,0,0,0,13,13,0,0,0,-13,0,0
4,,7640,Al Mishael,city Riyadh Al Mishael district_820,Com,Open,,,,,0.09,0.06,0,0,0,0,0,5,0,0,0,0,5,0,5,0,12,11,1,0,0,-12,0,0
4,,7641,Al Mishael,city Riyadh Al Mishael district_821,Mixed.,Open,,,,,0.08,0.05,0,0,0,0,0,0,0,0,0,0,0,0,0,0,12,11,0,1,0,-11,0,0
4,,7646,Al Nadwah,city Riyadh Al Nadwah district_956,Resid.,Open,,,,,0.02,0.01,0,0,0,0,0,0,0,0,0,0,0,0,0,0,3,3,0,0,0,-3,0,0
4,,7648,Al Nadwah,city Riyadh Al Nadwah district_958,Resid.,Open,,,,,0.06,0.04,0,0,0,0,0,2,0,0,0,0,2,0,2,0,8,6,2,0,0,-8,0,0
4,,7660,Al Nadwah,city Riyadh Al Nadwah district_970,Resid.,Open,,,,,0.02,0.01,0,0,0,0,0,0,0,0,0,0,0,0,0,0,4,3,0,1,0,-3,0,0
4,,7663,Al Nadwah,city Riyadh Al Nadwah district_973,Resid.,Open,,,,,0.07,0.05,0,0,0,0,0,0,0,0,0,0,0,0,0,0,12,10,0,2,0,-10,0,0
4,,7670,Al Nadwah,city Riyadh Al Nadwah district_980,Resid.,Open,,,,,0.09,0.06,0,0,0,0,0,0,0,0,0,0,0,0,0,0,14,13,0,1,0,-13,0,0
4,,7675,Al Nazim,city Riyadh Al Nazim district_1001,Resid.,Open,,,,,0.06,0.04,0,0,0,0,0,1,0,0,0,0,1,0,0,1,8,7,0,1,0,-8,0,0
4,,7677,Al Nazim,city Riyadh Al Nazim district_1003,Resid.,Open,,,,,0.06,0.04,0,0,0,0,0,1,0,0,0,0,1,0,0,1,8,7,0,1,0,-8,0,0
4,,7678,Al Nazim,city Riyadh Al Nazim district_1004,Resid.,Open,,,,,0.08,0.05,0,0,0,0,0,1,0,0,0,0,1,0,1,0,12,10,1,1,0,-11,0,0
4,,7680,Al Nazim,city Riyadh Al Nazim district_1006,Mixed.,Open,,,,,0.13,0.09,0,0,0,0,0,6,0,0,0,0,6,1,2,3,21,14,2,5,0,-18,0,0
4,,7685,Al Nazim,city Riyadh Al Nazim district_1011,Resid.,Open,,,,,0.05,0.03,0,0,0,0,0,2,0,0,0,0,2,0,0,2,8,6,0,2,0,-7,0,0
4,,7686,Al Nazim,city Riyadh Al Nazim district_1012,Resid.,Open,,,,,0.06,0.04,0,0,0,0,0,2,0,0,0,0,2,0,1,1,9,7,1,1,0,-9,0,0
4,,7687,Al Nazim,city Riyadh Al Nazim district_1013,Mixed.,Open,,,,,0.12,0.08,0,0,0,0,0,4,0,0,0,0,4,0,3,1,18,14,2,2,0,-17,0,0
4,,7688,Al Nazim,city Riyadh Al Nazim district_1014,Resid.,Open,,,,,0.04,0.02,0,0,0,0,0,3,0,0,0,0,3,1,1,1,7,4,1,2,0,-5,0,0
4,,7689,Al Nazim,city Riyadh Al Nazim district_1015,Resid.,,,,,,0.04,0.03,0,0,0,0,0,3,0,0,0,0,3,1,1,1,7,5,1,1,0,-6,0,0
4,,7693,Al Nazim,city Riyadh Al Nazim district_1019,Resid.,,,,,,0.06,0.04,0,0,0,0,0,3,0,0,0,0,3,0,3,0,8,7,1,0,0,-8,0,0
4,,7695,Al Nazim,city Riyadh Al Nazim district_1021,Resid.,,,,,,0.02,0.01,0,0,0,0,0,3,0,0,0,0,3,1,1,1,4,2,1,1,0,-3,0,0
4,,7696,Al Nazim,city Riyadh Al Nazim district_1022,Resid.,Open,,,,,0.1,0.07,0,0,0,0,0,1,0,0,0,0,1,0,1,0,14,13,1,0,0,-14,0,0
4,,7697,Al Nazim,city Riyadh Al Nazim district_1023,Resid.,Open,,,,,0.04,0.02,0,0,0,0,0,0,0,0,0,0,0,0,0,0,5,5,0,0,0,-5,0,0
4,,7698,Al Nazim,city Riyadh Al Nazim district_1024,Resid.,Open,,,,,0.02,0.01,0,0,0,0,0,3,0,0,0,0,3,1,1,1,4,2,1,1,0,-3,0,0
4,,7699,Al Nazim,city Riyadh Al Nazim district_1025,Resid.,Open,,,,,0.04,0.02,0,0,0,0,0,0,0,0,0,0,0,0,0,0,6,5,0,1,0,-5,0,0
4,,7703,Al Nazim,city Riyadh Al Nazim district_1029,Resid.,Open,,,,,0.06,0.04,0,0,0,0,0,1,0,0,0,0,1,0,0,1,9,8,0,1,0,-9,0,0
4,,7705,Al Nazim,city Riyadh Al Nazim district_1031,Mixed.,Open,,,,,0.19,0.12,0,0,0,0,0,7,0,0,0,0,7,0,4,3,27,22,1,4,0,-26,0,0
4,,7708,Al Nazim,city Riyadh Al Nazim district_1034,Resid.,Open,,,,,0.08,0.05,0,0,0,0,0,1,0,0,0,0,1,0,0,1,13,11,0,2,0,-11,0,0
4,,7709,Al Nazim,city Riyadh Al Nazim district_1035,Resid.,Open,,,,,0.04,0.02,0,0,0,0,0,1,0,0,0,0,1,0,0,1,6,5,0,1,0,-5,0,0
4,,7710,Al Nazim,city Riyadh Al Nazim district_1036,Resid.,Open,,,,,0.06,0.04,0,0,0,0,0,3,0,0,0,0,3,0,2,1,9,6,1,2,0,-8,0,0
4,,7712,Al Nazim,city Riyadh Al Nazim district_1038,Resid.,Open,,,,,0.02,0.01,0,0,0,0,0,0,0,0,0,0,0,0,0,0,3,3,0,0,0,-3,0,0
4,,7714,Al Nazim,city Riyadh Al Nazim district_1040,Resid.,Open,,,,,0.04,0.02,0,0,0,0,0,3,0,0,0,0,3,1,1,1,6,4,1,1,0,-5,0,0
4,,7715,Al Nazim,city Riyadh Al Nazim district_1041,Resid.,Open,,,,,0.06,0.04,0,0,0,0,0,4,0,0,0,0,4,1,2,1,9,6,2,1,0,-8,0,0
4,,7723,Al Nazim,city Riyadh Al Nazim district_1049,Resid.,Open,,,,,0.03,0.02,0,0,0,0,0,3,0,0,0,0,3,1,1,1,5,3,1,1,0,-4,0,0
4,,7726,Al Nazim,city Riyadh Al Nazim district_1052,Resid.,Open,,,,,0.02,0.01,0,0,0,0,0,0,0,0,0,0,0,0,0,0,3,3,0,0,0,-3,0,0
4,,7728,Al Nazim,city Riyadh Al Nazim district_1054,Mixed.,Open,,,,,0.02,0.01,0,0,0,0,0,0,0,0,0,0,0,0,0,0,3,3,0,0,0,-3,0,0
4,,7731,Al Nazim,city Riyadh Al Nazim district_1057,Mixed.,Open,,,,,0.02,0.01,0,0,0,0,0,0,0,0,0,0,0,0,0,0,3,3,0,0,0,-3,0,0
4,,7732,Al Nazim,city Riyadh Al Nazim district_1058,Mixed.,Open,,,,,0.05,0.03,0,0,0,0,0,0,0,0,0,0,0,0,0,0,7,7,0,0,0,-7,0,0
4,,7733,Al Nazim,city Riyadh Al Nazim district_1059,Mixed.,Open,,,,,0.09,0.06,0,0,0,0,0,0,0,0,0,0,0,0,0,0,12,12,0,0,0,-12,0,0
4,,7734,Al Nazim,city Riyadh Al Nazim district_1060,Mixed.,Open,,,,,0.03,0.02,0,0,0,0,0,2,0,0,0,0,2,0,0,2,4,2,0,2,0,-4,0,0
4,,7743,Al Nazim,city Riyadh Al Nazim district_983,Resid.,Open,,,,,0.14,0.09,0,0,0,0,0,6,0,0,0,0,6,1,4,1,20,16,3,1,0,-19,0,0
4,,7744,Al Nazim,city Riyadh Al Nazim district_984,Resid.,Open,,,,,0.12,0.08,0,0,0,0,0,4,0,0,0,0,4,1,1,2,18,15,1,2,0,-17,0,0
4,,7745,Al Nazim,city Riyadh Al Nazim district_985,Resid.,Open,,,,,0.09,0.06,0,0,0,0,0,10,0,0,0,0,10,1,8,1,14,8,5,1,0,-13,0,0
4,,7746,Al Nazim,city Riyadh Al Nazim district_986,Resid.,Open,,,,,0.09,0.06,0,0,0,0,0,5,0,0,0,0,5,1,3,1,13,10,2,1,0,-12,0,0
4,,7747,Al Nazim,city Riyadh Al Nazim district_987,Resid.,Open,,,,,0.11,0.08,0,0,0,0,0,8,0,0,0,0,8,1,5,2,18,13,3,2,0,-16,0,0
4,,7753,Al Nazim,city Riyadh Al Nazim district_993,Resid.,Open,,,,,0.1,0.07,0,0,0,0,0,2,0,0,0,0,2,0,2,0,15,13,1,1,0,-14,0,0
4,,7754,Al Nazim,city Riyadh Al Nazim district_994,Resid.,Open,,,,,0.06,0.04,0,0,0,0,0,3,0,0,0,0,3,1,1,1,9,7,1,1,0,-8,0,0
4,,7756,Al Nazim,city Riyadh Al Nazim district_996,Mixed.,Open,,,,,0.05,0.03,0,0,0,0,0,1,0,0,0,0,1,0,0,1,7,6,0,1,0,-7,0,0
4,,7758,Al Nazim,city Riyadh Al Nazim district_998,Resid.,Open,,,,,0.08,0.05,0,0,0,0,0,4,0,0,0,0,4,0,4,0,11,9,2,0,0,-11,0,0
4,,7759,Al Nazim,city Riyadh Al Nazim district_999,Resid.,Open,,,,,0.04,0.02,0,0,0,0,0,0,0,0,0,0,0,0,0,0,5,5,0,0,0,-5,0,0
4,,7863,Al Rabiyah,city Riyadh Al Rabiyah district_463,Mixed.,Open,,,,,0.02,0.01,0,0,0,0,0,3,0,0,0,0,3,1,1,1,4,2,1,1,0,-3,0,0
4,,8047,Al Rimayah,city Riyadh Al Rimayah district_1080,Mixed.,Open,,,,,0.04,0.03,0,0,0,0,0,2,0,0,0,0,2,0,0,2,7,5,0,2,0,-6,0,0
4,,8049,Al Rimayah,city Riyadh Al Rimayah district_1083,Mixed.,Open,,,,,0.04,0.02,0,0,0,0,0,4,0,0,0,0,4,1,2,1,6,4,1,1,0,-5,0,0
4,,8050,Al Rimayah,city Riyadh Al Rimayah district_1085,Resid.,Open,,,,,0.03,0.02,0,0,0,0,0,1,0,0,0,0,1,0,0,1,4,3,0,1,0,-4,0,0
4,,8053,Al Rimayah,city Riyadh Al Rimayah district_925,Resid.,Open,,,,,0.03,0.02,0,0,0,0,0,1,0,0,0,0,1,0,1,0,4,3,1,0,0,-4,0,0
4,,8058,Al Rimayah,city Riyadh Al Rimayah district_930,Mixed.,Open,,,,,0.02,0.01,0,0,0,0,0,0,0,0,0,0,0,0,0,0,3,3,0,0,0,-3,0,0
4,,8061,Al Rimayah,city Riyadh Al Rimayah district_933,Resid.,Open,,,,,0.04,0.02,0,0,0,0,0,0,0,0,0,0,0,0,0,0,5,5,0,0,0,-5,0,0
4,,8069,Al Rimayah,city Riyadh Al Rimayah district_941,Mixed.,Open,,,,,0.06,0.04,0,0,0,0,0,4,0,0,0,0,4,1,2,1,10,8,1,1,0,-9,0,0
4,,8073,Al Rimayah,city Riyadh Al Rimayah district_945,Mixed.,Open,,,,,0.09,0.06,0,0,0,0,0,2,0,0,0,0,2,0,0,2,13,10,0,3,0,-12,0,0
4,,8079,Al Rimayah,city Riyadh Al Rimayah district_951,Mixed.,Open,,,,,0.02,0.01,0,0,0,0,0,0,0,0,0,0,0,0,0,0,3,3,0,0,0,-3,0,0
4,,8134,Al Sarhiyah,city Riyadh Al Sarhiyah district_1383,Mixed.,Open,,,,,0.11,0.07,0,0,0,0,0,0,0,0,0,0,0,0,0,0,18,15,0,3,0,-15,0,0
4,,8135,Al Sarhiyah,city Riyadh Al Sarhiyah district_1384,Mixed.,Open,,,,,0.12,0.08,0,0,0,0,0,4,0,0,0,0,4,0,2,2,19,16,1,2,0,-17,0,0
4,,5423,Al Shohda,city Riyadh Al Shohda district_1396,Mixed.,Open,,,,,0.16,0.1,0,0,0,0,0,7,1,0,1,0,6,0,2,4,27,21,1,5,0,-21,0,0
4,,5424,Al Shohda,city Riyadh Al Shohda district_1397,Resid.,Open,,,,,0.06,0.04,0,0,0,0,0,0,0,0,0,0,0,0,0,0,12,9,0,3,0,-9,0,0
4,,8500,Badr,city Riyadh Badr district_355,Mixed.,Open,,,,,0.13,0.09,0,0,0,0,0,3,0,0,0,0,3,0,1,2,23,17,1,5,0,-18,0,0
4,,8502,Badr,city Riyadh Badr district_357,Resid.,Open,,,,,0.04,0.03,0,0,0,0,0,0,0,0,0,0,0,0,0,0,6,6,0,0,0,-6,0,0
4,,8505,Badr,city Riyadh Badr district_360,Resid.,Open,,,,,0.04,0.03,0,0,0,0,0,3,0,0,0,0,3,1,1,1,7,5,1,1,0,-6,0,0
4,,8514,Badr,city Riyadh Badr district_369,Resid.,Open,,,,,0.04,0.03,0,0,0,0,0,0,0,0,0,0,0,0,0,0,6,6,0,0,0,-6,0,0
4,,8515,Badr,city Riyadh Badr district_370,Resid.,Open,,,,,0.04,0.03,0,0,0,0,0,4,0,0,0,0,4,1,2,1,9,4,2,3,0,-6,0,0
4,,8517,Badr,city Riyadh Badr district_372,Resid.,Open,,,,,0.09,0.06,0,0,0,0,0,5,0,0,0,0,5,1,3,1,15,11,2,2,0,-13,0,0
4,,8520,Badr,city Riyadh Badr district_375,Resid.,Open,,,,,0.07,0.05,0,0,0,0,0,1,0,0,0,0,1,0,0,1,12,10,0,2,0,-10,0,0
4,,8522,Badr,city Riyadh Badr district_377,Resid.,Open,,,,,0.05,0.03,0,0,0,0,0,4,0,0,0,0,4,1,2,1,9,5,2,2,0,-7,0,0
4,,8525,Badr,city Riyadh Badr district_380,Resid.,Open,,,,,0.04,0.02,0,0,0,0,0,1,0,0,0,0,1,0,0,1,6,4,0,2,0,-5,0,0
4,,8526,Badr,city Riyadh Badr district_381,Resid.,Open,,,,,0.02,0.01,0,0,0,0,0,0,0,0,0,0,0,0,0,0,3,3,0,0,0,-3,0,0
4,,8527,Badr,city Riyadh Badr district_382,Resid.,Open,,,,,0.04,0.03,0,0,0,0,0,0,0,0,0,0,0,0,0,0,7,6,0,1,0,-6,0,0
4,,8530,Badr,city Riyadh Badr district_385,Resid.,Open,,,,,0.02,0.01,0,0,0,0,0,0,0,0,0,0,0,0,0,0,3,3,0,0,0,-3,0,0
4,,8533,Badr,city Riyadh Badr district_388,Mixed.,Open,,,,,0.05,0.03,0,0,0,0,0,3,0,0,0,0,3,0,3,0,7,6,1,0,0,-7,0,0
4,,8535,Badr,city Riyadh Badr district_390,Resid.,Open,,,,,0.06,0.04,0,0,0,0,0,1,0,0,0,0,1,0,1,0,8,7,1,0,0,-8,0,0
4,,8536,Badr,city Riyadh Badr district_391,Mixed.,Open,,,,,0.04,0.03,0,0,0,0,0,0,0,0,0,0,0,0,0,0,7,6,0,1,0,-6,0,0
4,,8537,Badr,city Riyadh Badr district_392,Resid.,Open,,,,,0.06,0.04,0,0,0,0,0,1,0,0,0,0,1,0,0,1,10,9,0,1,0,-9,0,0
4,,8539,Badr,city Riyadh Badr district_394,Mixed.,Open,,,,,0.06,0.04,0,0,0,0,0,1,0,0,0,0,1,0,1,0,9,8,1,0,0,-9,0,0
4,,8543,Badr,city Riyadh Badr district_398,Resid.,Open,,,,,0.03,0.02,0,0,0,0,0,3,0,0,0,0,3,0,3,0,5,3,1,1,0,-4,0,0
4,,8545,Badr,city Riyadh Badr district_400,Resid.,Open,,,,,0.09,0.06,0,0,0,0,0,5,0,0,0,0,5,1,3,1,15,10,3,2,0,-13,0,0
4,,8546,Badr,city Riyadh Badr district_401,Mixed.,Open,,,,,0.06,0.04,0,0,0,0,0,4,0,0,0,0,4,0,2,2,9,7,1,1,0,-8,0,0
4,,8547,Badr,city Riyadh Badr district_402,Resid.,Open,,,,,0.03,0.02,0,0,0,0,0,3,0,0,0,0,3,1,1,1,5,3,1,1,0,-4,0,0
4,,8548,Badr,city Riyadh Badr district_403,Resid.,Open,,,,,0.03,0.02,0,0,0,0,0,0,0,0,0,0,0,0,0,0,5,4,0,1,0,-4,0,0
4,,8549,Badr,city Riyadh Badr district_404,Resid.,Open,,,,,0.04,0.02,0,0,0,0,0,3,0,0,0,0,3,1,1,1,6,4,1,1,0,-5,0,0
4,,8551,Badr,city Riyadh Badr district_406,Mixed.,Open,,,,,0.08,0.05,0,0,0,0,0,6,0,0,0,0,6,2,2,2,15,9,2,4,0,-11,0,0
4,,8559,Badr,city Riyadh Badr district_414,Resid.,Open,,,,,0.11,0.07,0,0,0,0,0,3,0,0,0,0,3,1,1,1,17,14,1,2,0,-15,0,0
4,,8566,Badr,city Riyadh Badr district_421,Resid.,Open,,,,,0.09,0.06,0,0,0,0,0,1,0,0,0,0,1,0,0,1,13,11,0,2,0,-12,0,0
4,,8568,Badr,city Riyadh Badr district_423,Resid.,Open,,,,,0.04,0.02,0,0,0,0,0,0,0,0,0,0,0,0,0,0,5,5,0,0,0,-5,0,0
4,,8569,Badr,city Riyadh Badr district_424,Resid.,Open,,,,,0.03,0.02,0,0,0,0,0,0,0,0,0,0,0,0,0,0,4,4,0,0,0,-4,0,0
4,,8570,Badr,city Riyadh Badr district_425,Resid.,Open,,,,,0.11,0.08,0,0,0,0,0,4,0,0,0,0,4,1,2,1,18,14,2,2,0,-16,0,0
4,,8571,Badr,city Riyadh Badr district_426,Resid.,Open,,,,,0.14,0.09,0,0,0,0,0,10,0,0,0,0,10,2,2,6,21,13,2,6,0,-19,0,0
4,,8573,Badr,city Riyadh Badr district_428,Resid.,Open,,,,,0.03,0.02,0,0,0,0,0,3,0,0,0,0,3,1,1,1,5,3,1,1,0,-4,0,0
4,,8578,Badr,city Riyadh Badr district_433,Resid.,Open,,,,,0.07,0.05,0,0,0,0,0,4,0,0,0,0,4,1,1,2,12,8,1,3,0,-10,0,0
4,,8580,Badr,city Riyadh Badr district_435,Resid.,Open,,,,,0.04,0.03,0,0,0,0,0,3,0,0,0,0,3,0,1,2,7,6,0,1,0,-6,0,0
4,,8581,Badr,city Riyadh Badr district_436,Resid.,Open,,,,,0.04,0.03,0,0,0,0,0,3,0,0,0,0,3,1,1,1,7,5,1,1,0,-6,0,0
4,,8587,Badr,city Riyadh Badr district_443,Resid.,Open,,,,,0.02,0.01,0,0,0,0,0,1,0,0,0,0,1,0,1,0,3,2,1,0,0,-3,0,0
4,,8590,Badr,city Riyadh Badr district_446,Resid.,Open,,,,,0.05,0.03,0,0,0,0,0,0,0,0,0,0,0,0,0,0,7,7,0,0,0,-7,0,0
4,,8591,Badr,city Riyadh Badr district_447,Resid.,Open,,,,,0.04,0.02,0,0,0,0,0,0,0,0,0,0,0,0,0,0,5,5,0,0,0,-5,0,0
4,,8592,Badr,city Riyadh Badr district_448,Resid.,Open,,,,,0.03,0.02,0,0,0,0,0,0,0,0,0,0,0,0,0,0,5,4,0,1,0,-4,0,0
4,,8594,Badr,city Riyadh Badr district_450,Mixed.,Open,,,,,0.05,0.03,0,0,0,0,0,0,0,0,0,0,0,0,0,0,7,7,0,0,0,-7,0,0
4,,8596,Badr,city Riyadh Badr district_452,Resid.,Open,,,,,0.1,0.07,0,0,0,0,0,1,0,0,0,0,1,0,0,1,15,14,0,1,0,-14,0,0
4,,8600,Badr,city Riyadh Badr district_456,Resid.,Open,,,,,0.02,0.01,0,0,0,0,0,0,0,0,0,0,0,0,0,0,3,3,0,0,0,-3,0,0
4,,8601,Badr,city Riyadh Badr district_457,Resid.,Open,,,,,0.09,0.06,0,0,0,0,0,0,0,0,0,0,0,0,0,0,13,13,0,0,0,-13,0,0
4,,8603,Badr,city Riyadh Badr district_459,Resid.,Open,,,,,0.02,0.01,0,0,0,0,0,3,0,0,0,0,3,1,1,1,4,2,1,1,0,-3,0,0
4,,8604,Badr,city Riyadh Badr district_460,Resid.,Open,,,,,0.05,0.03,0,0,0,0,0,0,0,0,0,0,0,0,0,0,8,7,0,1,0,-7,0,0
4,,8606,Badr,city Riyadh Badr district_462,Mixed.,Open,,,,,0.11,0.07,0,0,0,0,0,0,0,0,0,0,0,0,0,0,16,15,0,1,0,-15,0,0
4,,8609,Badr,city Riyadh Badr district_465,Resid.,Open,,,,,0.02,0.01,0,0,0,0,0,3,0,0,0,0,3,1,1,1,4,2,1,1,0,-3,0,0
4,,8610,Badr,city Riyadh Badr district_466,Resid.,Open,,,,,0.02,0.01,0,0,0,0,0,3,0,0,0,0,3,1,1,1,4,2,1,1,0,-3,0,0
4,,8613,Badr,city Riyadh Badr district_469,Resid.,Open,,,,,0.11,0.08,0,0,0,0,0,1,0,0,0,0,1,0,1,0,16,15,1,0,0,-16,0,0
4,,8615,Badr,city Riyadh Badr district_471,Com,Open,,,,,0.33,0.22,0,0,0,0,0,3,0,0,0,0,3,1,1,1,51,45,1,5,0,-46,0,0
4,,8624,Badr,city Riyadh Badr district_480,Com,Open,,,,,0.04,0.03,0,0,0,0,0,3,0,0,0,0,3,1,1,1,7,5,1,1,0,-6,0,0
4,,8630,Badr,city Riyadh Badr district_486,Com,Open,,,,,0.27,0.18,0,0,0,0,0,2,0,0,0,0,2,0,2,0,39,37,1,1,0,-38,0,0
4,,8631,Badr,city Riyadh Badr district_487,Com,Open,,,,,0.09,0.06,0,0,0,0,0,5,0,0,0,0,5,1,3,1,14,10,2,2,0,-12,0,0
4,,8634,Badr,city Riyadh Badr district_490,Com,Open,,,,,0.08,0.05,0,0,0,0,0,3,0,0,0,0,3,1,1,1,12,10,1,1,0,-11,0,0
4,,8636,Badr,city Riyadh Badr district_492,Com,Open,,,,,0.11,0.07,0,0,0,0,0,4,0,0,0,0,4,0,3,1,16,13,1,2,0,-15,0,0
4,,8637,Badr,city Riyadh Badr district_493,Com,Open,,,,,0.06,0.04,0,0,0,0,0,3,0,0,0,0,3,1,1,1,10,8,1,1,0,-9,0,0
4,,8639,Badr,city Riyadh Badr district_495,Com,Open,,,,,0.07,0.05,0,0,0,0,0,3,0,0,0,0,3,1,1,1,11,9,1,1,0,-10,0,0
4,,8641,Badr,city Riyadh Badr district_497,Com,Open,,,,,0.04,0.02,0,0,0,0,0,3,0,0,0,0,3,1,1,1,6,4,1,1,0,-5,0,0
4,,8647,Badr,city Riyadh Badr district_503,Com,Open,,,,,0.06,0.04,0,0,0,0,0,3,0,0,0,0,3,1,1,1,10,8,1,1,0,-9,0,0
4,,8655,Badr,city Riyadh Badr district_511,Com,Open,,,,,0.03,0.02,0,0,0,0,0,1,0,0,0,0,1,0,1,0,4,3,1,0,0,-4,0,0
4,,8658,Badr,city Riyadh Badr district_514,Resid.,Open,,,,,0.04,0.02,0,0,0,0,0,0,0,0,0,0,0,0,0,0,5,5,0,0,0,-5,0,0
4,,8662,Badr,city Riyadh Badr district_518,Mixed.,Open,,,,,0.05,0.03,0,0,0,0,0,0,0,0,0,0,0,0,0,0,7,7,0,0,0,-7,0,0
4,,8667,Badr,city Riyadh Badr district_523,Resid.,Open,,,,,0.02,0.01,0,0,0,0,0,0,0,0,0,0,0,0,0,0,3,3,0,0,0,-3,0,0
4,,8671,Badr,city Riyadh Badr district_527,Resid.,Open,,,,,0.04,0.02,0,0,0,0,0,2,0,0,0,0,2,0,0,2,7,5,0,2,0,-5,0,0
4,,8695,Badr,city Riyadh Badr district_578,Resid.,Open,,,,,0.06,0.04,0,0,0,0,0,3,0,0,0,0,3,0,3,0,8,7,1,0,0,-8,0,0
4,,8703,Dahiyah Namar,city Riyadh Dahiyat Namar district_11,Mixed.,Open,,,,,0.04,0.02,0,0,0,0,0,5,0,0,0,0,5,1,1,3,6,2,1,3,0,-5,0,0
4,,8697,Badr,city Riyadh Badr district_580,Resid.,Open,,,,,0.04,0.03,0,0,0,0,0,0,0,0,0,0,0,0,0,0,6,6,0,0,0,-6,0,0
4,,8705,Dahiyah Namar,city Riyadh Dahiyat Namar district_13,Mixed.,Open,,,,,0.06,0.04,0,0,0,0,0,0,0,0,0,0,0,0,0,0,8,8,0,0,0,-8,0,0
4,,8704,Dahiyah Namar,city Riyadh Dahiyat Namar district_12,Mixed.,Open,,,,,0.04,0.03,0,0,0,0,0,0,0,0,0,0,0,0,0,0,6,6,0,0,0,-6,0,0
4,,8707,Dahiyah Namar,city Riyadh Dahiyat Namar district_14,Mixed.,Open,,,,,0.03,0.02,0,0,0,0,0,0,0,0,0,0,0,0,0,0,4,4,0,0,0,-4,0,0
4,,8710,Dahiyah Namar,city Riyadh Dahiyat Namar district_145,Mixed.,Open,,,,,0.02,0.01,0,0,0,0,0,0,0,0,0,0,0,0,0,0,3,3,0,0,0,-3,0,0
4,,8713,Dahiyah Namar,city Riyadh Dahiyat Namar district_17,Resid.,Open,,,,,0.02,0.01,0,0,0,0,0,0,0,0,0,0,0,0,0,0,3,3,0,0,0,-3,0,0
4,,8715,Dahiyah Namar,city Riyadh Dahiyat Namar district_19,Resid.,Open,,,,,0.02,0.01,0,0,0,0,0,3,0,0,0,0,3,1,1,1,4,2,1,1,0,-3,0,0
4,,8719,Dahiyah Namar,city Riyadh Dahiyat Namar district_22,Mixed.,Open,,,,,0.06,0.04,0,0,0,0,0,4,0,0,0,0,4,0,0,4,8,4,0,4,0,-8,0,0
4,,8721,Dahiyah Namar,city Riyadh Dahiyat Namar district_24,Resid.,Open,,,,,0.04,0.02,0,0,0,0,0,2,0,0,0,0,2,0,2,0,5,4,1,0,0,-5,0,0
4,,8723,Dahiyah Namar,city Riyadh Dahiyat Namar district_26,Mixed.,Open,,,,,0.07,0.05,0,0,0,0,0,4,0,0,0,0,4,1,1,2,11,8,1,2,0,-10,0,0
4,,8731,Dahiyah Namar,city Riyadh Dahiyat Namar district_33,Mixed.,Open,,,,,0.04,0.02,0,0,0,0,0,5,0,0,0,0,5,1,1,3,6,2,1,3,0,-5,0,0
4,,8733,Dahiyah Namar,city Riyadh Dahiyat Namar district_5,Mixed.,Open,,,,,0.02,0.01,0,0,0,0,0,2,0,0,0,0,2,0,2,0,3,2,1,0,0,-3,0,0
4,,8737,Dahiyah Namar,city Riyadh Dahiyat Namar district_6,Mixed.,Open,,,,,0.05,0.03,0,0,0,0,0,0,0,0,0,0,0,0,0,0,7,7,0,0,0,-7,0,0
4,,8739,Dahiyah Namar,city Riyadh Dahiyat Namar district_8,Mixed.,Open,,,,,0.04,0.02,0,0,0,0,0,0,0,0,0,0,0,0,0,0,5,5,0,0,0,-5,0,0
4,,8983,Dirab,city Riyadh Dirab district_34,Resid.,Open,,,,,0.02,0.01,0,0,0,0,0,0,0,0,0,0,0,0,0,0,3,3,0,0,0,-3,0,0
4,,8984,Dirab,city Riyadh Dirab district_35,Resid.,Open,,,,,0.03,0.02,0,0,0,0,0,3,0,0,0,0,3,1,1,1,5,3,1,1,0,-4,0,0
4,,8986,Dirab,city Riyadh Dirab district_37,Resid.,Open,,,,,0.04,0.02,0,0,0,0,0,0,0,0,0,0,0,0,0,0,5,5,0,0,0,-5,0,0
4,,8987,Dirab,city Riyadh Dirab district_38,Mixed.,Open,,,,,0.17,0.11,0,0,0,0,0,5,0,0,0,0,5,0,3,2,25,21,1,3,0,-24,0,0
4,,8988,Dirab,city Riyadh Dirab district_39,Resid.,Open,,,,,0.08,0.05,0,0,0,0,0,4,0,0,0,0,4,1,1,2,12,9,1,2,0,-11,0,0
4,,8989,Dirab,city Riyadh Dirab district_40,Resid.,Open,,,,,0.02,0.01,0,0,0,0,0,3,0,0,0,0,3,1,1,1,5,2,1,2,0,-3,0,0
4,,8999,Dirab,city Riyadh Dirab district_50,Resid.,Open,,,,,0.06,0.04,0,0,0,0,0,3,0,0,0,0,3,1,1,1,9,7,1,1,0,-8,0,0
4,,9000,Dirab,city Riyadh Dirab district_51,Resid.,Open,,,,,0.09,0.06,0,0,0,0,0,9,0,0,0,0,9,1,5,3,14,8,3,3,0,-13,0,0
4,,9001,Dirab,city Riyadh Dirab district_52,Resid.,Open,,,,,0.08,0.05,0,0,0,0,0,1,0,0,0,0,1,0,0,1,11,10,0,1,0,-11,0,0
4,,9002,Dirab,city Riyadh Dirab district_53,Resid.,Open,,,,,0.09,0.06,0,0,0,0,0,1,0,0,0,0,1,0,0,1,12,11,0,1,0,-12,0,0
4,,9005,Dirab,city Riyadh Dirab district_56,Resid.,Open,,,,,0.03,0.02,0,0,0,0,0,1,0,0,0,0,1,0,1,0,4,3,1,0,0,-4,0,0
4,,9204,Muayzilah,city Riyadh Muayzilah district_119,Resid.,Open,,,,,0.02,0.01,0,0,0,0,0,1,0,0,0,0,1,0,0,1,4,3,0,1,0,-3,0,0
4,,9205,Muayzilah,city Riyadh Muayzilah district_120,Mixed.,Open,,,,,0.02,0.01,0,0,0,0,0,0,0,0,0,0,0,0,0,0,3,3,0,0,0,-3,0,0
4,,9206,Muayzilah,city Riyadh Muayzilah district_121,Mixed.,Open,,,,,0.02,0.01,0,0,0,0,0,0,0,0,0,0,0,0,0,0,3,3,0,0,0,-3,0,0
4,,9207,Muayzilah,city Riyadh Muayzilah district_122,Mixed.,Open,,,,,0.04,0.03,0,0,0,0,0,0,0,0,0,0,0,0,0,0,6,6,0,0,0,-6,0,0
4,,9209,Muayzilah,city Riyadh Muayzilah district_124,Mixed.,Open,,,,,0.02,0.01,0,0,0,0,0,0,0,0,0,0,0,0,0,0,3,3,0,0,0,-3,0,0
4,,9212,Muayzilah,city Riyadh Muayzilah district_127,Resid.,Open,,,,,0.03,0.02,0,0,0,0,0,0,0,0,0,0,0,0,0,0,4,4,0,0,0,-4,0,0
4,,9214,Muayzilah,city Riyadh Muayzilah district_129,Resid.,Open,,,,,0.02,0.01,0,0,0,0,0,3,0,0,0,0,3,1,1,1,4,2,1,1,0,-3,0,0
4,,9215,Muayzilah,city Riyadh Muayzilah district_130,Mixed.,Open,,,,,0.02,0.01,0,0,0,0,0,0,0,0,0,0,0,0,0,0,4,3,0,1,0,-3,0,0
4,,9216,Muayzilah,city Riyadh Muayzilah district_131,Mixed.,Open,,,,,0.07,0.05,0,0,0,0,0,0,0,0,0,0,0,0,0,0,10,10,0,0,0,-10,0,0
4,,9220,Muayzilah,city Riyadh Muayzilah district_135,Resid.,Open,,,,,0.06,0.04,0,0,0,0,0,3,0,0,0,0,3,1,1,1,11,8,1,2,0,-9,0,YES
4,,9223,Muayzilah,city Riyadh Muayzilah district_138,Resid.,Open,,,,,0.1,0.07,0,0,0,0,0,3,0,0,0,0,3,1,1,1,16,13,1,2,0,-14,0,0
4,,9224,Muayzilah,city Riyadh Muayzilah district_139,Resid.,Open,,,,,0.06,0.04,0,0,0,0,0,1,0,0,0,0,1,0,1,0,8,7,1,0,0,-8,0,0
4,,9226,Muayzilah,city Riyadh Muayzilah district_141,Mixed.,Open,,,,,0.09,0.06,0,0,0,0,0,3,0,0,0,0,3,1,1,1,13,11,1,1,0,-12,0,0
4,,9229,Muayzilah,city Riyadh Muayzilah district_144,Resid.,Open,,,,,0.02,0.01,0,0,0,0,0,0,0,0,0,0,0,0,0,0,3,3,0,0,0,-3,0,0
4,,9231,Muayzilah,city Riyadh Muayzilah district_146,Mixed.,Open,,,,,0.09,0.06,0,0,0,0,0,0,0,0,0,0,0,0,0,0,15,13,0,2,0,-13,0,0
4,,9235,Muayzilah,city Riyadh Muayzilah district_150,Resid.,Open,,,,,0.11,0.07,0,0,0,0,0,0,0,0,0,0,0,0,0,0,16,15,0,1,0,-15,0,0
4,,9237,Muayzilah,city Riyadh Muayzilah district_152,Resid.,Open,,,,,0.05,0.03,0,0,0,0,0,0,0,0,0,0,0,0,0,0,7,7,0,0,0,-7,0,0
4,,9240,Muayzilah,city Riyadh Muayzilah district_520,Resid.,Open,,,,,0.04,0.02,0,0,0,0,0,3,0,0,0,0,3,0,2,1,6,4,1,1,0,-5,0,0
4,,9362,Shobra,city Riyadh Shobra district_101,Resid.,Open,,,,,0.03,0.02,0,0,0,0,0,0,0,0,0,0,0,0,0,0,4,4,0,0,0,-4,0,0
4,,9366,Shobra,city Riyadh Shobra district_105,Resid.,Open,,,,,0.22,0.15,0,0,0,0,0,1,0,0,0,0,1,0,1,0,33,30,1,2,0,-31,0,0
4,,9367,Shobra,city Riyadh Shobra district_106,Resid.,Open,,,,,0.16,0.11,0,0,0,0,0,8,0,0,0,0,8,2,3,3,28,19,3,6,0,-23,0,0
4,,9370,Shobra,city Riyadh Shobra district_109,Resid.,Open,,,,,0.02,0.01,0,0,0,0,0,0,0,0,0,0,0,0,0,0,3,3,0,0,0,-3,0,0
4,,9376,Shobra,city Riyadh Shobra district_115,Resid.,Open,,,,,0.06,0.04,0,0,0,0,0,3,0,0,0,0,3,0,3,0,8,7,1,0,0,-8,0,YES
4,,9385,Shobra,city Riyadh Shobra district_78,Resid.,Open,,,,,0.05,0.03,0,0,0,0,0,4,1,0,1,0,3,0,3,0,9,5,2,2,0,-6,0,0
4,,9386,Shobra,city Riyadh Shobra district_79,Resid.,Open,,,,,0.02,0.01,0,0,0,0,0,1,0,0,0,0,1,0,1,0,4,2,1,1,0,-3,0,0
4,,9387,Shobra,city Riyadh Shobra district_80,Resid.,Open,,,,,0.05,0.03,0,0,0,0,0,1,0,0,0,0,1,0,1,0,8,6,1,1,0,-7,0,0
4,,9389,Shobra,city Riyadh Shobra district_82,Resid.,Open,,,,,0.04,0.03,0,0,0,0,0,7,0,0,0,0,7,1,4,2,8,4,2,2,0,-6,0,0
4,,9391,Shobra,city Riyadh Shobra district_84,Resid.,Open,,,,,0.16,0.11,0,0,0,0,0,4,0,0,0,0,4,0,4,0,28,20,3,5,0,-23,0,0
4,,9392,Shobra,city Riyadh Shobra district_85,Resid.,Open,,,,,0.21,0.14,0,0,0,0,0,7,0,0,0,0,7,0,6,1,37,25,5,7,0,-30,0,YES
4,,9393,Shobra,city Riyadh Shobra district_86,Resid.,Open,,,,,0.2,0.13,0,0,0,0,0,8,0,0,0,0,8,1,5,2,34,24,3,7,0,-28,0,YES
4,,9397,Shobra,city Riyadh Shobra district_90,Resid.,Open,,,,,0.11,0.07,0,0,0,0,0,6,0,0,0,0,6,1,2,3,22,13,2,7,0,-15,0,YES
4,,9399,Shobra,city Riyadh Shobra district_92,Resid.,Open,,,,,0.16,0.11,0,0,0,0,0,12,0,0,0,0,12,1,8,3,37,18,4,15,0,-23,0,0
4,,9400,Shobra,city Riyadh Shobra district_93,Resid.,Open,,,,,0.09,0.06,0,0,0,0,0,8,0,0,0,0,8,2,2,4,18,10,2,6,0,-12,0,0
4,,9401,Shobra,city Riyadh Shobra district_94,Resid.,Open,,,,,0.03,0.02,0,0,0,0,0,4,0,0,0,0,4,1,1,2,7,3,1,3,0,-4,0,0
4,,9404,Shobra,city Riyadh Shobra district_97,Mixed.,Open,,,,,0.09,0.06,0,0,0,0,0,2,0,0,0,0,2,0,2,0,15,11,1,3,0,-12,0,0
4,,9405,Shobra,city Riyadh Shobra district_98,Mixed.,Open,,,,,0.12,0.08,0,0,0,0,0,3,0,0,0,0,3,1,1,1,21,16,1,4,0,-17,0,0
4,,9414,Tuwaiq,city Riyadh Tuwaiq district_389,Com,Open,,,,,0.05,0.03,0,0,0,0,0,3,0,0,0,0,3,0,3,0,7,6,1,0,0,-7,0,0
4,,9422,Tuwaiq,city Riyadh Tuwaiq district_397,Resid.,Open,,,,,0.11,0.08,0,0,0,0,0,3,0,0,0,0,3,1,1,1,17,15,1,1,0,-16,0,0
4,,9424,Tuwaiq,city Riyadh Tuwaiq district_399,Resid.,Open,,,,,0.09,0.06,0,0,0,0,0,3,0,0,0,0,3,0,2,1,13,12,0,1,0,-12,0,0
4,,9425,Tuwaiq,city Riyadh Tuwaiq district_400,Resid.,Open,,,,,0.06,0.04,0,0,0,0,0,0,0,0,0,0,0,0,0,0,9,9,0,0,0,-9,0,0
4,,9426,Tuwaiq,city Riyadh Tuwaiq district_401,Resid.,Open,,,,,0.08,0.05,0,0,0,0,0,0,0,0,0,0,0,0,0,0,11,11,0,0,0,-11,0,0
4,,9428,Tuwaiq,city Riyadh Tuwaiq district_403,Resid.,Open,,,,,0.03,0.02,0,0,0,0,0,3,0,0,0,0,3,1,1,1,5,3,1,1,0,-4,0,0
4,,9429,Tuwaiq,city Riyadh Tuwaiq district_404,Resid.,Open,,,,,0.03,0.02,0,0,0,0,0,3,0,0,0,0,3,1,1,1,5,3,1,1,0,-4,0,0
4,,9432,Tuwaiq,city Riyadh Tuwaiq district_407,Resid.,Open,,,,,0.04,0.03,0,0,0,0,0,0,0,0,0,0,0,0,0,0,6,6,0,0,0,-6,0,0
4,,9438,Tuwaiq,city Riyadh Tuwaiq district_413,Resid.,Open,,,,,0.04,0.03,0,0,0,0,0,0,0,0,0,0,0,0,0,0,7,6,0,1,0,-6,0,0
4,,9443,Tuwaiq,city Riyadh Tuwaiq district_418,Resid.,Open,,,,,0.07,0.05,0,0,0,0,0,3,0,0,0,0,3,1,1,1,12,9,1,2,0,-10,0,0
4,,9444,Tuwaiq,city Riyadh Tuwaiq district_419,Resid.,Open,,,,,0.09,0.06,0,0,0,0,0,6,0,0,0,0,6,2,2,2,15,10,2,3,0,-12,0,0
4,,9445,Tuwaiq,city Riyadh Tuwaiq district_420,Resid.,Open,,,,,0.02,0.01,0,0,0,0,0,1,0,0,0,0,1,0,0,1,5,3,0,2,0,-3,0,0
4,,9446,Tuwaiq,city Riyadh Tuwaiq district_421,Resid.,Open,,,,,0.08,0.05,0,0,0,0,0,6,0,0,0,0,6,2,2,2,15,9,2,4,0,-11,0,0
4,,9448,Tuwaiq,city Riyadh Tuwaiq district_423,Resid.,Open,,,,,0.06,0.04,0,0,0,0,0,6,0,0,0,0,6,2,2,2,13,7,2,4,0,-9,0,0
4,,9452,Tuwaiq,city Riyadh Tuwaiq district_427,Resid.,Open,,,,,0.02,0.01,0,0,0,0,0,3,0,0,0,0,3,1,1,1,4,2,1,1,0,-3,0,0
4,,9454,Tuwaiq,city Riyadh Tuwaiq district_429,Resid.,Open,,,,,0.08,0.05,0,0,0,0,0,4,0,0,0,0,4,1,1,2,14,10,1,3,0,-11,0,0
4,,9457,Tuwaiq,city Riyadh Tuwaiq district_432,Resid.,Open,,,,,0.26,0.18,0,0,0,0,0,1,0,0,0,0,1,0,0,1,43,37,0,6,0,-37,0,0
4,,9459,Tuwaiq,city Riyadh Tuwaiq district_434,Resid.,Open,,,,,0.13,0.09,0,0,0,0,0,9,0,0,0,0,9,3,3,3,22,15,3,4,0,-18,0,0
4,,9467,Tuwaiq,city Riyadh Tuwaiq district_442,Resid.,Open,,,,,0.03,0.02,0,0,0,0,0,0,0,0,0,0,0,0,0,0,4,4,0,0,0,-4,0,0
4,,9471,Tuwaiq,city Riyadh Tuwaiq district_446,Resid.,Open,,,,,0.02,0.01,0,0,0,0,0,0,0,0,0,0,0,0,0,0,3,3,0,0,0,-3,0,0
4,,9474,Tuwaiq,city Riyadh Tuwaiq district_449,Resid.,Open,,,,,0.12,0.08,0,0,0,0,0,0,0,0,0,0,0,0,0,0,18,17,0,1,0,-17,0,0
4,,9478,Tuwaiq,city Riyadh Tuwaiq district_453,Resid.,Open,,,,,0.06,0.04,0,0,0,0,0,0,0,0,0,0,0,0,0,0,8,8,0,0,0,-8,0,0
4,,9479,Tuwaiq,city Riyadh Tuwaiq district_454,Resid.,Open,,,,,0.02,0.01,0,0,0,0,0,3,0,0,0,0,3,1,1,1,5,2,1,2,0,-3,0,0
4,,9481,Tuwaiq,city Riyadh Tuwaiq district_456,Resid.,Open,,,,,0.02,0.01,0,0,0,0,0,0,0,0,0,0,0,0,0,0,3,3,0,0,0,-3,0,0
4,,9488,Tuwaiq,city Riyadh Tuwaiq district_463,Resid.,,,,,,0.04,0.03,0,0,0,0,0,0,0,0,0,0,0,0,0,0,7,6,0,1,0,-6,0,0
4,,9489,Tuwaiq,city Riyadh Tuwaiq district_464,Resid.,,,,,,0.06,0.04,0,0,0,0,0,3,0,0,0,0,3,0,3,0,11,8,1,2,0,-9,0,0
4,,9490,Tuwaiq,city Riyadh Tuwaiq district_465,Resid.,,,,,,0.11,0.07,0,0,0,0,0,0,0,0,0,0,0,0,0,0,15,15,0,0,0,-15,0,0
4,,9491,Tuwaiq,city Riyadh Tuwaiq district_466,Resid.,,,,,,0.04,0.03,0,0,0,0,0,3,0,0,0,0,3,1,1,1,7,5,1,1,0,-6,0,0
4,,9494,Tuwaiq,city Riyadh Tuwaiq district_469,Mixed.,Open,,,,,0.04,0.03,0,0,0,0,0,3,0,0,0,0,3,1,1,1,7,5,1,1,0,-6,0,0
4,,9497,Tuwaiq,city Riyadh Tuwaiq district_472,Mixed.,Open,,,,,0.08,0.05,0,0,0,0,0,4,0,0,0,0,4,0,4,0,11,10,1,0,0,-11,0,0
4,,9506,Tuwaiq,city Riyadh Tuwaiq district_481,Resid.,Open,,,,,0.05,0.03,0,0,0,0,0,0,0,0,0,0,0,0,0,0,7,7,0,0,0,-7,0,0
4,,9498,Tuwaiq,city Riyadh Tuwaiq district_473,Mixed.,Open,,,,,0.05,0.03,0,0,0,0,0,4,0,0,0,0,4,0,4,0,7,6,1,0,0,-7,0,0
4,,9508,Tuwaiq,city Riyadh Tuwaiq district_483,Resid.,Open,,,,,0.02,0.01,0,0,0,0,0,1,0,0,0,0,1,0,0,1,4,3,0,1,0,-3,0,0
4,,9509,Tuwaiq,city Riyadh Tuwaiq district_484,Resid.,Open,,,,,0.06,0.04,0,0,0,0,0,4,0,0,0,0,4,0,3,1,10,8,1,1,0,-9,0,0
4,,9512,Tuwaiq,city Riyadh Tuwaiq district_487,Resid.,Open,,,,,0.06,0.04,0,0,0,0,0,0,0,0,0,0,0,0,0,0,9,9,0,0,0,-9,0,0
4,,9517,Tuwaiq,city Riyadh Tuwaiq district_492,Resid.,Open,,,,,0.06,0.04,0,0,0,0,0,0,0,0,0,0,0,0,0,0,9,9,0,0,0,-9,0,0
4,,9519,Tuwaiq,city Riyadh Tuwaiq district_494,Resid.,Open,,,,,0.02,0.01,0,0,0,0,0,4,0,0,0,0,4,1,1,2,5,2,1,2,0,-3,0,0
4,,9520,Tuwaiq,city Riyadh Tuwaiq district_495,Resid.,Open,,,,,0.04,0.03,0,0,0,0,0,0,0,0,0,0,0,0,0,0,7,6,0,1,0,-6,0,0
4,,9525,Tuwaiq,city Riyadh Tuwaiq district_500,Resid.,Open,,,,,0.09,0.06,0,0,0,0,0,4,0,0,0,0,4,1,1,2,14,11,1,2,0,-13,0,0
4,,9527,Tuwaiq,city Riyadh Tuwaiq district_502,Resid.,Open,,,,,0.04,0.03,0,0,0,0,0,3,0,0,0,0,3,1,1,1,7,5,1,1,0,-6,0,0
4,,9532,Tuwaiq,city Riyadh Tuwaiq district_507,Resid.,Open,,,,,0.04,0.03,0,0,0,0,0,0,0,0,0,0,0,0,0,0,6,6,0,0,0,-6,0,0
4,,9529,Tuwaiq,city Riyadh Tuwaiq district_504,Resid.,Open,,,,,0.14,0.09,0,0,0,0,0,1,0,0,0,0,1,0,0,1,19,18,0,1,0,-19,0,0
4,,9534,Tuwaiq,city Riyadh Tuwaiq district_509,Resid.,Open,,,,,0.03,0.02,0,0,0,0,0,0,0,0,0,0,0,0,0,0,4,4,0,0,0,-4,0,0
4,,9535,Tuwaiq,city Riyadh Tuwaiq district_510,Resid.,Open,,,,,0.06,0.04,0,0,0,0,0,0,0,0,0,0,0,0,0,0,9,8,0,1,0,-8,0,0
4,,9561,Tuwaiq,city Riyadh Tuwaiq district_581,Mixed.,Open,,,,,0.04,0.03,0,0,0,0,0,0,0,0,0,0,0,0,0,0,7,6,0,1,0,-6,0,0
4,,9562,Tuwaiq,city Riyadh Tuwaiq district_582,Com,Open,,,,,0.26,0.17,0,0,0,0,0,7,0,0,0,0,7,1,4,2,40,33,2,5,0,-36,0,0
4,,9586,Tuwaiq,city Riyadh Tuwaiq district_646,Resid.,Open,,,,,0.08,0.05,0,0,0,0,0,0,0,0,0,0,0,0,0,0,11,11,0,0,0,-11,0,0
4,,9605,Uqaz,city Riyadh Uqaz district_115,Resid.,Open,,,,,0.04,0.02,0,0,0,0,0,0,0,0,0,0,0,0,0,0,5,5,0,0,0,-5,0,0
4,,9606,Uqaz,city Riyadh Uqaz district_116,Resid.,Open,,,,,0.04,0.02,0,0,0,0,0,0,0,0,0,0,0,0,0,0,5,5,0,0,0,-5,0,0
4,,9608,Uqaz,city Riyadh Uqaz district_118,Resid.,Open,,,,,0.02,0.01,0,0,0,0,0,3,0,0,0,0,3,1,1,1,4,2,1,1,0,-3,0,0
4,,9630,Uqaz,city Riyadh Uqaz district_146,Mixed.,Open,,,,,0.04,0.02,0,0,0,0,0,0,0,0,0,0,0,0,0,0,5,5,0,0,0,-5,0,0
4,,9633,Uqaz,city Riyadh Uqaz district_149,Resid.,Open,,,,,0.07,0.05,0,0,0,0,0,3,0,0,0,0,3,1,1,1,11,9,1,1,0,-10,0,0
4,,9639,Uqaz,city Riyadh Uqaz district_155,Mixed.,Open,,,,,0.09,0.06,0,0,0,0,0,3,0,0,0,0,3,1,1,1,15,12,1,2,0,-13,0,0
4,,9640,Uqaz,city Riyadh Uqaz district_156,Resid.,Open,,,,,0.05,0.03,0,0,0,0,0,1,0,0,0,0,1,0,1,0,7,6,1,0,0,-7,0,0
4,,9641,Uqaz,city Riyadh Uqaz district_157,Resid.,Open,,,,,0.07,0.05,0,0,0,0,0,0,0,0,0,0,0,0,0,0,10,10,0,0,0,-10,0,0
4,,9642,Uqaz,city Riyadh Uqaz district_158,Resid.,Open,,,,,0.04,0.03,0,0,0,0,0,0,0,0,0,0,0,0,0,0,6,6,0,0,0,-6,0,0
4,,9942,,city Riyadh_1059,Mixed.,Open,,,,,0.05,0.03,0,0,0,0,0,11,0,0,0,0,11,0,0,11,18,7,0,11,0,-7,0,0
4,,9943,,city Riyadh_1060,Mixed.,Open,,,,,0.04,0.03,0,0,0,0,0,9,0,0,0,0,9,0,7,2,8,4,2,2,0,-6,0,0
4,,9947,Ghabira,Ghobairah district_10000395,Com,Open,,,,,0.04,0.03,0,0,0,0,0,4,0,0,0,0,4,1,1,2,8,5,1,2,0,-6,0,0
4,,9949,Ghabira,Ghobairah district_10000397,Resid.,Open,,,,,0.04,0.03,0,0,0,0,0,2,0,0,0,0,2,0,0,2,9,5,0,4,0,-6,0,0
4,,9951,Ghabira,Ghobairah district_10000399,Resid.,Open,,,,,0.06,0.04,0,0,0,0,0,0,0,0,0,0,0,0,0,0,12,9,0,3,0,-9,0,0
4,,9950,Ghabira,Ghobairah district_10000398,Resid.,Open,,,,,0.23,0.15,0,0,0,0,0,9,0,0,0,0,9,0,6,3,45,28,3,14,0,-32,0,YES
4,,9956,Ghabira,Ghobairah district_10000404,Resid.,Open,,,,,0.14,0.09,0,0,0,0,0,5,0,0,0,0,5,0,2,3,21,16,1,4,0,-19,0,0
4,,9955,Ghabira,Ghobairah district_10000403,Resid.,Open,,,,,0.16,0.11,0,0,0,0,0,0,0,0,0,0,0,0,0,0,31,23,0,8,0,-23,0,0
4,,9957,Ghabira,Ghobairah district_10000405,Com,Open,,,,,0.04,0.03,0,0,0,0,0,5,0,0,0,0,5,1,2,2,10,4,2,4,0,-6,0,YES
4,,9960,Ghabira,Ghobairah district_10000408,Resid.,Open,,,,,0.06,0.04,0,0,0,0,0,4,0,0,0,0,4,1,1,2,13,8,1,4,0,-9,0,YES
4,,9961,Ghabira,Ghobairah district_10000409,Resid.,Open,,,,,0.04,0.02,0,0,0,0,0,4,0,0,0,0,4,1,1,2,9,4,1,4,0,-5,0,0
4,,9962,Ghabira,Ghobairah district_10000410,Resid.,Open,,,,,0.07,0.05,0,0,0,0,0,0,0,0,0,0,0,0,0,0,13,10,0,3,0,-10,0,0
4,,9963,Ghabira,Ghobairah district_10000411,Resid.,Open,,,,,0.16,0.11,0,0,0,0,0,0,0,0,0,0,0,0,0,0,25,23,0,2,0,-23,0,YES
4,,9964,Ghabira,Ghobairah district_10000412,Resid.,Open,,,,,0.16,0.11,0,0,0,0,0,13,0,0,0,0,13,1,8,4,31,18,3,10,0,-23,0,YES
4,,10060,Manfuha Al Jadidah,Manfuha Al Jadidah district_10000236,Resid.,Open,,,,,0.08,0.05,0,0,0,0,0,4,0,0,0,0,4,0,4,0,13,10,1,2,0,-11,0,0
4,,10064,Manfuha Al Jadidah,Manfuha Al Jadidah district_10000240,Resid.,Open,,,,,0.03,0.02,0,0,0,0,0,0,0,0,0,0,0,0,0,0,4,4,0,0,0,-4,0,0
4,,10065,Manfuha Al Jadidah,Manfuha Al Jadidah district_10000241,Resid.,Open,,,,,0.04,0.02,0,0,0,0,0,2,0,0,0,0,2,0,2,0,5,4,1,0,0,-5,0,0
4,,10068,Manfuha Al Jadidah,Manfuha Al Jadidah district_10000244,Resid.,Open,,,,,0.03,0.02,0,0,0,0,0,1,0,0,0,0,1,0,0,1,6,4,0,2,0,-4,0,0
4,,10072,Manfuha Al Jadidah,Manfuha Al Jadidah district_10000248,Resid.,Open,,,,,0.05,0.03,0,0,0,0,0,1,0,0,0,0,1,0,0,1,9,6,0,3,0,-7,0,0
4,,10073,Manfuha Al Jadidah,Manfuha Al Jadidah district_10000249,Resid.,Open,,,,,0.05,0.03,0,0,0,0,0,1,0,0,0,0,1,0,0,1,9,7,0,2,0,-7,0,0
4,,10075,Manfuha Al Jadidah,Manfuha Al Jadidah district_10000251,Resid.,Open,,,,,0.03,0.02,0,0,0,0,0,0,0,0,0,0,0,0,0,0,4,4,0,0,0,-4,0,0
4,,10079,Manfuha Al Jadidah,Manfuha Al Jadidah district_10000255,Resid.,Open,,,,,0.11,0.07,0,0,0,0,0,3,0,0,0,0,3,1,1,1,18,14,1,3,0,-15,0,0
4,,10081,Manfuha Al Jadidah,Manfuha Al Jadidah district_10000257,Resid.,Open,,,,,0.06,0.04,0,0,0,0,0,0,0,0,0,0,0,0,0,0,13,9,0,4,0,-9,0,0
4,,10084,Manfuha Al Jadidah,Manfuha Al Jadidah district_10000260,Resid.,Open,,,,,0.09,0.06,0,0,0,0,0,3,0,0,0,0,3,1,1,1,16,12,1,3,0,-13,0,0
4,,10086,Manfuha Al Jadidah,Manfuha Al Jadidah district_10000262,Resid.,Open,,,,,0.12,0.08,0,0,0,0,0,4,0,0,0,0,4,0,2,2,21,14,1,6,0,-17,0,0
4,,10085,Manfuha Al Jadidah,Manfuha Al Jadidah district_10000261,Resid.,Open,,,,,0.02,0.01,0,0,0,0,0,3,0,0,0,0,3,1,1,1,4,2,1,1,0,-3,0,0
4,,10087,Manfuha Al Jadidah,Manfuha Al Jadidah district_10000263,Resid.,Open,,,,,0.04,0.02,0,0,0,0,0,3,0,0,0,0,3,1,1,1,6,4,1,1,0,-5,0,0
4,,10088,Manfuha Al Jadidah,Manfuha Al Jadidah district_10000264,Com,Open,,,,,0.12,0.08,0,0,0,0,0,11,0,0,0,0,11,3,4,4,23,12,5,6,0,-17,0,0
4,,10089,Manfuha Al Jadidah,Manfuha Al Jadidah district_10000265,Resid.,Open,,,,,0.07,0.05,0,0,0,0,0,2,0,0,0,0,2,0,2,0,11,9,1,1,0,-10,0,0
4,,10090,Manfuha Al Jadidah,Manfuha Al Jadidah district_10000266,Resid.,Open,,,,,0.08,0.05,0,0,0,0,0,9,0,0,0,0,9,1,6,2,17,9,2,6,0,-11,0,0
4,,10091,Manfuha Al Jadidah,Manfuha Al Jadidah district_10000267,Resid.,Open,,,,,0.06,0.04,0,0,0,0,0,0,0,0,0,0,0,0,0,0,10,9,0,1,0,-9,0,0
4,,10093,Manfuha Al Jadidah,Manfuha Al Jadidah district_10000269,Resid.,Open,,,,,0.19,0.12,0,0,0,0,0,0,0,0,0,0,0,0,0,0,35,26,0,9,0,-26,0,0
4,,10099,Manfuha Al Jadidah,Manfuha Al Jadidah district_10000275,Resid.,Open,,,,,0.11,0.07,0,0,0,0,0,1,0,0,0,0,1,0,0,1,15,14,0,1,0,-15,0,0
4,,10100,Manfuha Al Jadidah,Manfuha Al Jadidah district_10000276,Resid.,Open,,,,,0.13,0.09,0,0,0,0,0,1,0,0,0,0,1,0,0,1,21,18,0,3,0,-18,0,0
4,,10101,Manfuha Al Jadidah,Manfuha Al Jadidah district_10000277,Resid.,Open,,,,,0.25,0.17,0,0,0,0,0,4,0,0,0,0,4,0,3,1,39,31,3,5,0,-35,0,0
4,,10102,Manfuha Al Jadidah,Manfuha Al Jadidah district_10000278,Resid.,Open,,,,,0.04,0.02,0,0,0,0,0,0,0,0,0,0,0,0,0,0,5,5,0,0,0,-5,0,0
4,,10103,Manfuha Al Jadidah,Manfuha Al Jadidah district_10000279,Resid.,Open,,,,,0.04,0.02,0,0,0,0,0,0,0,0,0,0,0,0,0,0,6,5,0,1,0,-5,0,0
4,,10104,Manfuha Al Jadidah,Manfuha Al Jadidah district_10000529,Resid.,Open,,,,,0.06,0.04,0,0,0,0,0,0,0,0,0,0,0,0,0,0,10,8,0,2,0,-8,0,0
4,,10106,Manfuhah,Manfuhah district_10000186,Resid.,Open,,,,,0.21,0.14,0,0,0,0,0,2,0,0,0,0,2,0,0,2,36,27,0,9,0,-29,0,0
4,,10109,Manfuhah,Manfuhah district_10000189,Resid.,Open,,,,,0.09,0.06,0,0,0,0,0,2,0,0,0,0,2,0,0,2,14,10,0,4,0,-12,0,0
4,,10111,Manfuhah,Manfuhah district_10000191,Resid.,Open,,,,,0.02,0.01,0,0,0,0,0,4,0,0,0,0,4,0,3,1,3,2,1,0,0,-3,0,0
4,,10112,Manfuhah,Manfuhah district_10000192,Resid.,Open,,,,,0.05,0.03,0,0,0,0,0,0,0,0,0,0,0,0,0,0,7,7,0,0,0,-7,0,0
4,,10116,Manfuhah,Manfuhah district_10000196,Resid.,Open,,,,,0.1,0.07,0,0,0,0,0,0,0,0,0,0,0,0,0,0,18,14,0,4,0,-14,0,0
4,,10117,Manfuhah,Manfuhah district_10000197,Resid.,Open,,,,,0.16,0.11,0,0,0,0,0,3,0,0,0,0,3,0,0,3,24,20,0,4,0,-23,0,YES
4,,10118,Manfuhah,Manfuhah district_10000198,Resid.,Open,,,,,0.1,0.07,0,0,0,0,0,1,0,0,0,0,1,0,0,1,16,13,0,3,0,-14,0,0
4,,10119,Manfuhah,Manfuhah district_10000199,Resid.,Open,,,,,0.17,0.11,0,0,0,0,0,5,0,0,0,0,5,0,3,2,31,22,2,7,0,-24,0,0
4,,10120,Manfuhah,Manfuhah district_10000200,Resid.,Open,,,,,0.39,0.26,0,0,0,0,0,1,0,0,0,0,1,0,0,1,62,55,0,7,0,-55,0,0
4,,10121,Manfuhah,Manfuhah district_10000201,Resid.,Open,,,,,0.03,0.02,0,0,0,0,0,0,0,0,0,0,0,0,0,0,4,4,0,0,0,-4,0,0
4,,10122,Manfuhah,Manfuhah district_10000202,Resid.,Open,,,,,0.29,0.2,0,0,0,0,0,5,0,0,0,0,5,1,1,3,48,39,1,8,0,-41,0,YES
4,,10123,Manfuhah,Manfuhah district_10000203,Resid.,Open,,,,,0.08,0.05,0,0,0,0,0,5,0,0,0,0,5,1,1,3,12,8,1,3,0,-11,0,0
4,,10125,Manfuhah,Manfuhah district_10000205,Resid.,Open,,,,,0.04,0.02,0,0,0,0,0,0,0,0,0,0,0,0,0,0,5,5,0,0,0,-5,0,0
4,,10126,Manfuhah,Manfuhah district_10000206,Resid.,Open,,,,,0.04,0.03,0,0,0,0,0,0,0,0,0,0,0,0,0,0,6,6,0,0,0,-6,0,0
4,,10133,Manfuhah,Manfuhah district_10000213,Mixed.,Open,,,,,0.14,0.1,0,0,0,0,0,2,0,0,0,0,2,0,1,1,23,19,1,3,0,-20,0,0
4,,10135,Manfuhah,Manfuhah district_10000215,Com,Open,,,,,0.1,0.07,0,0,0,0,0,1,0,0,0,0,1,0,1,0,15,13,1,1,0,-14,0,0
4,,10139,Manfuhah,Manfuhah district_10000219,Mixed.,Open,,,,,0.14,0.09,0,0,0,0,0,3,0,0,0,0,3,1,1,1,23,18,1,4,0,-19,0,0
4,,10140,Manfuhah,Manfuhah district_10000220,Mixed.,Open,,,,,0.46,0.31,0,0,0,0,0,12,0,0,0,0,12,2,7,3,72,61,4,7,0,-65,0,0
4,,10141,Manfuhah,Manfuhah district_10000221,Mixed.,Open,,,,,0.08,0.05,0,0,0,0,0,0,0,0,0,0,0,0,0,0,13,11,0,2,0,-11,0,0
4,,10151,Tuwaiq,RUH_Al Dani_11,Resid.,Open,,,,,0.03,0.02,0,0,0,0,0,5,0,0,0,0,5,1,1,3,7,3,1,3,0,-4,0,0
4,,10152,Tuwaiq,RUH_Al Dani_12,Resid.,Open,,,,,0.04,0.02,0,0,0,0,0,0,0,0,0,0,0,0,0,0,6,5,0,1,0,-5,0,0
4,,10153,Tuwaiq,RUH_Al Fawanis_23,Resid.,Open,,,,,0.05,0.03,0,0,0,0,0,6,0,0,0,0,6,1,4,1,9,5,2,2,0,-7,0,0
4,,10155,Tuwaiq,RUH_Al Kindi_02,Resid.,Open,,,,,0.05,0.03,0,0,0,0,0,0,0,0,0,0,0,0,0,0,7,7,0,0,0,-7,0,0
4,,10156,Tuwaiq,RUH_Al Kindi_03,Resid.,Open,,,,,0.04,0.02,0,0,0,0,0,3,0,0,0,0,3,1,1,1,6,4,1,1,0,-5,0,0
4,,10157,Tuwaiq,RUH_Al Kindi_04,Resid.,Open,,,,,0.09,0.06,0,0,0,0,0,2,0,0,0,0,2,0,0,2,16,12,0,4,0,-13,0,0
4,,10176,Tuwaiq,RUH_Al Qasr_03,Resid.,Open,,,,,0.04,0.02,0,0,0,0,0,0,0,0,0,0,0,0,0,0,5,5,0,0,0,-5,0,0
4,,10181,Tuwaiq,RUH_Al Tuwaiq_23,Resid.,Open,,,,,0.16,0.11,0,0,0,0,0,4,0,0,0,0,4,0,3,1,24,20,2,2,0,-23,0,0
4,,10182,Tuwaiq,RUH_Al Tuwaiq_24,Resid.,Open,,,,,0.03,0.02,0,0,0,0,0,0,0,0,0,0,0,0,0,0,4,4,0,0,0,-4,0,0
4,,10184,Tuwaiq,RUH_Al Tuwaiq_26,Resid.,Open,,,,,0.09,0.06,0,0,0,0,0,1,0,0,0,0,1,0,1,0,14,12,1,1,0,-13,0,0
4,,10185,Tuwaiq,RUH_Al Tuwaiq_27,Resid.,Open,,,,,0.04,0.02,0,0,0,0,0,3,0,0,0,0,3,1,1,1,6,4,1,1,0,-5,0,0
4,,10187,Tuwaiq,RUH_Al Tuwaiq_30,Resid.,Open,,,,,0.06,0.04,0,0,0,0,0,9,0,0,0,0,9,2,3,4,12,5,3,4,0,-8,0,0
4,,10195,Tuwaiq,RUH_Tuwaiq_14,Com,Open,,,,,0.48,0.32,0,0,0,0,0,3,0,0,0,0,3,1,1,1,83,66,1,16,0,-67,0,0
4,,10196,Tuwaiq,RUH_Tuwaiq_15,Com,Open,,,,,0.71,0.47,0,0,0,0,0,7,0,0,0,0,7,0,3,4,121,98,1,22,0,-99,0,0
4,,10198,Tuwaiq,RUH_Tuwaiq_17,Mixed.,Open,,,,,0.03,0.02,0,0,0,0,0,0,0,0,0,0,0,0,0,0,6,4,0,2,0,-4,0,0
4,,10208,Skirinah,Skirinah district_10000283,Resid.,Open,,,,,0.16,0.1,0,0,0,0,0,9,0,0,0,0,9,0,6,3,32,19,2,11,0,-22,0,0
4,,10209,Skirinah,Skirinah district_10000284,Resid.,Open,,,,,0.06,0.04,0,0,0,0,0,3,0,0,0,0,3,0,3,0,11,8,1,2,0,-9,0,0
4,,10210,Skirinah,Skirinah district_10000285,Resid.,Open,,,,,0.08,0.05,0,0,0,0,0,1,0,0,0,0,1,0,1,0,11,10,1,0,0,-11,0,0
4,,10212,Skirinah,Skirinah district_10000287,Resid.,Open,,,,,0.07,0.05,0,0,0,0,0,8,0,0,0,0,8,2,2,4,18,8,2,8,0,-10,0,0
4,,10221,Sultanah,Sultanah district_10000103,Resid.,Open,,,,,0.1,0.07,0,0,0,0,0,5,0,0,0,0,5,0,2,3,18,12,1,5,0,-14,0,0
4,,10227,Sultanah,Sultanah district_10000109,Resid.,Open,,,,,0.07,0.05,0,0,0,0,0,4,0,0,0,0,4,1,2,1,11,8,2,1,0,-10,0,0
4,,10228,Sultanah,Sultanah district_10000110,Resid.,Open,,,,,0.04,0.03,0,0,0,0,0,4,0,0,0,0,4,0,3,1,9,4,2,3,0,-6,0,0
4,,10233,Sultanah,Sultanah district_10000115,Resid.,Open,,,,,0.09,0.06,0,0,0,0,0,6,0,0,0,0,6,0,5,1,23,12,1,10,0,-13,0,0
4,,10235,Sultanah,Sultanah district_10000117,Resid.,Open,,,,,0.04,0.03,0,0,0,0,0,3,0,0,0,0,3,1,1,1,9,5,1,3,0,-6,0,0
4,,10241,Sultanah,Sultanah district_10000123,Mixed.,Open,,,,,0.11,0.07,0,0,0,0,0,4,0,0,0,0,4,0,0,4,20,14,0,6,0,-15,0,0
4,,10262,Utayqah,Utayqah district_10000141,Resid.,Open,,,,,0.05,0.03,0,0,0,0,0,0,0,0,0,0,0,0,0,0,7,7,0,0,0,-7,0,0
4,,10264,Utayqah,Utayqah district_10000143,Resid.,Open,,,,,0.21,0.14,0,0,0,0,0,5,0,0,0,0,5,1,2,2,36,27,2,7,0,-29,0,0
4,,10269,Utayqah,Utayqah district_10000148,Resid.,Open,,,,,0.09,0.06,0,0,0,0,0,2,0,0,0,0,2,0,2,0,14,11,1,2,0,-12,0,YES
4,,10272,Utayqah,Utayqah district_10000151,Resid.,Open,,,,,0.24,0.16,0,0,0,0,0,5,0,0,0,0,5,1,2,2,40,30,2,8,0,-33,0,0
4,,10280,Utayqah,Utayqah district_10000227,Resid.,Open,,,,,0.05,0.03,0,0,0,0,0,5,0,0,0,0,5,1,3,1,9,5,2,2,0,-7,0,0
4,,5499,Western Umm Hamam,city Riyadh Western Umm Hamam district_1325,Resid.,Closed,fabdelrahman,25-Feb,"February 16, 25","February 16, 25",0.16,0.1,0,0,0,0,0,13,4,1,2,1,9,0,5,4,30,15,4,11,0,1,0,0
4,,5462,Umm Hamam,city Riyadh Umm Hamam eastern district_1292,Resid.,Closed,salsiqami,25-Feb,,,0.04,0.02,0,0,0,0,0,0,0,0,0,0,0,0,0,0,7,5,0,2,0,0,0,0
4,,5465,Umm Hamam,city Riyadh Umm Hamam eastern district_1295,Resid.,Closed,salsiqami,25-Feb,,,0.06,0.04,0,0,0,0,0,0,0,0,0,0,0,0,0,0,9,9,0,0,0,0,0,0
4,,5454,Umm Hamam,city Riyadh Umm Hamam eastern district_1284,Resid.,Closed,surveyor13,25-Feb,"February 11, 25","February 11, 25",0.06,0.04,0,0,0,0,0,18,11,0,0,11,7,0,6,1,31,6,2,23,0,0,0,0
4,,5461,Umm Hamam,city Riyadh Umm Hamam eastern district_1291,Resid.,Closed,surveyor13,25-Feb,,,0.02,0.01,0,0,0,0,0,2,0,0,0,0,2,0,2,0,5,2,1,2,0,0,0,0
4,,5468,Umm Hamam,city Riyadh Umm Hamam eastern district_1298,Com,Closed,surveyor4,25-Feb,"February 17, 25","February 18, 25",0.64,0.35,0,0,0,0,0,61,31,16,12,3,30,0,28,2,103,45,27,31,0,16,0,0
4,,5737,Al Arid,Al Aared district_195,Resid.,Off-Plan,ashuban,25-Mar,"March 17, 25","March 17, 25",0.23,0.12,0,0,0,0,0,21,21,20,1,0,0,0,0,0,27,18,8,1,0,6,0,YES
4,,5741,Al Arid,Al Aared district_199,Resid.,Off-Plan,fabdelrahman,25-May,"May 19, 25","May 19, 25",0.09,0.06,0,0,0,0,0,43,38,26,7,5,5,3,1,1,13,10,2,1,0,0,0,YES
4,,5767,Al Arid,Al Aared district_225,Mixed.,Off-Plan,fabdelrahman,25-May,"May 15, 25","May 15, 25",0.06,0.04,0,0,0,0,0,35,35,30,5,0,0,0,0,0,8,7,1,0,0,0,0,0
4,,5774,Al Arid,Al Aared district_232,Mixed.,Off-Plan,fabdelrahman,25-May,"May 17, 25","May 17, 25",0.01,0.01,0,0,0,0,0,1,1,1,0,0,0,0,0,0,2,2,0,0,0,-2,0,0
4,,5776,Al Arid,Al Aared district_234,Mixed.,Off-Plan,fabdelrahman,25-May,"May 17, 25","May 17, 25",0.01,0,0,0,0,0,0,9,9,9,0,0,0,0,0,0,1,1,0,0,0,-1,0,0
4,,5784,Al Arid,Al Aared district_242,Resid.,Off-Plan,fabdelrahman,25-May,"May 19, 25","May 19, 25",0.04,0.03,0,0,0,0,0,89,81,71,2,8,8,2,4,2,10,5,1,4,0,0,0,0
4,,5717,Al Arid,Al Aared district_122,Resid.,Off-Plan,,,,,0.01,0,0,0,0,0,0,0,0,0,0,0,0,0,0,0,1,1,0,0,0,-1,0,0
4,,5750,Al Arid,Al Aared district_208,Mixed.,Off-Plan,aalngedan,,"March 17, 25","May 13, 25",0.01,0.01,0,0,0,0,0,2,2,2,0,0,0,0,0,0,3,2,1,0,0,1,0,0
4,,5751,Al Arid,Al Aared district_209,Resid.,Off-Plan,aalosaimi,25-May,"May 25, 25","May 25, 25",0.09,0.06,0,0,0,0,0,6,3,0,0,3,3,1,1,1,15,11,2,2,0,0,0,0
4,,5756,Al Arid,Al Aared district_214,Resid.,Open,,,,,0.04,0.02,0,0,0,0,0,2,1,0,0,1,1,0,0,1,5,4,1,0,0,0,0,0
4,,5757,Al Arid,Al Aared district_215,Resid.,Open,,,,,0.11,0.07,0,0,0,0,0,16,8,0,0,8,8,8,0,0,17,11,4,2,0,0,0,0
4,,5759,Al Arid,Al Aared district_217,Mixed.,Off-Plan,,,,,0.01,0,0,0,0,0,0,0,0,0,0,0,0,0,0,0,1,1,0,0,0,0,0,0
4,,5966,Al Dar Al Baida,Al Dar Al Baida district_17,Resid.,,,,,,0.01,0,0,0,0,0,0,0,0,0,0,0,0,0,0,0,1,1,0,0,0,-1,0,0
4,,9236,Muayzilah,city Riyadh Muayzilah district_151,Resid.,Open,,,,,0.01,0,0,0,0,0,0,1,0,0,0,0,1,0,0,1,2,1,0,1,0,-1,0,0
4,,9238,Muayzilah,city Riyadh Muayzilah district_153,Mixed.,Open,,,,,0.01,0,0,0,0,0,0,0,0,0,0,0,0,0,0,0,1,1,0,0,0,-1,0,0
4,,9484,Tuwaiq,city Riyadh Tuwaiq district_459,Resid.,Open,,,,,0.01,0,0,0,0,0,0,0,0,0,0,0,0,0,0,0,1,1,0,0,0,-1,0,0
4,,9487,Tuwaiq,city Riyadh Tuwaiq district_462,Resid.,Open,,,,,0.01,0,0,0,0,0,0,0,0,0,0,0,0,0,0,0,1,1,0,0,0,-1,0,0
4,,5961,Al Bariyah,Al Bariyah district_149,Resid.,Open,,,,,0.04,0.03,0,0,0,0,0,9,0,0,0,0,9,3,3,3,9,3,3,3,0,-6,0,0
4,,6175,Al Ghannamiyah,Al Ghannamiyah district_289,Resid.,Open,,,,,0.02,0.01,0,0,0,0,0,6,0,0,0,0,6,2,2,2,5,1,2,2,0,-3,0,0
4,,6202,Al Haer,Al Haer district_270,Resid.,Open,,,,,0.02,0.01,0,0,0,0,0,6,0,0,0,0,6,2,2,2,5,1,2,2,0,-3,0,0
4,,6244,Al Jarradiyah,Al Jarradiyah district_10000083,Resid.,Open,,,,,0.07,0.05,0,0,0,0,0,12,0,0,0,0,12,3,4,5,16,5,5,6,0,-10,0,0
4,,6421,Al Mansurah,Al Mansurah district_10000433,Resid.,Open,,,,,0.07,0.05,0,0,0,0,0,11,0,0,0,0,11,1,9,1,11,5,5,1,0,-10,0,0
4,,6532,Al Misfat,Al Misfat district_220,Mixed.,Open,,,,,0.03,0.02,0,0,0,0,0,5,0,0,0,0,5,0,5,0,4,2,2,0,0,-4,0,0
4,,7249,Al Hazm,city Riyadh Al Hazm district_167,Mixed.,Open,,,,,0.02,0.01,0,0,0,0,0,4,0,0,0,0,4,1,1,2,4,1,1,2,0,-3,0,0
4,,7322,Al Janadriyah,city Riyadh Al Janadriyah district_155,Resid.,Open,,,,,0.02,0.01,0,0,0,0,0,7,0,0,0,0,7,2,2,3,7,1,2,4,0,-3,0,0
4,,7445,Al Jazeera,city Riyadh Al Jazeera district_325,Resid.,Open,,,,,0.03,0.02,0,0,0,0,0,5,0,0,0,0,5,1,3,1,8,2,2,4,0,-4,0,0
4,,7452,Al Jazeera,city Riyadh Al Jazeera district_332,Resid.,Open,,,,,0.03,0.02,0,0,0,0,0,4,0,0,0,0,4,1,2,1,6,2,2,2,0,-4,0,0
4,,7532,Al Marwah,city Riyadh Al Marwah district_235,Resid.,Open,,,,,0.03,0.02,0,0,0,0,0,4,0,0,0,0,4,1,2,1,5,2,2,1,0,-4,0,YES
4,,7681,Al Nazim,city Riyadh Al Nazim district_1007,Resid.,Open,,,,,0.02,0.01,0,0,0,0,0,4,0,0,0,0,4,1,1,2,4,1,1,2,0,-3,0,0
4,,7729,Al Nazim,city Riyadh Al Nazim district_1055,Mixed.,Open,,,,,0.03,0.02,0,0,0,0,0,7,0,0,0,0,7,0,7,0,4,2,2,0,0,-4,0,0
4,,8068,Al Rimayah,city Riyadh Al Rimayah district_940,Resid.,Open,,,,,0.04,0.02,0,0,0,0,0,8,0,0,0,0,8,2,4,2,7,2,3,2,0,-5,0,0
4,,8553,Badr,city Riyadh Badr district_408,Resid.,Open,,,,,0.03,0.02,0,0,0,0,0,6,0,0,0,0,6,2,2,2,8,2,2,4,0,-4,0,0
4,,8555,Badr,city Riyadh Badr district_410,Resid.,Open,,,,,0.03,0.02,0,0,0,0,0,6,0,0,0,0,6,2,2,2,6,2,2,2,0,-4,0,0
4,,8593,Badr,city Riyadh Badr district_449,Resid.,Open,,,,,0.03,0.02,0,0,0,0,0,5,0,0,0,0,5,1,3,1,5,2,2,1,0,-4,0,0
4,,8730,Dahiyah Namar,city Riyadh Dahiyat Namar district_32,Mixed.,Open,,,,,0.05,0.03,0,0,0,0,0,12,0,0,0,0,12,4,4,4,11,3,4,4,0,-7,0,0
4,,8985,Dirab,city Riyadh Dirab district_36,Resid.,Open,,,,,0.02,0.01,0,0,0,0,0,2,0,0,0,0,2,0,2,0,3,1,2,0,0,-3,0,0
4,,8990,Dirab,city Riyadh Dirab district_41,Resid.,Open,,,,,0.03,0.02,0,0,0,0,0,6,0,0,0,0,6,2,2,2,6,2,2,2,0,-4,0,0
4,,8998,Dirab,city Riyadh Dirab district_49,Resid.,Open,,,,,0.04,0.03,0,0,0,0,0,8,0,0,0,0,8,2,4,2,8,2,4,2,0,-6,0,0
4,,9006,Dirab,city Riyadh Dirab district_57,Resid.,Open,,,,,0.02,0.01,0,0,0,0,0,9,0,0,0,0,9,3,3,3,6,0,3,3,0,-3,0,0
4,,9234,Muayzilah,city Riyadh Muayzilah district_149,Resid.,Open,,,,,0.02,0.01,0,0,0,0,0,5,0,0,0,0,5,3,1,1,4,0,3,1,0,-3,0,0
4,,9388,Shobra,city Riyadh Shobra district_81,Resid.,Open,,,,,0.03,0.02,0,0,0,0,0,4,0,0,0,0,4,1,2,1,5,2,2,1,0,-4,0,0
4,,9427,Tuwaiq,city Riyadh Tuwaiq district_402,Resid.,Open,,,,,0.02,0.01,0,0,0,0,0,6,0,0,0,0,6,2,2,2,5,1,2,2,0,-3,0,0
4,,10224,Sultanah,Sultanah district_10000106,Resid.,Open,,,,,0.02,0.01,0,0,0,0,0,6,0,0,0,0,6,1,3,2,6,1,2,3,0,-3,0,0
4,,5476,Western Umm Hamam,city Riyadh Western Umm Hamam district_1302,Mixed.,Closed,ashuban,25-Feb,"February 18, 25","February 18, 25",0.06,0.03,0,0,0,0,0,14,9,2,3,4,5,0,4,1,16,0,6,10,0,2,0,0
4,,5488,Western Umm Hamam,city Riyadh Western Umm Hamam district_1314,Resid.,Closed,ashuban,25-Feb,"February 16, 25","February 16, 25",0.02,0.01,0,0,0,0,0,7,4,0,2,2,3,0,2,1,6,0,2,4,0,0,0,0
4,,5491,Western Umm Hamam,city Riyadh Western Umm Hamam district_1317,Resid.,Closed,ashuban,25-Feb,"February 11, 25","February 12, 25",0.16,0.08,0,0,0,0,0,25,20,6,7,7,5,0,5,0,26,2,14,10,0,6,0,0
4,,5494,Western Umm Hamam,city Riyadh Western Umm Hamam district_1320,Resid.,Closed,fabdelrahman,25-Feb,"February 18, 25","February 18, 25",0.01,0,0,0,0,0,0,3,3,1,0,2,0,0,0,0,5,0,1,4,0,1,0,0
4,,5495,Western Umm Hamam,city Riyadh Western Umm Hamam district_1321,Resid.,Closed,fabdelrahman,25-Feb,"February 18, 25","February 18, 25",0.01,0.01,0,0,0,0,0,2,2,0,1,1,0,0,0,0,3,1,1,1,0,0,0,0
4,,5496,Western Umm Hamam,city Riyadh Western Umm Hamam district_1322,Resid.,Closed,fabdelrahman,25-Feb,"February 18, 25","February 18, 25",0.05,0.03,0,0,0,0,0,13,2,1,1,0,11,2,5,4,12,2,4,6,0,1,0,0
4,,5498,Western Umm Hamam,city Riyadh Western Umm Hamam district_1324,Resid.,Closed,fabdelrahman,25-Feb,"February 16, 25","February 16, 25",0.01,0,0,0,0,0,0,5,5,0,1,4,0,0,0,0,7,0,1,6,0,0,0,0
4,,5444,Umm Hamam,city Riyadh Umm Hamam eastern district_1274,Resid.,Closed,salsiqami,25-Feb,"February 12, 25","February 13, 25",0.19,0.09,0,0,0,0,0,24,19,8,3,8,5,0,4,1,32,8,11,13,0,8,0,0
4,,5446,Umm Hamam,city Riyadh Umm Hamam eastern district_1276,Mixed.,Closed,salsiqami,25-Feb,"February 12, 25","February 12, 25",0.04,0.02,0,0,0,0,0,8,2,0,2,0,6,0,5,1,7,2,3,2,0,0,0,0
4,,5463,Umm Hamam,city Riyadh Umm Hamam eastern district_1293,Resid.,Closed,salsiqami,25-Feb,"February 20, 25","February 20, 25",0.03,0.02,0,0,0,0,0,7,1,0,1,0,6,0,6,0,5,2,2,1,0,0,0,0
4,,5464,Umm Hamam,city Riyadh Umm Hamam eastern district_1294,Resid.,Closed,salsiqami,25-Feb,"February 20, 25","February 20, 25",0.16,0.07,0,0,0,0,0,23,14,8,5,1,9,0,8,1,20,3,12,5,0,8,0,0
4,,5482,Western Umm Hamam,city Riyadh Western Umm Hamam district_1308,Mixed.,Closed,salsiqami,25-Feb,"February 16, 25","February 18, 25",0.44,0.21,0,0,0,0,0,70,62,18,23,21,8,0,8,0,77,1,43,33,0,18,0,YES
4,,5477,Western Umm Hamam,city Riyadh Western Umm Hamam district_1303,Mixed.,Closed,surveyor1,25-Feb,"February 17, 25","February 18, 25",0.18,0.08,0,0,0,0,0,15,10,8,2,0,5,0,4,1,24,8,9,7,0,8,0,0
4,,5450,Umm Hamam,city Riyadh Umm Hamam eastern district_1280,Mixed.,Closed,surveyor13,25-Feb,"February 12, 25","February 12, 25",0.01,0,0,0,0,0,0,3,2,0,1,1,1,0,0,1,10,0,1,9,0,0,0,0
4,,5455,Umm Hamam,city Riyadh Umm Hamam eastern district_1285,Resid.,Closed,surveyor13,25-Feb,,,0,0,0,0,0,0,0,0,0,0,0,0,0,0,0,0,1,0,0,1,0,0,0,0
4,,5456,Umm Hamam,city Riyadh Umm Hamam eastern district_1286,Resid.,Closed,surveyor13,25-Feb,"February 11, 25","February 11, 25",0.01,0.01,0,0,0,0,0,7,3,0,0,3,4,0,3,1,6,1,1,4,0,0,0,0
4,,5457,Umm Hamam,city Riyadh Umm Hamam eastern district_1287,Resid.,Closed,surveyor13,25-Feb,"February 11, 25","February 11, 25",0.01,0.01,0,0,0,0,0,5,5,0,1,4,0,0,0,0,7,1,1,5,0,0,0,0
4,,5458,Umm Hamam,city Riyadh Umm Hamam eastern district_1288,Resid.,Closed,surveyor13,25-Feb,"February 11, 25","February 11, 25",0,0,0,0,0,0,0,1,1,0,0,1,0,0,0,0,2,0,0,2,0,0,0,0
4,,5459,Umm Hamam,city Riyadh Umm Hamam eastern district_1289,Resid.,Closed,surveyor13,25-Feb,,,0,0,0,0,0,0,0,0,0,0,0,0,0,0,0,0,0,0,0,0,0,0,0,0
4,,5460,Umm Hamam,city Riyadh Umm Hamam eastern district_1290,Resid.,Closed,surveyor13,25-Feb,"February 11, 25","February 11, 25",0.01,0.01,0,0,0,0,0,5,1,0,1,0,4,1,2,1,4,0,2,2,0,0,0,YES
4,,5473,Western Umm Hamam,city Riyadh Western Umm Hamam district_1299,Mixed.,Closed,surveyor13,25-Feb,,,0.01,0.01,0,0,0,0,0,3,0,0,0,0,3,0,3,0,2,1,1,0,0,0,0,0
4,,5502,Western Umm Hamam,city Riyadh Western Umm Hamam district_1328,Resid.,Closed,surveyor13,25-Feb,"February 18, 25","February 18, 25",0.08,0.05,0,0,0,0,0,11,2,1,1,0,9,0,7,2,17,3,6,8,0,1,0,0
4,,5485,Western Umm Hamam,city Riyadh Western Umm Hamam district_1311,Resid.,Closed,surveyor4,25-Feb,"February 16, 25","February 19, 25",0.22,0.1,0,0,0,0,0,46,33,9,11,13,13,0,11,2,43,1,21,21,0,9,0,0
4,,5503,Western Umm Hamam,city Riyadh Western Umm Hamam district_1329,Resid.,Closed,surveyor4,25-Feb,"February 18, 25","February 18, 25",0,0,0,0,0,0,0,6,6,0,0,6,0,0,0,0,8,0,0,8,0,0,0,0
4,,5710,Al Arid,Al Aared district_115,Resid.,Off-Plan,aalosaimi,25-Mar,"March 18, 25","March 18, 25",0.01,0,0,0,0,0,0,0,0,0,0,0,0,0,0,0,1,0,1,0,0,1,0,0
4,,5790,Al Arid,Al Aared district_248,Resid.,Off-Plan,aalosaimi,25-Mar,"March 17, 25","March 17, 25",0.46,0.17,0,0,0,0,0,31,22,7,6,9,9,9,0,0,43,0,36,7,0,29,0,0
4,,5815,Al Arid,Al Aared district_6,Indust.,Off-Plan,aalosaimi,25-Mar,,,0,0,0,0,0,0,0,0,0,0,0,0,0,0,0,0,0,0,0,0,0,0,0,0
4,,5703,Al Arid,Al Aared district_106,Resid.,Off-Plan,abinsaedan,,"May 15, 25","May 15, 25",0,0.01,0,0,0,0,0,4,2,0,0,2,2,0,2,0,5,0,3,2,0,3,0,0
4,,5706,Al Arid,Al Aared district_109,Resid.,Off-Plan,fabdelrahman,25-Mar,"March 17, 25","March 17, 25",0.01,0.01,0,0,0,0,0,19,10,1,0,9,9,5,3,1,3,0,1,2,0,0,0,0
4,,5707,Al Arid,Al Aared district_110,Resid.,Off-Plan,fabdelrahman,25-Mar,"March 17, 25","March 17, 25",0.01,0,0,0,0,0,0,12,6,0,0,6,6,3,2,1,3,0,1,2,0,1,0,0
4,,5773,Al Arid,Al Aared district_231,Resid.,Off-Plan,fabdelrahman,25-May,"May 17, 25","May 17, 25",0.01,0,0,0,0,0,0,5,3,0,1,2,2,2,0,0,1,0,1,0,0,0,0,0
4,,5775,Al Arid,Al Aared district_233,Mixed.,Off-Plan,fabdelrahman,25-May,"May 17, 25","May 17, 25",0.01,0,0,0,0,0,0,5,4,2,1,1,1,1,0,0,1,0,1,0,0,-1,0,0
4,,5781,Al Arid,Al Aared district_239,Resid.,Off-Plan,fabdelrahman,25-May,"May 18, 25","May 18, 25",0,0,0,0,0,0,0,0,0,0,0,0,0,0,0,0,0,0,0,0,0,0,0,0
4,,5799,Al Arid,Al Aared district_257,Resid.,Off-Plan,fabdelrahman,25-Mar,"March 17, 25","March 17, 25",0.39,0.15,0,0,0,0,0,32,19,3,3,13,13,10,2,1,38,4,28,6,0,23,0,YES
4,,4671,Al Dhubbat,Al Dhubbat district_10000554,Mixed.,Off-Plan,fabdelrahman,25-Apr,"April 8, 25","April 9, 25",0.4,0.16,0,0,0,0,0,66,55,22,16,17,11,3,6,2,69,3,38,28,0,22,0,YES
4,,5704,Al Arid,Al Aared district_107,Resid.,Off-Plan,surveyor3,25-Mar,"March 18, 25","March 18, 25",0.13,0,0,0,0,0,0,16,8,0,0,8,8,8,0,0,18,0,18,0,0,18,0,0
4,,5813,Al Arid,Al Aared district_391,Mixed.,Off-Plan,surveyor3,25-Apr,"April 7, 25","April 7, 25",0.04,0,0,0,0,0,0,3,2,0,1,1,1,0,1,0,7,0,4,3,0,4,0,0
4,,5708,Al Arid,Al Aared district_111,Resid.,Off-Plan,,,,,0,0,0,0,0,0,0,0,0,0,0,0,0,0,0,0,0,0,0,0,0,0,0,0
4,,5712,Al Arid,Al Aared district_117,Resid.,Off-Plan,aalngedan,,"May 14, 25","May 14, 25",0.06,0.04,0,0,0,0,0,15,11,7,0,4,4,4,0,0,22,1,19,2,0,12,0,0
4,,5713,Al Arid,Al Aared district_118,Resid.,Off-Plan,aalngedan,,"May 15, 25","May 15, 25",0.01,0,0,0,0,0,0,0,0,0,0,0,0,0,0,0,2,1,1,0,0,0,0,0
4,,5715,Al Arid,Al Aared district_120,Resid.,Off-Plan,aalngedan,,"May 15, 25","May 15, 25",0.01,0,0,0,0,0,0,1,1,1,0,0,0,0,0,0,1,0,1,0,0,0,0,0
4,,5718,Al Arid,Al Aared district_123,Resid.,Off-Plan,aalngedan,,"May 14, 25","May 14, 25",0.12,0.08,0,0,0,0,0,22,15,8,0,7,7,5,0,2,32,11,21,0,0,13,0,0
4,,5719,Al Arid,Al Aared district_124,Resid.,Off-Plan,aalngedan,,"May 15, 25","May 15, 25",0.01,0,0,0,0,0,0,1,1,1,0,0,0,0,0,0,1,0,1,0,0,0,0,0
4,,5720,Al Arid,Al Aared district_125,Resid.,Off-Plan,aalngedan,,"May 13, 25","May 13, 25",0.14,0.1,0,0,0,0,0,38,23,8,0,15,15,12,2,1,34,10,22,2,0,12,0,YES
4,,5725,Al Arid,Al Aared district_183,Resid.,Off-Plan,aalngedan,,"May 15, 25","May 15, 25",0.01,0.01,0,0,0,0,0,1,1,1,0,0,0,0,0,0,3,1,1,1,0,0,0,0
4,,5726,Al Arid,Al Aared district_184,Resid.,Off-Plan,aalngedan,,"May 14, 25","May 15, 25",0.04,0.02,0,0,0,0,0,6,5,4,0,1,1,0,1,0,18,1,15,2,0,11,0,0
4,,5727,Al Arid,Al Aared district_185,Resid.,Off-Plan,aalngedan,,"May 14, 25","May 14, 25",0.01,0,0,0,0,0,0,9,5,1,0,4,4,1,2,1,4,0,1,3,0,0,0,0
4,,5729,Al Arid,Al Aared district_187,Resid.,Off-Plan,aalngedan,,"May 14, 25","May 14, 25",0.01,0.01,0,0,0,0,0,9,5,1,0,4,4,1,2,1,4,1,1,2,0,0,0,0
4,,5730,Al Arid,Al Aared district_188,Resid.,Off-Plan,aalngedan,,"May 14, 25","May 14, 25",0,0,0,0,0,0,0,2,1,0,0,1,1,0,1,0,2,0,1,1,0,1,0,0
4,,5731,Al Arid,Al Aared district_189,Resid.,Off-Plan,aalngedan,,"May 14, 25","May 14, 25",0.01,0.01,0,0,0,0,0,7,4,1,0,3,3,1,1,1,3,1,1,1,0,0,0,0
4,,5736,Al Arid,Al Aared district_194,Resid.,Off-Plan,aalngedan,,"May 15, 25","May 15, 25",0.08,0.05,0,0,0,0,0,11,8,5,0,3,3,3,0,0,39,4,35,0,0,28,0,0
4,,5743,Al Arid,Al Aared district_201,Resid.,Off-Plan,aalngedan,,"May 13, 25","May 13, 25",0,0,0,0,0,0,0,2,1,0,0,1,1,0,1,0,2,0,1,1,0,1,0,0
4,,5746,Al Arid,Al Aared district_204,Resid.,Off-Plan,aalngedan,,"May 15, 25","May 15, 25",0.02,0.01,0,0,0,0,0,6,4,2,0,2,2,2,0,0,19,1,18,0,0,15,0,YES
4,,5761,Al Arid,Al Aared district_219,Mixed.,Open,,,,,0.01,0.01,0,0,0,0,0,12,6,0,0,6,6,5,1,0,3,0,2,1,0,0,0,0
4,,5763,Al Arid,Al Aared district_221,Resid.,Off-Plan,,,,,0,0,0,0,0,0,0,0,0,0,0,0,0,0,0,0,0,0,0,0,0,0,0,0
4,,5764,Al Arid,Al Aared district_222,Mixed.,Off-Plan,aalngedan,,"May 15, 25","May 15, 25",0.03,0.02,0,0,0,0,0,12,8,4,0,4,4,4,0,0,20,0,18,2,0,14,0,0
4,,5765,Al Arid,Al Aared district_223,Resid.,Off-Plan,aalngedan,,"May 13, 25","May 13, 25",0.03,0.02,0,0,0,0,0,14,7,0,0,7,7,5,2,0,9,2,4,3,0,2,0,0
4,,5766,Al Arid,Al Aared district_224,Mixed.,Off-Plan,aalngedan,,"May 14, 25","May 15, 25",0.04,0.02,0,0,0,0,0,3,2,1,0,1,1,1,0,0,68,4,64,0,0,63,0,0
4,,5768,Al Arid,Al Aared district_226,Mixed.,Off-Plan,aalngedan,,"May 15, 25","May 15, 25",0.01,0,0,0,0,0,0,2,1,0,0,1,1,1,0,0,3,1,2,0,0,1,0,0
4,,5769,Al Arid,Al Aared district_227,Mixed.,Off-Plan,aalngedan,,"May 15, 25","May 15, 25",0.01,0,0,0,0,0,0,1,1,1,0,0,0,0,0,0,21,0,21,0,0,20,0,0
4,,5771,Al Arid,Al Aared district_229,Mixed.,Off-Plan,aalngedan,,"May 13, 25","May 13, 25",0.05,0.03,0,0,0,0,0,9,6,3,0,3,3,2,1,0,43,4,38,1,0,35,0,0
4,,5772,Al Arid,Al Aared district_230,Mixed.,Off-Plan,aalngedan,,"May 13, 25","May 13, 25",0.01,0.01,0,0,0,0,0,0,0,0,0,0,0,0,0,0,9,2,7,0,0,7,0,0
4,,5777,Al Arid,Al Aared district_235,Resid.,Open,,,,,0.02,0.01,0,0,0,0,0,12,6,0,0,6,6,6,0,0,3,1,2,0,0,0,0,0
4,,5800,Al Arid,Al Aared district_258,Resid.,Off-Plan,aalngedan,,"May 15, 25","May 15, 25",0.03,0.02,0,0,0,0,0,3,2,1,0,1,1,0,1,0,14,3,9,2,0,5,0,0
4,,5802,Al Arid,Al Aared district_260,Mixed.,Open,,,,,0,0,0,0,0,0,0,0,0,0,0,0,0,0,0,0,0,0,0,0,0,0,0,0
4,,5804,Al Arid,Al Aared district_262,Resid.,Off-Plan,,,,,0,0,0,0,0,0,0,0,0,0,0,0,0,0,0,0,0,0,0,0,0,0,0,0
4,,5807,Al Arid,Al Aared district_265,Resid.,Off-Plan,,,,,0,0,0,0,0,0,0,0,0,0,0,0,0,0,0,0,0,0,0,0,0,0,0,0
4,,5812,Al Arid,Al Aared district_387,Resid.,Off-Plan,,,,,0.01,0.01,0,0,0,0,0,8,4,0,0,4,4,4,0,0,2,1,1,0,0,-2,0,0
4,,9242,Muayzilah,city Riyadh Muayzilah district_6,Resid.,Open,,,,,0,0,0,0,0,0,0,0,0,0,0,0,0,0,0,0,0,0,0,0,0,0,0,0
4,,9485,Tuwaiq,city Riyadh Tuwaiq district_460,Resid.,,,,,,0,0,0,0,0,0,0,0,0,0,0,0,0,0,0,0,0,0,0,0,0,0,0,0
4,,9486,Tuwaiq,city Riyadh Tuwaiq district_461,Resid.,,,,,,0.01,0.01,0,0,0,0,0,3,0,0,0,0,3,1,1,1,3,1,1,1,0,-2,0,0
1&2,,4586,Ash-Shohda,RUH_Granada mall,Mixed.,Closed,surveyor13,25-May,"January 16, 25","March 2, 25",2.46,1.63,2,0,0,0,120,474,16,2,11,3,458,18,426,14,416,206,151,59,0,2,21.54,YES
1&2,,4567,Ash-Shohda,RUH_67,Mixed.,Closed,fabdelrahman,25-Mar,"March 2, 25","March 4, 25",0.66,0.37,0,4,0,0,15,309,171,16,46,109,138,0,131,7,225,8,71,146,0,16,3.05,YES
1&2,,4159,Ash-Shohda,Ash-Shohda district_144,Com,Closed,fabdelrahman,25-Mar,"January 26, 25","March 12, 25",0.69,0.33,0,1,0,0,9,176,96,27,27,42,80,2,71,7,134,13,60,61,0,27,1.8,YES
1&2,,4176,Ash-Shohda,Ash-Shohda district_2,Resid.,Open,,,,,0.42,0.28,0,0,0,0,8,53,1,0,1,0,52,1,45,6,74,45,15,14,0,-59,1.29,0
1&2,,3413,Ash-Shohda,Al Shuhada ter_5,Resid.,Off-Plan,,,"May 8, 25","May 8, 25",0.08,0.05,0,0,0,0,7,28,2,0,2,0,26,0,25,1,13,4,7,2,0,0,1.26,0
1&2,,4168,Ash-Shohda,Ash-Shohda district_148,Resid.,Closed,surveyor3,25-Mar,"March 6, 25","March 9, 25",0.43,0.22,0,4,0,0,4,137,91,14,29,48,46,1,43,2,124,6,47,71,0,14,1.07,YES
1&2,,4172,Ash-Shohda,Ash-Shohda district_150,Resid.,Open,,,,,0.28,0.19,0,4,0,0,4,35,2,0,2,0,33,0,31,2,54,28,11,15,0,-37,0.97,YES
1&2,,4157,Ash-Shohda,Ash-Shohda district_143,Resid.,Open,,,,,0.64,0.43,0,0,0,0,6,38,0,0,0,0,38,0,34,4,111,75,12,24,0,0,0.93,YES
1&2,,4164,Ash-Shohda,Ash-Shohda district_146,Resid.,Open,,,,,0.35,0.23,0,0,0,0,5,31,0,0,0,0,31,0,31,0,61,38,11,12,0,0,0.75,YES
1&2,,4162,Ash-Shohda,Ash-Shohda district_145,Resid.,Closed,fabdelrahman,25-Mar,"March 6, 25","March 10, 25",0.54,0.28,0,0,0,0,4,138,72,17,31,24,66,1,59,6,105,11,49,45,0,17,0.67,0
1&2,,3406,Ash-Shohda,Al Shuhada ter_1,Mixed.,Off-Plan,,,"April 30, 25","May 8, 25",0.06,0.04,0,0,0,0,2,12,5,1,4,0,7,0,7,0,12,3,6,2,1,1,0.36,0
1&2,,4170,Ash-Shohda,Ash-Shohda district_149,Resid.,Closed,surveyor3,25-Mar,"March 6, 25","March 9, 25",0.09,0.05,0,0,0,0,2,33,20,2,8,10,13,0,10,3,29,1,11,17,0,2,0.31,YES
1&2,,4174,Ash-Shohda,Ash-Shohda district_151,Resid.,Open,,,,,0.09,0.06,0,0,0,0,2,5,0,0,0,0,5,0,5,0,15,10,3,2,0,-13,0.21,0
1&2,,3415,Ash-Shohda,Al Shuhada ter_6,Resid.,Off-Plan,,,"May 8, 25","May 8, 25",0.06,0.04,0,0,0,0,1,23,8,5,3,0,15,0,15,0,16,4,9,3,0,4,0.18,0
1&2,,3407,Ash-Shohda,Al Shuhada ter_2,Resid.,Open,,,,,0.01,0.01,0,0,0,0,0,4,0,0,0,0,4,1,1,2,5,1,1,3,0,-2,0.1,0
1&2,,3410,Ash-Shohda,Al Shuhada ter_3,Resid.,Open,,,,,0,0,0,0,0,0,0,0,0,0,0,0,0,0,0,0,0,0,0,0,0,0,0.1,0
1&2,,3411,Ash-Shohda,Al Shuhada ter_4,Resid.,Open,,,,,0,0,0,0,0,0,0,0,0,0,0,0,0,0,0,0,0,0,0,0,0,0,0.1,0
1&2,,4148,Ash-Shohda,Ash-Shohda district_139,Resid.,Open,,,,,0.21,0.14,0,0,0,0,1,4,0,0,0,0,4,0,3,1,40,26,3,11,0,-29,0.03,0
1&2,,4166,Ash-Shohda,Ash-Shohda district_147,Resid.,Open,,,,,0.38,0.25,0,0,0,0,1,8,0,0,0,0,8,1,6,1,71,48,5,18,0,-53,0.03,YES
1&2,,4150,Ash-Shohda,Ash-Shohda district_140,Resid.,Open,,,,,0.48,0.32,0,0,0,0,0,11,0,0,0,0,11,0,9,2,92,60,6,26,0,-67,0,YES
1&2,,4153,Ash-Shohda,Ash-Shohda district_141,Resid.,Open,,,,,0.14,0.1,0,0,0,0,0,30,0,0,0,0,30,2,21,7,35,11,8,16,0,-20,0,YES
1&2,,4155,Ash-Shohda,Ash-Shohda district_142,Resid.,Open,,,,,0.16,0.1,0,0,0,0,0,8,0,0,0,0,8,0,6,2,28,20,2,6,0,0,0,0
2&3,,9191,Laban,city Riyadh Laban district_814,Resid.,Open,,,,,0.31,0.2,0,0,0,0,12,41,0,0,0,0,41,0,39,2,53,28,14,11,0,-43,2.01,0
2&3,,9178,Laban,city Riyadh Laban district_801,Resid.,Open,,,,,0.27,0.18,0,0,0,0,8,42,0,0,0,0,42,0,39,3,45,26,9,10,0,-38,1.29,0
2&3,,9201,Laban,city Riyadh Laban district_958,Resid.,Open,,,,,0.23,0.15,0,0,0,0,5,17,0,0,0,0,17,0,17,0,42,25,7,10,0,-32,0.75,0
2&3,,9202,Laban,city Riyadh Laban district_959,Resid.,Open,,,,,0.25,0.17,0,0,0,0,5,37,0,0,0,0,37,1,30,6,45,26,8,11,0,-35,0.75,0
2&3,,9176,Laban,city Riyadh Laban district_799,Mixed.,Open,,,,,0.14,0.09,0,0,0,0,4,20,0,0,0,0,20,0,16,4,25,13,4,8,0,-19,0.57,0
2&3,,9192,Laban,city Riyadh Laban district_815,Mixed.,Open,,,,,0.17,0.11,0,0,0,0,4,19,0,0,0,0,19,0,19,0,32,20,4,8,0,-24,0.57,0
2&3,,9193,Laban,city Riyadh Laban district_816,Resid.,Open,,,,,0.2,0.13,0,0,0,0,4,12,0,0,0,0,12,0,12,0,31,23,5,3,0,-28,0.57,0
2&3,,9180,Laban,city Riyadh Laban district_803,Resid.,Open,,,,,0.27,0.18,0,0,0,0,3,11,0,0,0,0,11,0,11,0,43,33,5,5,0,-38,0.39,0
2&3,,9186,Laban,city Riyadh Laban district_809,Resid.,Open,,,,,0.21,0.14,0,0,0,0,3,9,0,0,0,0,9,0,9,0,37,25,4,8,0,-29,0.39,0
2&3,,9185,Laban,city Riyadh Laban district_808,Resid.,Open,,,,,0.23,0.15,0,0,0,0,2,17,0,0,0,0,17,1,13,3,42,26,5,11,0,-32,0.21,0
2&3,,9171,Laban,city Riyadh Laban district_794,Mixed.,Open,,,,,0.02,0.01,0,0,0,0,1,1,0,0,0,0,1,0,1,0,3,2,1,0,0,-3,0.11,0
2&3,,9169,Laban,city Riyadh Laban district_792,Resid.,Open,,,,,0.01,0.01,0,0,0,0,0,2,0,0,0,0,2,0,0,2,4,1,0,3,0,-2,0.1,0
2&3,,9175,Laban,city Riyadh Laban district_798,Resid.,Open,,,,,0.01,0,0,0,0,0,0,0,0,0,0,0,0,0,0,0,2,1,0,1,0,-1,0.1,0
2&3,,9182,Laban,city Riyadh Laban district_805,Resid.,Open,,,,,0.01,0.01,0,0,0,0,0,0,0,0,0,0,0,0,0,0,2,2,0,0,0,-2,0.1,0
2&3,,9667,Wady Laban,city Riyadh Wady Laban district_831,Mixed.,Open,,,,,0.01,0.01,0,0,0,0,0,0,0,0,0,0,0,0,0,0,2,2,0,0,0,-2,0.1,0
2&3,,9668,Wady Laban,city Riyadh Wady Laban district_989,Mixed.,Open,,,,,0.01,0,0,0,0,0,0,1,0,0,0,0,1,1,0,0,1,1,0,0,0,-1,0.1,0
2&3,,10191,Laban,RUH_Laban_02 Farm,Indust.,Open,,,,,0.01,0,0,0,0,0,0,3,0,0,0,0,3,0,0,3,4,1,0,3,0,-1,0.1,0
2&3,,9665,Wady Laban,city Riyadh Wady Laban district_829,Mixed.,Open,,,,,0,0,0,0,0,0,0,0,0,0,0,0,0,0,0,0,0,0,0,0,0,0,0.1,0
2&3,,9666,Wady Laban,city Riyadh Wady Laban district_830,Mixed.,Open,,,,,0,0,0,0,0,0,0,0,0,0,0,0,0,0,0,0,0,0,0,0,0,0,0.1,0
2&3,,9181,Laban,city Riyadh Laban district_804,Resid.,Open,,,,,0.16,0.1,0,0,0,0,1,4,0,0,0,0,4,0,4,0,24,18,4,2,0,-22,0.03,0
2&3,,9183,Laban,city Riyadh Laban district_806,Mixed.,Open,,,,,0.05,0.03,0,0,0,0,1,3,0,0,0,0,3,0,1,2,9,6,1,2,0,-7,0.03,0
2&3,,9190,Laban,city Riyadh Laban district_813,Resid.,Open,,,,,0.05,0.03,0,0,0,0,1,6,0,0,0,0,6,1,2,3,10,5,2,3,0,-7,0.03,0
2&3,,9168,Laban,city Riyadh Laban district_791,Mixed.,Open,,,,,0.02,0.01,0,0,0,0,0,3,0,0,0,0,3,1,1,1,4,2,1,1,0,-3,0,0
2&3,,9170,Laban,city Riyadh Laban district_793,Mixed.,Open,,,,,0.02,0.01,0,0,0,0,0,2,0,0,0,0,2,0,0,2,6,3,0,3,0,-3,0,0
2&3,,9172,Laban,city Riyadh Laban district_795,Mixed.,Open,,,,,0.16,0.11,0,0,0,0,0,7,0,0,0,0,7,0,1,6,32,22,1,9,0,-23,0,0
2&3,,9173,Laban,city Riyadh Laban district_796,Mixed.,Open,,,,,0.07,0.05,0,0,0,0,0,7,0,0,0,0,7,1,1,5,15,9,1,5,0,-10,0,0
2&3,,9174,Laban,city Riyadh Laban district_797,Resid.,Open,,,,,0.07,0.05,0,0,0,0,0,1,0,0,0,0,1,0,1,0,10,9,1,0,0,-10,0,0
2&3,,9177,Laban,city Riyadh Laban district_800,Resid.,Open,,,,,0.06,0.04,0,0,0,0,0,3,0,0,0,0,3,0,2,1,10,7,2,1,0,-9,0,0
2&3,,9179,Laban,city Riyadh Laban district_802,Resid.,Open,,,,,0.06,0.04,0,0,0,0,0,3,0,0,0,0,3,0,1,2,11,7,1,3,0,-8,0,0
2&3,,9184,Laban,city Riyadh Laban district_807,Resid.,Open,,,,,0.03,0.02,0,0,0,0,0,0,0,0,0,0,0,0,0,0,4,4,0,0,0,-4,0,0
2&3,,9187,Laban,city Riyadh Laban district_810,Resid.,Open,,,,,0.06,0.04,0,0,0,0,0,4,0,0,0,0,4,0,3,1,10,7,1,2,0,-8,0,0
2&3,,9188,Laban,city Riyadh Laban district_811,Resid.,Open,,,,,0.05,0.03,0,0,0,0,0,0,0,0,0,0,0,0,0,0,10,7,0,3,0,-7,0,0
2&3,,9189,Laban,city Riyadh Laban district_812,Resid.,Open,,,,,0.04,0.02,0,0,0,0,0,4,0,0,0,0,4,0,1,3,8,4,1,3,0,-5,0,0
2&3,,9194,Laban,city Riyadh Laban district_817,Resid.,Open,,,,,0.05,0.03,0,0,0,0,0,1,0,0,0,0,1,0,1,0,8,6,1,1,0,-7,0,0
2&3,,9195,Laban,city Riyadh Laban district_818,Resid.,Open,,,,,0.13,0.09,0,0,0,0,0,1,0,0,0,0,1,0,1,0,19,17,1,1,0,-18,0,0
2&3,,9196,Laban,city Riyadh Laban district_819,Resid.,Open,,,,,0.03,0.02,0,0,0,0,0,1,0,0,0,0,1,0,0,1,5,4,0,1,0,-4,0,0
2&3,,9197,Laban,city Riyadh Laban district_820,Resid.,Open,,,,,0.05,0.03,0,0,0,0,0,3,0,0,0,0,3,0,1,2,9,6,1,2,0,-7,0,0
2&3,,9198,Laban,city Riyadh Laban district_821,Resid.,Open,,,,,0.06,0.04,0,0,0,0,0,0,0,0,0,0,0,0,0,0,10,9,0,1,0,-9,0,0
2&3,,9199,Laban,city Riyadh Laban district_822,Resid.,Open,,,,,0.03,0.02,0,0,0,0,0,1,0,0,0,0,1,0,1,0,4,3,1,0,0,-4,0,0
2&3,,9200,Laban,city Riyadh Laban district_823,Mixed.,Open,,,,,0.21,0.14,0,0,0,0,0,3,0,0,0,0,3,0,1,2,38,29,1,8,0,-30,0,0
2&3,,9661,Wady Laban,city Riyadh Wady Laban district_825,Mixed.,Open,,,,,0.07,0.05,0,0,0,0,0,4,0,0,0,0,4,0,3,1,11,8,2,1,0,-10,0,0
2&3,,9662,Wady Laban,city Riyadh Wady Laban district_826,Mixed.,Open,,,,,0.11,0.07,0,0,0,0,0,1,0,0,0,0,1,1,0,0,15,15,0,0,0,-15,0,0
2&3,,9663,Wady Laban,city Riyadh Wady Laban district_827,Mixed.,Open,,,,,0.16,0.1,0,0,0,0,0,3,0,0,0,0,3,0,2,1,29,20,2,7,0,-22,0,0
2&3,,9664,Wady Laban,city Riyadh Wady Laban district_828,Mixed.,Open,,,,,0.04,0.02,0,0,0,0,0,0,0,0,0,0,0,0,0,0,6,5,0,1,0,-5,0,0
2&3,,10190,Laban,RUH_Laban 01,Resid.,Open,,,,,0.06,0.04,0,0,0,0,0,4,0,0,0,0,4,0,3,1,9,7,1,1,0,-8,0,0
,,10242,,this area will be demolished,Resid.,Open,,,"Dec 26, 24","Apr 29, 25",71.06,47.25,18,0,0,0,76,2940,83,27,54,2,2857,147,2035,675,12045,8775,862,2408,0,,14.79,YES
,,7072,Al Aawali,city Riyadh Al Aawali district_317,Resid.,Open,,,,,0.14,0.1,0,0,0,0,4,11,0,0,0,0,11,0,11,0,22,17,4,1,0,-20,0.57,0
,,6900,Industrial (Al Batha),Al Sinaiyah district_10000483,Com,Open,,,,,1.19,0.8,0,0,0,0,3,10,0,0,0,0,10,0,9,1,206,161,5,40,0,-167,0.52,0
,,7092,Al Aawali,city Riyadh Al Aawali district_337,Com,Open,,,,,0.22,0.15,0,0,0,0,3,11,0,0,0,0,11,1,9,1,36,28,3,5,0,-31,0.52,0
,,7075,Al Aawali,city Riyadh Al Aawali district_320,Resid.,Open,,,,,0.07,0.05,0,0,0,0,3,10,0,0,0,0,10,1,9,0,10,7,3,0,0,-10,0.39,0
,,8094,Al Saada,city Riyadh Al Saada district_456,Mixed.,Open,,,,,0.37,0.25,0,0,0,0,3,22,0,0,0,0,22,2,17,3,55,43,8,4,0,-52,0.39,0
,,7049,Ahad,city Riyadh Ahad district_141,Mixed.,Open,,,,,0.07,0.05,0,0,0,0,2,7,0,0,0,0,7,1,5,1,11,5,5,1,0,-10,0.36,0
,,7050,Ahad,city Riyadh Ahad district_585,Resid.,Open,,,,,0.03,0.02,0,0,0,0,2,6,0,0,0,0,6,2,3,1,6,2,3,1,0,-4,0.36,0
,,6894,Industrial (Al Batha),Al Sinaiyah district_10000477,Com,Open,,,,,0.82,0.55,0,0,0,0,2,8,0,0,0,0,8,0,8,0,152,113,2,37,0,-115,0.34,0
,,6898,Industrial (Al Batha),Al Sinaiyah district_10000481,Com,Open,,,,,0.91,0.61,0,0,0,0,2,20,0,0,0,0,20,1,17,2,162,122,5,35,0,-128,0.34,0
,,7132,Al Aawali,city Riyadh Al Aawali district_377,Resid.,Open,,,,,0.01,0.01,0,0,0,0,1,3,0,0,0,0,3,0,3,0,2,1,1,0,0,-2,0.28,YES
,,6370,Al Mansuriya,Al Mansouria district_23,Com,Open,,,,,0.01,0,0,0,0,0,0,0,0,0,0,0,0,0,0,0,1,1,0,0,0,-1,0.23,0
,,6390,Al Mansuriya,Al Mansouria district_319,Com,Open,,,,,0.01,0,0,0,0,0,0,0,0,0,0,0,0,0,0,0,1,1,0,0,0,-1,0.23,0
,,6392,Al Mansuriya,Al Mansouria district_321,Com,Open,,,,,0.01,0,0,0,0,0,0,0,0,0,0,0,0,0,0,0,1,1,0,0,0,-1,0.23,0
,,6393,Al Mansuriya,Al Mansouria district_322,Com,Open,,,,,0.01,0,0,0,0,0,0,0,0,0,0,0,0,0,0,0,1,1,0,0,0,-1,0.23,0
,,6395,Al Mansuriya,Al Mansouria district_324,Com,Open,,,,,0.01,0,0,0,0,0,0,0,0,0,0,0,0,0,0,0,1,1,0,0,0,-1,0.23,0
,,6399,Al Mansuriya,Al Mansouria district_328,Com,Open,,,,,0.01,0,0,0,0,0,0,0,0,0,0,0,0,0,0,0,1,1,0,0,0,-1,0.23,0
,,6391,Al Mansuriya,Al Mansouria district_320,Com,Open,,,,,0,0,0,0,0,0,0,0,0,0,0,0,0,0,0,0,0,0,0,0,0,0,0.23,0
,,6394,Al Mansuriya,Al Mansouria district_323,Com,Open,,,,,0,0,0,0,0,0,0,0,0,0,0,0,0,0,0,0,0,0,0,0,0,0,0.23,0
,,8112,Al Saada,city Riyadh Al Saada district_474,Com,Open,,,,,0,0,0,0,0,0,0,0,0,0,0,0,0,0,0,0,0,0,0,0,0,0,0.23,0
,,7017,Benban,Banban district_334,Com,Open,,,,,0,0,0,0,0,0,0,0,0,0,0,0,0,0,0,0,0,0,0,0,0,0,0.23,0
,,7083,Al Aawali,city Riyadh Al Aawali district_328,Mixed.,Open,,,,,0.06,0.04,0,0,0,0,2,13,0,0,0,0,13,0,12,1,11,5,3,3,0,-8,0.22,YES
,,7096,Al Aawali,city Riyadh Al Aawali district_341,Resid.,Open,,,,,0.09,0.06,0,0,0,0,2,19,0,0,0,0,19,1,17,1,14,8,5,1,0,-13,0.21,0
,,7102,Al Aawali,city Riyadh Al Aawali district_347,Resid.,Open,,,,,0.08,0.05,0,0,0,0,2,14,0,0,0,0,14,2,10,2,16,9,3,4,0,-11,0.21,0
,,7128,Al Aawali,city Riyadh Al Aawali district_373,Mixed.,Open,,,,,0.08,0.05,0,0,0,0,2,3,0,0,0,0,3,0,3,0,13,8,3,2,0,-11,0.21,YES
,,8089,Al Saada,city Riyadh Al Saada district_451,Mixed.,Open,,,,,0.24,0.16,0,0,0,0,2,18,0,0,0,0,18,1,11,6,38,25,5,8,0,-34,0.21,0
,,8102,Al Saada,city Riyadh Al Saada district_464,Resid.,Open,,,,,0.12,0.08,0,0,0,0,2,7,0,0,0,0,7,0,4,3,17,12,2,3,0,-17,0.21,0
,,8108,Al Saada,city Riyadh Al Saada district_470,Mixed.,Open,,,,,0.19,0.13,0,0,0,0,2,12,0,0,0,0,12,1,10,1,30,22,5,3,0,-27,0.21,0
,,8101,Al Saada,city Riyadh Al Saada district_463,Mixed.,Open,,,,,0.05,0.03,0,0,0,0,1,17,0,0,0,0,17,3,11,3,10,2,5,3,0,-7,0.18,0
,,6893,Industrial (Al Batha),Al Sinaiyah district_10000476,Com,Open,,,,,0.94,0.63,0,0,0,0,1,2,0,0,0,0,2,0,2,0,145,130,2,13,0,-132,0.16,0
,,6897,Industrial (Al Batha),Al Sinaiyah district_10000480,Com,Open,,,,,1.12,0.75,0,0,0,0,1,5,0,0,0,0,5,1,2,2,199,155,2,42,0,-157,0.16,0
,,6902,Industrial (Al Batha),Al Sinaiyah district_10000485,Com,Open,,,,,0.39,0.26,0,0,0,0,1,4,0,0,0,0,4,1,2,1,67,52,2,13,0,-54,0.16,0
,,6917,Industrial (Al Batha),Al Sinaiyah district_10000500,Com,Open,,,,,0.35,0.23,0,0,0,0,1,4,0,0,0,0,4,0,4,0,50,47,2,1,0,-49,0.16,0
,,6927,Industrial (Al Batha),Al Sinaiyah district_10000510,Com,Open,,,,,0.5,0.33,0,0,0,0,1,1,0,0,0,0,1,0,1,0,86,69,1,16,0,-70,0.16,0
,,7089,Al Aawali,city Riyadh Al Aawali district_334,Com,Open,,,,,0.3,0.2,0,0,0,0,1,7,0,0,0,0,7,0,5,2,50,39,3,8,0,-42,0.16,YES
,,8085,Al Saada,city Riyadh Al Saada district_1089,Com,Open,,,,,0.59,0.39,0,0,0,0,1,16,0,0,0,0,16,1,10,5,85,72,6,7,0,-82,0.16,0
,,8100,Al Saada,city Riyadh Al Saada district_462,Com,Open,,,,,0.19,0.12,0,0,0,0,1,8,0,0,0,0,8,1,4,3,30,21,3,6,0,-26,0.16,0
,,6389,Al Mansuriya,Al Mansouria district_318,Com,Open,,,,,0.05,0.03,0,0,0,0,0,0,0,0,0,0,0,0,0,0,7,7,0,0,0,-7,0.13,0
,,6396,Al Mansuriya,Al Mansouria district_325,Com,Open,,,,,0.04,0.02,0,0,0,0,0,0,0,0,0,0,0,0,0,0,5,5,0,0,0,-5,0.13,0
,,6397,Al Mansuriya,Al Mansouria district_326,Com,Open,,,,,0.04,0.02,0,0,0,0,0,0,0,0,0,0,0,0,0,0,5,5,0,0,0,-5,0.13,0
,,6398,Al Mansuriya,Al Mansouria district_327,Com,Open,,,,,0.04,0.02,0,0,0,0,0,0,0,0,0,0,0,0,0,0,5,5,0,0,0,-5,0.13,0
,,6895,Industrial (Al Batha),Al Sinaiyah district_10000478,Com,Open,,,,,1.36,0.91,0,0,0,0,0,1,0,0,0,0,1,0,0,1,248,190,0,58,0,-191,0.13,0
,,6906,Industrial (Al Batha),Al Sinaiyah district_10000489,Com,Open,,,,,0.81,0.54,0,0,0,0,0,0,0,0,0,0,0,0,0,0,130,113,0,17,0,-113,0.13,0
,,6907,Industrial (Al Batha),Al Sinaiyah district_10000490,Com,Open,,,,,0.41,0.28,0,0,0,0,0,0,0,0,0,0,0,0,0,0,70,58,0,12,0,-58,0.13,0
,,6908,Industrial (Al Batha),Al Sinaiyah district_10000491,Com,Open,,,,,0.46,0.31,0,0,0,0,0,0,0,0,0,0,0,0,0,0,77,65,0,12,0,-65,0.13,0
,,6914,Industrial (Al Batha),Al Sinaiyah district_10000497,Com,Open,,,,,0.69,0.46,0,0,0,0,0,0,0,0,0,0,0,0,0,0,105,96,0,9,0,-96,0.13,0
,,6916,Industrial (Al Batha),Al Sinaiyah district_10000499,Com,Open,,,,,0.46,0.3,0,0,0,0,0,1,0,0,0,0,1,0,0,1,77,63,0,14,0,-64,0.13,0
,,6923,Industrial (Al Batha),Al Sinaiyah district_10000506,Com,Open,,,,,0.51,0.34,0,0,0,0,0,1,0,0,0,0,1,0,0,1,86,71,0,15,0,-72,0.13,0
,,6924,Industrial (Al Batha),Al Sinaiyah district_10000507,Com,Open,,,,,0.32,0.21,0,0,0,0,0,0,0,0,0,0,0,0,0,0,52,45,0,7,0,-45,0.13,0
,,6925,Industrial (Al Batha),Al Sinaiyah district_10000508,Com,Open,,,,,0.54,0.36,0,0,0,0,0,0,0,0,0,0,0,0,0,0,85,75,0,10,0,-75,0.13,0
,,6926,Industrial (Al Batha),Al Sinaiyah district_10000509,Com,Open,,,,,0.32,0.21,0,0,0,0,0,0,0,0,0,0,0,0,0,0,47,45,0,2,0,-45,0.13,0
,,7085,Al Aawali,city Riyadh Al Aawali district_330,Com,Open,,,,,0.37,0.25,0,0,0,0,0,0,0,0,0,0,0,0,0,0,61,52,0,9,0,-52,0.13,YES
,,7086,Al Aawali,city Riyadh Al Aawali district_331,Com,Open,,,,,0.37,0.25,0,0,0,0,0,0,0,0,0,0,0,0,0,0,61,52,0,9,0,-52,0.13,YES
,,7087,Al Aawali,city Riyadh Al Aawali district_332,Com,Open,,,,,0.41,0.28,0,0,0,0,0,0,0,0,0,0,0,0,0,0,64,58,0,6,0,-58,0.13,YES
,,7090,Al Aawali,city Riyadh Al Aawali district_335,Com,Open,,,,,0.32,0.21,0,0,0,0,0,0,0,0,0,0,0,0,0,0,51,45,0,6,0,-45,0.13,0
,,7091,Al Aawali,city Riyadh Al Aawali district_336,Com,Open,,,,,0.04,0.03,0,0,0,0,0,0,0,0,0,0,0,0,0,0,6,6,0,0,0,-6,0.13,0
,,8115,Al Saada,city Riyadh Al Saada district_477,Com,Open,,,,,0.1,0.07,0,0,0,0,0,1,0,0,0,0,1,0,0,1,14,13,0,1,0,-14,0.13,0
,,8121,Al Saada,city Riyadh Al Saada district_483,Com,Open,,,,,0.35,0.23,0,0,0,0,0,0,0,0,0,0,0,0,0,0,51,49,0,2,0,-49,0.13,0
,,8122,Al Saada,city Riyadh Al Saada district_484,Com,Open,,,,,0.31,0.21,0,0,0,0,0,0,0,0,0,0,0,0,0,0,49,44,0,5,0,-44,0.13,0
,,8123,Al Saada,city Riyadh Al Saada district_485,Com,Open,,,,,0.31,0.2,0,0,0,0,0,0,0,0,0,0,0,0,0,0,47,43,0,4,0,-43,0.13,0
,,8127,Al Saada,city Riyadh Al Saada district_489,Com,Open,,,,,0.33,0.22,0,0,0,0,0,0,0,0,0,0,0,0,0,0,52,46,0,6,0,-46,0.13,0
,,8128,Al Saada,city Riyadh Al Saada district_490,Com,Open,,,,,0.32,0.21,0,0,0,0,0,0,0,0,0,0,0,0,0,0,48,45,0,3,0,-45,0.13,0
,,6372,Al Mansuriya,Al Mansouria district_25,Mixed.,Open,,,,,0.01,0,0,0,0,0,0,0,0,0,0,0,0,0,0,0,1,1,0,0,0,-1,0.1,0
,,6376,Al Mansuriya,Al Mansouria district_305,Indust.,Open,,,,,0.01,0,0,0,0,0,0,0,0,0,0,0,0,0,0,0,1,1,0,0,0,-1,0.1,0
,,6373,Al Mansuriya,Al Mansouria district_26,Indust.,Open,,,,,0.01,0.01,0,0,0,0,0,0,0,0,0,0,0,0,0,0,2,2,0,0,0,-2,0.1,0
,,6377,Al Mansuriya,Al Mansouria district_306,Indust.,Open,,,,,0.01,0,0,0,0,0,0,0,0,0,0,0,0,0,0,0,1,1,0,0,0,-1,0.1,0
,,6379,Al Mansuriya,Al Mansouria district_308,Indust.,Open,,,,,0.01,0,0,0,0,0,0,0,0,0,0,0,0,0,0,0,1,1,0,0,0,-1,0.1,0
,,6384,Al Mansuriya,Al Mansouria district_313,Indust.,Open,,,,,0.01,0,0,0,0,0,0,0,0,0,0,0,0,0,0,0,1,1,0,0,0,-1,0.1,0
,,6387,Al Mansuriya,Al Mansouria district_316,Indust.,Open,,,,,0.01,0,0,0,0,0,0,0,0,0,0,0,0,0,0,0,1,1,0,0,0,-1,0.1,0
,,6388,Al Mansuriya,Al Mansouria district_317,Mixed.,Open,,,,,0.01,0,0,0,0,0,0,0,0,0,0,0,0,0,0,0,1,1,0,0,0,-1,0.1,0
,,7021,Benban,Banban district_338,Resid.,Open,,,,,0.01,0,0,0,0,0,0,0,0,0,0,0,0,0,0,0,1,1,0,0,0,-1,0.1,0
,,7024,Benban,Banban district_341,Mixed.,Open,,,,,0.01,0,0,0,0,0,0,0,0,0,0,0,0,0,0,0,1,1,0,0,0,-1,0.1,0
,,7022,Benban,Banban district_339,Mixed.,Open,,,,,0.01,0.01,0,0,0,0,0,0,0,0,0,0,0,0,0,0,2,2,0,0,0,-2,0.1,0
,,7028,Benban,Banban district_365,Resid.,Open,,,,,0.01,0,0,0,0,0,0,0,0,0,0,0,0,0,0,0,1,1,0,0,0,-1,0.1,0
,,7036,Benban,Banban district_373,Mixed.,Open,,,,,0.01,0,0,0,0,0,0,0,0,0,0,0,0,0,0,0,1,1,0,0,0,-1,0.1,0
,,7037,Benban,Banban district_374,Indust.,Open,,,,,0.01,0,0,0,0,0,0,0,0,0,0,0,0,0,0,0,1,1,0,0,0,-1,0.1,0
,,7038,Benban,Banban district_375,Indust.,Open,,,,,0.01,0,0,0,0,0,0,0,0,0,0,0,0,0,0,0,1,1,0,0,0,-1,0.1,0
,,7041,Benban,Banban district_378,Mixed.,Open,,,,,0.01,0,0,0,0,0,0,0,0,0,0,0,0,0,0,0,1,1,0,0,0,-1,0.1,0
,,7045,Benban,Banban district_382,Indust.,Open,,,,,0.01,0,0,0,0,0,0,0,0,0,0,0,0,0,0,0,1,1,0,0,0,-1,0.1,0
,,7047,Benban,Banban district_384,Mixed.,Open,,,,,0.01,0,0,0,0,0,0,0,0,0,0,0,0,0,0,0,1,1,0,0,0,-1,0.1,0
,,7052,Ahad,city Riyadh Ahad district_587,Resid.,Open,,,,,0.01,0,0,0,0,0,0,0,0,0,0,0,0,0,0,0,1,1,0,0,0,-1,0.1,0
,,7048,Benban,Banban district_385,Mixed.,Open,,,,,0.01,0,0,0,0,0,0,0,0,0,0,0,0,0,0,0,1,1,0,0,0,-1,0.1,0
,,7063,Ahad,city Riyadh Ahad district_79,Resid.,Open,,,,,0.01,0,0,0,0,0,0,0,0,0,0,0,0,0,0,0,1,1,0,0,0,-1,0.1,0
,,7109,Al Aawali,city Riyadh Al Aawali district_354,Resid.,Open,,,,,0.01,0,0,0,0,0,0,0,0,0,0,0,0,0,0,0,1,1,0,0,0,-1,0.1,0
,,7118,Al Aawali,city Riyadh Al Aawali district_363,Resid.,Open,,,,,0.01,0,0,0,0,0,0,0,0,0,0,0,0,0,0,0,1,1,0,0,0,-1,0.1,0
,,7123,Al Aawali,city Riyadh Al Aawali district_368,Resid.,Open,,,,,0.01,0,0,0,0,0,0,0,0,0,0,0,0,0,0,0,1,1,0,0,0,-1,0.1,0
,,7133,Al Aawali,city Riyadh Al Aawali district_378,Mixed.,Open,,,,,0.01,0.01,0,0,0,0,0,0,0,0,0,0,0,0,0,0,2,2,0,0,0,-2,0.1,0
,,7138,Al Aawali,city Riyadh Al Aawali district_383,Resid.,Open,,,,,0.01,0,0,0,0,0,0,0,0,0,0,0,0,0,0,0,1,1,0,0,0,-1,0.1,0
,,8480,Al-Bashayer,city Riyadh Al-Bashayer district_361,Mixed.,Open,,,,,0.01,0,0,0,0,0,0,0,0,0,0,0,0,0,0,0,1,1,0,0,0,-1,0.1,0
,,8490,Al-Bashayer,city Riyadh Al-Bashayer district_371,Mixed.,Open,,,,,0.01,0,0,0,0,0,0,0,0,0,0,0,0,0,0,0,1,1,0,0,0,-1,0.1,0
,,8492,Al-Bashayer,city Riyadh Al-Bashayer district_373,Mixed.,Open,,,,,0.01,0.01,0,0,0,0,0,0,0,0,0,0,0,0,0,0,2,2,0,0,0,-2,0.1,0
,,8498,Al-Bashayer,city Riyadh Al-Bashayer district_383,Mixed.,Open,,,,,0.01,0.01,0,0,0,0,0,0,0,0,0,0,0,0,0,0,2,2,0,0,0,-2,0.1,0
,,9270,Oraid,city Riyadh Oraid district_1,Mixed.,Open,,,,,0.01,0.01,0,0,0,0,0,0,0,0,0,0,0,0,0,0,2,2,0,0,0,-2,0.1,0
,,9277,Oraid,city Riyadh Oraid district_556,Mixed.,Open,,,,,0.01,0.01,0,0,0,0,0,1,0,0,0,0,1,0,0,1,3,2,0,1,0,-2,0.1,0
,,9279,Oraid,city Riyadh Oraid district_558,Mixed.,Open,,,,,0.01,0,0,0,0,0,0,0,0,0,0,0,0,0,0,0,1,1,0,0,0,-1,0.1,0
,,9284,Oraid,city Riyadh Oraid district_564,Resid.,Open,,,,,0.01,0,0,0,0,0,0,0,0,0,0,0,0,0,0,0,1,1,0,0,0,-1,0.1,0
,,9283,Oraid,city Riyadh Oraid district_563,Mixed.,Open,,,,,0.01,0,0,0,0,0,0,0,0,0,0,0,0,0,0,0,1,1,0,0,0,-1,0.1,0
,,9289,Oraid,city Riyadh Oraid district_571,Mixed.,Open,,,,,0.01,0,0,0,0,0,0,0,0,0,0,0,0,0,0,0,1,1,0,0,0,-1,0.1,0
,,9290,Oraid,city Riyadh Oraid district_572,Mixed.,Open,,,,,0.01,0.01,0,0,0,0,0,0,0,0,0,0,0,0,0,0,2,2,0,0,0,-2,0.1,0
,,9293,Oraid,city Riyadh Oraid district_575,Mixed.,Open,,,,,0.01,0,0,0,0,0,0,0,0,0,0,0,0,0,0,0,1,1,0,0,0,-1,0.1,0
,,10213,Benban,Sultanah 2 district_322,Mixed.,Open,,,,,0.01,0,0,0,0,0,0,0,0,0,0,0,0,0,0,0,1,1,0,0,0,-1,0.1,0
,,10218,Benban,Sultanah 2 district_327,Resid.,Open,,,,,0.01,0,0,0,0,0,0,0,0,0,0,0,0,0,0,0,1,1,0,0,0,-1,0.1,0
,,6378,Al Mansuriya,Al Mansouria district_307,Indust.,Open,,,,,0,0,0,0,0,0,0,0,0,0,0,0,0,0,0,0,0,0,0,0,0,0,0.1,0
,,6381,Al Mansuriya,Al Mansouria district_310,Indust.,Open,,,,,0,0,0,0,0,0,0,0,0,0,0,0,0,0,0,0,1,0,0,1,0,0,0.1,0
,,6385,Al Mansuriya,Al Mansouria district_314,Indust.,Open,,,,,0,0,0,0,0,0,0,0,0,0,0,0,0,0,0,0,0,0,0,0,0,0,0.1,0
,,6386,Al Mansuriya,Al Mansouria district_315,Indust.,Open,,,,,0,0,0,0,0,0,0,0,0,0,0,0,0,0,0,0,0,0,0,0,0,0,0.1,0
,,7013,Benban,Banban district_330,Indust.,Open,,,,,0,0,0,0,0,0,0,0,0,0,0,0,0,0,0,0,0,0,0,0,0,0,0.1,0
,,7016,Benban,Banban district_333,Indust.,Open,,,,,0,0,0,0,0,0,0,0,0,0,0,0,0,0,0,0,0,0,0,0,0,0,0.1,0
,,7018,Benban,Banban district_335,Mixed.,Open,,,,,0,0,0,0,0,0,0,0,0,0,0,0,0,0,0,0,0,0,0,0,0,0,0.1,0
,,7019,Benban,Banban district_336,Mixed.,Open,,,,,0,0,0,0,0,0,0,0,0,0,0,0,0,0,0,0,0,0,0,0,0,0,0.1,0
,,7020,Benban,Banban district_337,Resid.,Open,,,,,0,0,0,0,0,0,0,0,0,0,0,0,0,0,0,0,0,0,0,0,0,0,0.1,0
,,7027,Benban,Banban district_344,Mixed.,Open,,,,,0.01,0.01,0,0,0,0,0,6,0,0,0,0,6,2,2,2,4,0,2,2,0,-2,0.1,0
,,7025,Benban,Banban district_342,Mixed.,Open,,,,,0,0,0,0,0,0,0,0,0,0,0,0,0,0,0,0,0,0,0,0,0,0,0.1,0
,,7029,Benban,Banban district_366,Mixed.,Open,,,,,0,0,0,0,0,0,0,0,0,0,0,0,0,0,0,0,0,0,0,0,0,0,0.1,0
,,7030,Benban,Banban district_367,Indust.,Open,,,,,0,0,0,0,0,0,0,0,0,0,0,0,0,0,0,0,0,0,0,0,0,0,0.1,0
,,7031,Benban,Banban district_368,Indust.,Open,,,,,0,0,0,0,0,0,0,0,0,0,0,0,0,0,0,0,0,0,0,0,0,0,0.1,0
,,7033,Benban,Banban district_370,Mixed.,Open,,,,,0,0,0,0,0,0,0,0,0,0,0,0,0,0,0,0,0,0,0,0,0,0,0.1,0
,,7034,Benban,Banban district_371,Mixed.,Open,,,,,0.01,0.01,0,0,0,0,0,3,0,0,0,0,3,1,1,1,3,1,1,1,0,-2,0.1,0
,,7035,Benban,Banban district_372,Mixed.,Open,,,,,0,0,0,0,0,0,0,0,0,0,0,0,0,0,0,0,0,0,0,0,0,0,0.1,0
,,7039,Benban,Banban district_376,Indust.,Open,,,,,0,0,0,0,0,0,0,0,0,0,0,0,0,0,0,0,0,0,0,0,0,0,0.1,0
,,7040,Benban,Banban district_377,Mixed.,Open,,,,,0,0,0,0,0,0,0,0,0,0,0,0,0,0,0,0,0,0,0,0,0,0,0.1,0
,,7042,Benban,Banban district_379,Mixed.,Open,,,,,0,0,0,0,0,0,0,0,0,0,0,0,0,0,0,0,0,0,0,0,0,0,0.1,0
,,7043,Benban,Banban district_380,Mixed.,Open,,,,,0,0,0,0,0,0,0,0,0,0,0,0,0,0,0,0,0,0,0,0,0,0,0.1,0
,,7046,Benban,Banban district_383,Indust.,Open,,,,,0,0,0,0,0,0,0,0,0,0,0,0,0,0,0,0,0,0,0,0,0,0,0.1,0
,,7054,Ahad,city Riyadh Ahad district_70,Resid.,Open,,,,,0.01,0,0,0,0,0,0,3,0,0,0,0,3,1,1,1,2,0,1,1,0,-1,0.1,0
,,7055,Ahad,city Riyadh Ahad district_71,Resid.,Open,,,,,0.01,0,0,0,0,0,0,3,0,0,0,0,3,1,1,1,2,0,1,1,0,-1,0.1,0
,,7058,Ahad,city Riyadh Ahad district_74,Resid.,Open,,,,,0,0,0,0,0,0,0,0,0,0,0,0,0,0,0,0,0,0,0,0,0,0,0.1,0
,,7057,Ahad,city Riyadh Ahad district_73,Resid.,Open,,,,,0.01,0.01,0,0,0,0,0,3,0,0,0,0,3,1,1,1,3,1,1,1,0,-2,0.1,0
,,7060,Ahad,city Riyadh Ahad district_76,Resid.,Open,,,,,0.01,0,0,0,0,0,0,3,0,0,0,0,3,1,1,1,2,0,1,1,0,-1,0.1,0
,,7061,Ahad,city Riyadh Ahad district_77,Resid.,Open,,,,,0.01,0,0,0,0,0,0,3,0,0,0,0,3,1,1,1,2,0,1,1,0,-1,0.1,0
,,7062,Ahad,city Riyadh Ahad district_78,Resid.,Open,,,,,0.01,0.01,0,0,0,0,0,3,0,0,0,0,3,1,1,1,3,1,1,1,0,-2,0.1,0
,,7068,Ahad,city Riyadh Ahad district_84,Resid.,Open,,,,,0,0,0,0,0,0,0,0,0,0,0,0,0,0,0,0,0,0,0,0,0,0,0.1,0
,,7073,Al Aawali,city Riyadh Al Aawali district_318,Resid.,Open,,,,,0.01,0,0,0,0,0,0,3,0,0,0,0,3,1,1,1,2,0,1,1,0,-1,0.1,0
,,7076,Al Aawali,city Riyadh Al Aawali district_321,Resid.,Open,,,,,0.01,0.01,0,0,0,0,0,3,0,0,0,0,3,1,1,1,3,1,1,1,0,-2,0.1,0
,,7077,Al Aawali,city Riyadh Al Aawali district_322,Resid.,Open,,,,,0,0,0,0,0,0,0,0,0,0,0,0,0,0,0,0,0,0,0,0,0,0,0.1,0
,,7078,Al Aawali,city Riyadh Al Aawali district_323,Resid.,Open,,,,,0,0,0,0,0,0,0,0,0,0,0,0,0,0,0,0,0,0,0,0,0,0,0.1,0
,,7097,Al Aawali,city Riyadh Al Aawali district_342,Resid.,Open,,,,,0,0,0,0,0,0,0,0,0,0,0,0,0,0,0,0,0,0,0,0,0,0,0.1,0
1,,7864,Al Raya,city Riyadh Al Raya district_214,Mixed.,Open,,,,,0,0,0,0,0,0,0,0,0,0,0,0,0,0,0,0,0,0,0,0,0,0,0.1,0
,,8084,Al Risalah,city Riyadh Al Risalah district_4,Mixed.,Open,,,,,0,0,0,0,0,0,0,0,0,0,0,0,0,0,0,0,0,0,0,0,0,0,0.1,0
,,8091,Al Saada,city Riyadh Al Saada district_453,Resid.,Open,,,,,0.01,0.01,0,0,0,0,0,3,0,0,0,0,3,1,1,1,3,1,1,1,0,-2,0.1,0
,,8111,Al Saada,city Riyadh Al Saada district_473,Mixed.,Open,,,,,0.01,0.01,0,0,0,0,0,3,0,0,0,0,3,1,1,1,3,1,1,1,0,-2,0.1,0
,,8209,Al Shualah,city Riyadh Al Shualah district_12,Mixed.,Open,,,,,0,0,0,0,0,0,0,0,0,0,0,0,0,0,0,0,0,0,0,0,0,0,0.1,0
,,8395,Al Tadamon,city Riyadh Al Tadamon district_211,Mixed.,Open,,,,,0,0,0,0,0,0,0,0,0,0,0,0,0,0,0,0,0,0,0,0,0,0,0.1,0
,,8396,Al Tadamon,city Riyadh Al Tadamon district_212,Mixed.,Open,,,,,0,0,0,0,0,0,0,0,0,0,0,0,0,0,0,0,0,0,0,0,0,0,0.1,0
,,8397,Al Tadamon,city Riyadh Al Tadamon district_213,Mixed.,Open,,,,,0,0,0,0,0,0,0,1,0,0,0,0,1,0,0,1,1,0,0,1,0,0,0.1,0
,,8493,Al-Bashayer,city Riyadh Al-Bashayer district_378,Mixed.,Open,,,,,0,0,0,0,0,0,0,0,0,0,0,0,0,0,0,0,0,0,0,0,0,0,0.1,0
,,8496,Al-Bashayer,city Riyadh Al-Bashayer district_381,Mixed.,Open,,,,,0,0,0,0,0,0,0,0,0,0,0,0,0,0,0,0,0,0,0,0,0,0,0.1,0
,,9280,Oraid,city Riyadh Oraid district_560,Mixed.,Open,,,,,0,0,0,0,0,0,0,0,0,0,0,0,0,0,0,0,0,0,0,0,0,0,0.1,0
,,9285,Oraid,city Riyadh Oraid district_565,Resid.,Open,,,,,0,0,0,0,0,0,0,0,0,0,0,0,0,0,0,0,0,0,0,0,0,0,0.1,0
,,9281,Oraid,city Riyadh Oraid district_561,Mixed.,Open,,,,,0,0,0,0,0,0,0,0,0,0,0,0,0,0,0,0,0,0,0,0,0,0,0.1,0
,,9287,Oraid,city Riyadh Oraid district_567,Mixed.,Open,,,,,0.01,0,0,0,0,0,0,3,0,0,0,0,3,1,1,1,2,0,1,1,0,-1,0.1,0
,,9286,Oraid,city Riyadh Oraid district_566,Mixed.,Open,,,,,0,0,0,0,0,0,0,0,0,0,0,0,0,0,0,0,0,0,0,0,0,0,0.1,0
,,9288,Oraid,city Riyadh Oraid district_570,Mixed.,Open,,,,,0,0,0,0,0,0,0,0,0,0,0,0,0,0,0,0,0,0,0,0,0,0,0.1,0
,,9291,Oraid,city Riyadh Oraid district_573,Mixed.,Open,,,,,0,0,0,0,0,0,0,0,0,0,0,0,0,0,0,0,0,0,0,0,0,0,0.1,0
,,9292,Oraid,city Riyadh Oraid district_574,Resid.,Open,,,,,0,0,0,0,0,0,0,0,0,0,0,0,0,0,0,0,0,0,0,0,0,0,0.1,0
,,9294,Oraid,city Riyadh Oraid district_576,Mixed.,Open,,,,,0,0,0,0,0,0,0,0,0,0,0,0,0,0,0,0,0,0,0,0,0,0,0.1,0
,,9295,Oraid,city Riyadh Oraid district_582,Mixed.,Open,,,,,0,0,0,0,0,0,0,0,0,0,0,0,0,0,0,0,0,0,0,0,0,0,0.1,0
,,9296,Oraid,city Riyadh Oraid district_583,Mixed.,Open,,,,,0,0,0,0,0,0,0,0,0,0,0,0,0,0,0,0,0,0,0,0,0,0,0.1,0
,,9298,Oraid,city Riyadh Oraid district_588,Resid.,Open,,,,,0,0,0,0,0,0,0,0,0,0,0,0,0,0,0,0,0,0,0,0,0,0,0.1,0
,,10215,Benban,Sultanah 2 district_324,Resid.,Open,,,,,0,0,0,0,0,0,0,0,0,0,0,0,0,0,0,0,0,0,0,0,0,0,0.1,0
,,7122,Al Aawali,city Riyadh Al Aawali district_367,Resid.,Open,,,,,0.03,0.02,0,0,0,0,1,6,0,0,0,0,6,0,6,0,4,3,1,0,0,-4,0.04,0
,,6371,Al Mansuriya,Al Mansouria district_24,Mixed.,Open,,,,,0.04,0.03,0,0,0,0,1,2,0,0,0,0,2,0,2,0,6,5,1,0,0,-6,0.03,0
,,6383,Al Mansuriya,Al Mansouria district_312,Indust.,Open,,,,,0.08,0.05,0,0,0,0,1,4,0,0,0,0,4,0,4,0,12,10,1,1,0,-11,0.03,0
,,7056,Ahad,city Riyadh Ahad district_72,Mixed.,Open,,,,,0.06,0.04,0,0,0,0,1,7,0,0,0,0,7,0,6,1,9,7,1,1,0,-8,0.03,0
,,7064,Ahad,city Riyadh Ahad district_80,Resid.,Open,,,,,0.04,0.02,0,0,0,0,1,3,0,0,0,0,3,0,3,0,5,4,1,0,0,-5,0.03,0
,,7066,Ahad,city Riyadh Ahad district_82,Resid.,Open,,,,,0.04,0.02,0,0,0,0,1,3,0,0,0,0,3,0,3,0,6,4,1,1,0,-5,0.03,0
,,7098,Al Aawali,city Riyadh Al Aawali district_343,Resid.,Open,,,,,0.04,0.03,0,0,0,0,1,7,0,0,0,0,7,0,7,0,7,5,1,1,0,-6,0.03,0
,,7100,Al Aawali,city Riyadh Al Aawali district_345,Resid.,Open,,,,,0.11,0.08,0,0,0,0,1,6,0,0,0,0,6,1,4,1,18,14,2,2,0,-16,0.03,YES
,,7120,Al Aawali,city Riyadh Al Aawali district_365,Resid.,Open,,,,,0.07,0.05,0,0,0,0,1,4,0,0,0,0,4,1,2,1,12,9,2,1,0,-10,0.03,0
,,7131,Al Aawali,city Riyadh Al Aawali district_376,Mixed.,Open,,,,,0.12,0.08,0,0,0,0,1,2,0,0,0,0,2,0,2,0,17,16,1,0,0,-17,0.03,0
,,8095,Al Saada,city Riyadh Al Saada district_457,Mixed.,Open,,,,,0.25,0.17,0,0,0,0,1,6,0,0,0,0,6,0,2,4,38,30,1,7,0,-35,0.03,0
,,6375,Al Mansuriya,Al Mansouria district_304,Indust.,Open,,,,,0.09,0.06,0,0,0,0,0,5,0,0,0,0,5,0,5,0,12,10,2,0,0,-12,0,0
,,6380,Al Mansuriya,Al Mansouria district_309,Indust.,Open,,,,,0.05,0.03,0,0,0,0,0,0,0,0,0,0,0,0,0,0,7,7,0,0,0,-7,0,0
,,6889,Industrial (Al Batha),Al Sinaiyah district_10000014,Com,Open,,,,,0.51,0.34,0,0,0,0,0,7,0,0,0,0,7,0,6,1,85,69,1,15,0,-71,0,0
,,6382,Al Mansuriya,Al Mansouria district_311,Indust.,Open,,,,,0.03,0.02,0,0,0,0,0,0,0,0,0,0,0,0,0,0,4,4,0,0,0,-4,0,0
,,6890,Industrial (Al Batha),Al Sinaiyah district_10000015,Com,Open,,,,,0.3,0.2,0,0,0,0,0,5,0,0,0,0,5,0,4,1,51,41,1,9,0,-42,0,0
,,6892,Industrial (Al Batha),Al Sinaiyah district_10000475,Com,Open,,,,,0.37,0.25,0,0,0,0,0,3,0,0,0,0,3,1,1,1,57,51,1,5,0,-52,0,0
,,6896,Industrial (Al Batha),Al Sinaiyah district_10000479,Com,Open,,,,,1.06,0.7,0,0,0,0,0,3,0,0,0,0,3,0,3,0,178,147,1,30,0,-148,0,0
,,6899,Industrial (Al Batha),Al Sinaiyah district_10000482,Com,Open,,,,,1.09,0.72,0,0,0,0,0,5,0,0,0,0,5,0,3,2,192,150,1,41,0,-152,0,0
,,6901,Industrial (Al Batha),Al Sinaiyah district_10000484,Com,Open,,,,,0.45,0.3,0,0,0,0,0,2,0,0,0,0,2,0,2,0,75,62,1,12,0,-63,0,0
,,6910,Industrial (Al Batha),Al Sinaiyah district_10000493,Com,Open,,,,,0.5,0.33,0,0,0,0,0,5,0,0,0,0,5,0,4,1,83,68,2,13,0,-70,0,0
,,6909,Industrial (Al Batha),Al Sinaiyah district_10000492,Com,Open,,,,,1.24,0.82,0,0,0,0,0,5,0,0,0,0,5,1,2,2,212,171,2,39,0,-173,0,0
,,6911,Industrial (Al Batha),Al Sinaiyah district_10000494,Com,Open,,,,,0.38,0.25,0,0,0,0,0,7,0,0,0,0,7,0,4,3,58,50,1,7,0,-53,0,0
,,6912,Industrial (Al Batha),Al Sinaiyah district_10000495,Com,Open,,,,,0.66,0.44,0,0,0,0,0,4,0,0,0,0,4,0,4,0,108,92,1,15,0,-93,0,0
,,6913,Industrial (Al Batha),Al Sinaiyah district_10000496,Com,Open,,,,,1.06,0.7,0,0,0,0,0,5,0,0,0,0,5,0,3,2,175,145,1,29,0,-148,0,0
,,6915,Industrial (Al Batha),Al Sinaiyah district_10000498,Com,Open,,,,,0.56,0.37,0,0,0,0,0,4,0,0,0,0,4,0,3,1,88,77,1,10,0,-78,0,0
,,6922,Industrial (Al Batha),Al Sinaiyah district_10000505,Com,Open,,,,,0.56,0.38,0,0,0,0,0,4,0,0,0,0,4,1,1,2,101,78,1,22,0,-79,0,0
,,7014,Benban,Banban district_331,Mixed.,Open,,,,,0.07,0.05,0,0,0,0,0,7,0,0,0,0,7,2,3,2,12,8,2,2,0,-10,0,0
,,7015,Benban,Banban district_332,Mixed.,Open,,,,,0.07,0.05,0,0,0,0,0,3,0,0,0,0,3,0,3,0,10,9,1,0,0,-10,0,0
,,7023,Benban,Banban district_340,Mixed.,Open,,,,,0.04,0.03,0,0,0,0,0,1,0,0,0,0,1,0,0,1,6,5,0,1,0,-6,0,0
,,7026,Benban,Banban district_343,Mixed.,Open,,,,,0.02,0.01,0,0,0,0,0,0,0,0,0,0,0,0,0,0,3,3,0,0,0,-3,0,0
,,7044,Benban,Banban district_381,Indust.,Open,,,,,0.02,0.01,0,0,0,0,0,0,0,0,0,0,0,0,0,0,3,3,0,0,0,-3,0,0
,,7032,Benban,Banban district_369,Indust.,Open,,,,,0.02,0.01,0,0,0,0,0,0,0,0,0,0,0,0,0,0,3,3,0,0,0,-3,0,0
,,7051,Ahad,city Riyadh Ahad district_586,Resid.,Open,,,,,0.02,0.01,0,0,0,0,0,3,0,0,0,0,3,1,1,1,4,2,1,1,0,-3,0,0
,,7059,Ahad,city Riyadh Ahad district_75,Resid.,Open,,,,,0.02,0.01,0,0,0,0,0,3,0,0,0,0,3,1,1,1,4,2,1,1,0,-3,0,0
,,7065,Ahad,city Riyadh Ahad district_81,Resid.,Open,,,,,0.02,0.01,0,0,0,0,0,0,0,0,0,0,0,0,0,0,4,3,0,1,0,-3,0,0
,,7067,Ahad,city Riyadh Ahad district_83,Mixed.,Open,,,,,0.03,0.02,0,0,0,0,0,0,0,0,0,0,0,0,0,0,4,4,0,0,0,-4,0,0
,,7071,Ahad,city Riyadh Ahad district_87,Resid.,Open,,,,,0.04,0.02,0,0,0,0,0,5,0,0,0,0,5,1,3,1,6,3,2,1,0,-5,0,0
,,7074,Al Aawali,city Riyadh Al Aawali district_319,Resid.,Open,,,,,0.07,0.05,0,0,0,0,0,0,0,0,0,0,0,0,0,0,11,10,0,1,0,-10,0,YES
,,7079,Al Aawali,city Riyadh Al Aawali district_324,Resid.,Open,,,,,0.06,0.04,0,0,0,0,0,3,0,0,0,0,3,1,1,1,12,8,1,3,0,-9,0,0
,,7080,Al Aawali,city Riyadh Al Aawali district_325,Resid.,Open,,,,,0.04,0.03,0,0,0,0,0,0,0,0,0,0,0,0,0,0,6,6,0,0,0,-6,0,0
,,7081,Al Aawali,city Riyadh Al Aawali district_326,Resid.,Open,,,,,0.04,0.02,0,0,0,0,0,0,0,0,0,0,0,0,0,0,5,5,0,0,0,-5,0,0
,,7082,Al Aawali,city Riyadh Al Aawali district_327,Resid.,Open,,,,,0.05,0.03,0,0,0,0,0,0,0,0,0,0,0,0,0,0,8,7,0,1,0,-7,0,YES
,,7084,Al Aawali,city Riyadh Al Aawali district_329,Mixed.,Open,,,,,0.02,0.01,0,0,0,0,0,0,0,0,0,0,0,0,0,0,3,3,0,0,0,-3,0,0
,,7088,Al Aawali,city Riyadh Al Aawali district_333,Com,Open,,,,,0.51,0.34,0,0,0,0,0,6,0,0,0,0,6,0,6,0,79,69,3,7,0,-72,0,YES
,,7093,Al Aawali,city Riyadh Al Aawali district_338,Resid.,Open,,,,,0.09,0.06,0,0,0,0,0,0,0,0,0,0,0,0,0,0,15,13,0,2,0,-13,0,YES
,,7094,Al Aawali,city Riyadh Al Aawali district_339,Resid.,Open,,,,,0.16,0.11,0,0,0,0,0,0,0,0,0,0,0,0,0,0,23,23,0,0,0,-23,0,0
,,7095,Al Aawali,city Riyadh Al Aawali district_340,Resid.,Open,,,,,0.04,0.03,0,0,0,0,0,6,0,0,0,0,6,1,4,1,7,4,2,1,0,-6,0,0
,,7099,Al Aawali,city Riyadh Al Aawali district_344,Resid.,Open,,,,,0.08,0.05,0,0,0,0,0,0,0,0,0,0,0,0,0,0,11,11,0,0,0,-11,0,0
,,7101,Al Aawali,city Riyadh Al Aawali district_346,Resid.,Open,,,,,0.03,0.02,0,0,0,0,0,3,0,0,0,0,3,1,1,1,5,3,1,1,0,-4,0,YES
,,7103,Al Aawali,city Riyadh Al Aawali district_348,Resid.,Open,,,,,0.06,0.04,0,0,0,0,0,0,0,0,0,0,0,0,0,0,9,9,0,0,0,-9,0,YES
,,7104,Al Aawali,city Riyadh Al Aawali district_349,Resid.,Open,,,,,0.06,0.04,0,0,0,0,0,3,0,0,0,0,3,1,1,1,13,8,1,4,0,-9,0,YES
,,7105,Al Aawali,city Riyadh Al Aawali district_350,Resid.,Open,,,,,0.09,0.06,0,0,0,0,0,3,0,0,0,0,3,1,1,1,17,12,1,4,0,-13,0,0
,,7106,Al Aawali,city Riyadh Al Aawali district_351,Resid.,Open,,,,,0.04,0.02,0,0,0,0,0,3,0,0,0,0,3,1,1,1,6,4,1,1,0,-5,0,0
,,7107,Al Aawali,city Riyadh Al Aawali district_352,Resid.,Open,,,,,0.04,0.02,0,0,0,0,0,3,0,0,0,0,3,1,1,1,6,4,1,1,0,-5,0,0
,,7108,Al Aawali,city Riyadh Al Aawali district_353,Resid.,Open,,,,,0.06,0.04,0,0,0,0,0,0,0,0,0,0,0,0,0,0,9,8,0,1,0,-8,0,YES
,,7110,Al Aawali,city Riyadh Al Aawali district_355,Resid.,Open,,,,,0.03,0.02,0,0,0,0,0,3,0,0,0,0,3,1,1,1,5,3,1,1,0,-4,0,0
,,7111,Al Aawali,city Riyadh Al Aawali district_356,Resid.,Open,,,,,0.11,0.07,0,0,0,0,0,4,0,0,0,0,4,1,2,1,19,13,2,4,0,-15,0,0
,,7112,Al Aawali,city Riyadh Al Aawali district_357,Resid.,Open,,,,,0.07,0.05,0,0,0,0,0,0,0,0,0,0,0,0,0,0,10,10,0,0,0,-10,0,YES
,,7113,Al Aawali,city Riyadh Al Aawali district_358,Resid.,Open,,,,,0.04,0.03,0,0,0,0,0,3,0,0,0,0,3,1,1,1,7,5,1,1,0,-6,0,0
,,7114,Al Aawali,city Riyadh Al Aawali district_359,Resid.,Open,,,,,0.02,0.01,0,0,0,0,0,1,0,0,0,0,1,0,1,0,3,2,1,0,0,-3,0,0
,,7115,Al Aawali,city Riyadh Al Aawali district_360,Resid.,Open,,,,,0.06,0.04,0,0,0,0,0,0,0,0,0,0,0,0,0,0,10,9,0,1,0,-9,0,YES
,,7116,Al Aawali,city Riyadh Al Aawali district_361,Resid.,Open,,,,,0.03,0.02,0,0,0,0,0,1,0,0,0,0,1,0,0,1,5,4,0,1,0,-4,0,YES
,,7117,Al Aawali,city Riyadh Al Aawali district_362,Resid.,Open,,,,,0.05,0.03,0,0,0,0,0,0,0,0,0,0,0,0,0,0,7,7,0,0,0,-7,0,0
,,7119,Al Aawali,city Riyadh Al Aawali district_364,Mixed.,Open,,,,,0.02,0.01,0,0,0,0,0,0,0,0,0,0,0,0,0,0,3,3,0,0,0,-3,0,0
,,7121,Al Aawali,city Riyadh Al Aawali district_366,Mixed.,Open,,,,,0.03,0.02,0,0,0,0,0,1,0,0,0,0,1,0,1,0,5,3,1,1,0,-4,0,0
,,7124,Al Aawali,city Riyadh Al Aawali district_369,Resid.,Open,,,,,0.02,0.01,0,0,0,0,0,0,0,0,0,0,0,0,0,0,3,3,0,0,0,-3,0,0
,,7125,Al Aawali,city Riyadh Al Aawali district_370,Resid.,Open,,,,,0.03,0.02,0,0,0,0,0,3,0,0,0,0,3,1,1,1,5,3,1,1,0,-4,0,YES
,,7126,Al Aawali,city Riyadh Al Aawali district_371,Resid.,Open,,,,,0.03,0.02,0,0,0,0,0,0,0,0,0,0,0,0,0,0,4,4,0,0,0,-4,0,0
,,7127,Al Aawali,city Riyadh Al Aawali district_372,Resid.,Open,,,,,0.03,0.02,0,0,0,0,0,0,0,0,0,0,0,0,0,0,4,4,0,0,0,-4,0,0
,,7129,Al Aawali,city Riyadh Al Aawali district_374,Resid.,Open,,,,,0.02,0.01,0,0,0,0,0,0,0,0,0,0,0,0,0,0,4,3,0,1,0,-3,0,0
,,7130,Al Aawali,city Riyadh Al Aawali district_375,Resid.,Open,,,,,0.04,0.02,0,0,0,0,0,0,0,0,0,0,0,0,0,0,6,5,0,1,0,-5,0,0
,,7134,Al Aawali,city Riyadh Al Aawali district_379,Resid.,Open,,,,,0.03,0.02,0,0,0,0,0,1,0,0,0,0,1,0,1,0,4,3,1,0,0,-4,0,YES
,,7135,Al Aawali,city Riyadh Al Aawali district_380,Mixed.,Open,,,,,0.04,0.03,0,0,0,0,0,0,0,0,0,0,0,0,0,0,6,6,0,0,0,-6,0,0
,,7136,Al Aawali,city Riyadh Al Aawali district_381,Mixed.,Open,,,,,0.04,0.03,0,0,0,0,0,0,0,0,0,0,0,0,0,0,7,6,0,1,0,-6,0,0
,,7137,Al Aawali,city Riyadh Al Aawali district_382,Mixed.,Open,,,,,0.02,0.01,0,0,0,0,0,0,0,0,0,0,0,0,0,0,3,3,0,0,0,-3,0,0
,,7139,Al Aawali,city Riyadh Al Aawali district_642,Resid.,Open,,,,,0.04,0.03,0,0,0,0,0,4,0,0,0,0,4,1,1,2,8,5,1,2,0,-6,0,0
,,7140,Al Aawali,city Riyadh Al Aawali district_643,Resid.,Open,,,,,0.02,0.01,0,0,0,0,0,3,0,0,0,0,3,1,1,1,4,2,1,1,0,-3,0,0
,,7673,Al Nakhbah,city Riyadh Al Nakhbah district_1079,Mixed.,Open,,,,,0.04,0.02,0,0,0,0,0,0,0,0,0,0,0,0,0,0,5,5,0,0,0,-5,0,0
,,8086,Al Saada,city Riyadh Al Saada district_412,Resid.,Open,,,,,0.11,0.07,0,0,0,0,0,1,0,0,0,0,1,0,1,0,20,14,1,5,0,-15,0,0
,,8088,Al Saada,city Riyadh Al Saada district_414,Com,Open,,,,,0.42,0.28,0,0,0,0,0,1,0,0,0,0,1,0,1,0,62,58,1,3,0,-59,0,0
,,8090,Al Saada,city Riyadh Al Saada district_452,Mixed.,Open,,,,,0.04,0.02,0,0,0,0,0,5,0,0,0,0,5,1,1,3,8,4,1,3,0,-5,0,0
,,8092,Al Saada,city Riyadh Al Saada district_454,Resid.,Open,,,,,0.07,0.05,0,0,0,0,0,0,0,0,0,0,0,0,0,0,11,10,0,1,0,-10,0,0
,,8093,Al Saada,city Riyadh Al Saada district_455,Mixed.,Open,,,,,0.12,0.08,0,0,0,0,0,8,0,0,0,0,8,2,2,4,21,13,2,6,0,-17,0,0
,,8097,Al Saada,city Riyadh Al Saada district_459,Mixed.,Open,,,,,0.13,0.09,0,0,0,0,0,4,0,0,0,0,4,2,1,1,19,17,1,1,0,-18,0,0
,,8096,Al Saada,city Riyadh Al Saada district_458,Mixed.,Open,,,,,0.24,0.16,0,0,0,0,0,9,0,0,0,0,9,2,2,5,36,29,2,5,0,-34,0,0
,,8098,Al Saada,city Riyadh Al Saada district_460,Mixed.,Open,,,,,0.22,0.15,0,0,0,0,0,8,0,0,0,0,8,2,2,4,34,27,2,5,0,-31,0,0
,,8099,Al Saada,city Riyadh Al Saada district_461,Mixed.,Open,,,,,0.31,0.21,0,0,0,0,0,8,0,0,0,0,8,1,4,3,45,39,3,3,0,-44,0,0
,,8103,Al Saada,city Riyadh Al Saada district_465,Resid.,Open,,,,,0.15,0.1,0,0,0,0,0,9,0,0,0,0,9,1,4,4,23,16,3,4,0,-21,0,0
,,8104,Al Saada,city Riyadh Al Saada district_466,Resid.,Open,,,,,0.1,0.07,0,0,0,0,0,3,0,0,0,0,3,0,2,1,15,13,1,1,0,-14,0,0
,,8105,Al Saada,city Riyadh Al Saada district_467,Resid.,Open,,,,,0.11,0.07,0,0,0,0,0,5,0,0,0,0,5,1,3,1,16,13,2,1,0,-15,0,0
,,8106,Al Saada,city Riyadh Al Saada district_468,Resid.,Open,,,,,0.12,0.08,0,0,0,0,0,10,0,0,0,0,10,2,4,4,20,12,4,4,0,-17,0,0
,,8107,Al Saada,city Riyadh Al Saada district_469,Resid.,Open,,,,,0.07,0.05,0,0,0,0,0,0,0,0,0,0,0,0,0,0,11,10,0,1,0,-10,0,0
,,8109,Al Saada,city Riyadh Al Saada district_471,Resid.,Open,,,,,0.06,0.04,0,0,0,0,0,7,0,0,0,0,7,0,4,3,11,8,0,3,0,-8,0,0
,,8110,Al Saada,city Riyadh Al Saada district_472,Resid.,Open,,,,,0.08,0.05,0,0,0,0,0,0,0,0,0,0,0,0,0,0,11,11,0,0,0,-11,0,0
,,8113,Al Saada,city Riyadh Al Saada district_475,Com,Open,,,,,0.12,0.08,0,0,0,0,0,4,0,0,0,0,4,1,1,2,20,16,1,3,0,-17,0,0
,,8114,Al Saada,city Riyadh Al Saada district_476,Com,Open,,,,,0.16,0.11,0,0,0,0,0,5,0,0,0,0,5,1,3,1,25,21,2,2,0,-23,0,0
,,8116,Al Saada,city Riyadh Al Saada district_478,Com,Open,,,,,0.06,0.04,0,0,0,0,0,1,0,0,0,0,1,0,1,0,8,7,1,0,0,-8,0,0
,,8117,Al Saada,city Riyadh Al Saada district_479,Resid.,Open,,,,,0.04,0.02,0,0,0,0,0,2,0,0,0,0,2,0,1,1,7,4,1,2,0,-5,0,0
,,8118,Al Saada,city Riyadh Al Saada district_480,Resid.,Open,,,,,0.11,0.07,0,0,0,0,0,2,0,0,0,0,2,0,1,1,16,14,1,1,0,-15,0,0
,,8119,Al Saada,city Riyadh Al Saada district_481,Mixed.,Open,,,,,0.28,0.19,0,0,0,0,0,0,0,0,0,0,0,0,0,0,45,39,0,6,0,-39,0,0
,,8120,Al Saada,city Riyadh Al Saada district_482,Com,Open,,,,,0.41,0.28,0,0,0,0,0,3,0,0,0,0,3,1,0,2,64,58,1,5,0,-58,0,0
,,8124,Al Saada,city Riyadh Al Saada district_486,Com,Open,,,,,0.38,0.25,0,0,0,0,0,3,0,0,0,0,3,0,3,0,60,52,1,7,0,-53,0,0
,,8125,Al Saada,city Riyadh Al Saada district_487,Com,Open,,,,,0.31,0.21,0,0,0,0,0,3,0,0,0,0,3,1,1,1,48,43,1,4,0,-44,0,0
,,8126,Al Saada,city Riyadh Al Saada district_488,Com,Open,,,,,0.29,0.19,0,0,0,0,0,1,0,0,0,0,1,1,0,0,45,39,1,5,0,-40,0,0
,,8129,Al Saada,city Riyadh Al Saada district_558,Mixed.,Open,,,,,0.04,0.02,0,0,0,0,0,5,0,0,0,0,5,1,1,3,6,2,1,3,0,-5,0,0
,,8479,Al-Bashayer,city Riyadh Al-Bashayer district_360,Mixed.,Open,,,,,0.08,0.05,0,0,0,0,0,0,0,0,0,0,0,0,0,0,11,11,0,0,0,-11,0,0
,,8481,Al-Bashayer,city Riyadh Al-Bashayer district_362,Mixed.,Open,,,,,0.06,0.04,0,0,0,0,0,0,0,0,0,0,0,0,0,0,9,9,0,0,0,-9,0,0
,,8482,Al-Bashayer,city Riyadh Al-Bashayer district_363,Mixed.,Open,,,,,0.1,0.07,0,0,0,0,0,2,0,0,0,0,2,1,1,0,15,13,1,1,0,-14,0,0
,,8483,Al-Bashayer,city Riyadh Al-Bashayer district_364,Mixed.,Open,,,,,0.07,0.05,0,0,0,0,0,0,0,0,0,0,0,0,0,0,10,10,0,0,0,-10,0,0
,,8484,Al-Bashayer,city Riyadh Al-Bashayer district_365,Mixed.,Open,,,,,0.11,0.07,0,0,0,0,0,0,0,0,0,0,0,0,0,0,15,15,0,0,0,-15,0,0
,,8485,Al-Bashayer,city Riyadh Al-Bashayer district_366,Mixed.,Open,,,,,0.09,0.06,0,0,0,0,0,0,0,0,0,0,0,0,0,0,12,12,0,0,0,-12,0,0
,,8486,Al-Bashayer,city Riyadh Al-Bashayer district_367,Mixed.,Open,,,,,0.02,0.01,0,0,0,0,0,0,0,0,0,0,0,0,0,0,3,3,0,0,0,-3,0,0
,,8487,Al-Bashayer,city Riyadh Al-Bashayer district_368,Mixed.,Open,,,,,0.06,0.04,0,0,0,0,0,0,0,0,0,0,0,0,0,0,9,9,0,0,0,-9,0,0
,,8488,Al-Bashayer,city Riyadh Al-Bashayer district_369,Mixed.,Open,,,,,0.04,0.03,0,0,0,0,0,2,0,0,0,0,2,0,1,1,7,6,0,1,0,-6,0,0
,,8489,Al-Bashayer,city Riyadh Al-Bashayer district_370,Mixed.,Open,,,,,0.09,0.06,0,0,0,0,0,4,0,0,0,0,4,0,4,0,12,11,1,0,0,-12,0,0
,,8491,Al-Bashayer,city Riyadh Al-Bashayer district_372,Mixed.,Open,,,,,0.02,0.01,0,0,0,0,0,0,0,0,0,0,0,0,0,0,3,3,0,0,0,-3,0,0
,,8494,Al-Bashayer,city Riyadh Al-Bashayer district_379,Mixed.,Open,,,,,0.03,0.02,0,0,0,0,0,5,0,0,0,0,5,2,3,0,5,3,2,0,0,-4,0,0
,,8495,Al-Bashayer,city Riyadh Al-Bashayer district_380,Mixed.,Open,,,,,0.02,0.01,0,0,0,0,0,1,0,0,0,0,1,1,0,0,4,3,1,0,0,-3,0,0
,,8497,Al-Bashayer,city Riyadh Al-Bashayer district_382,Mixed.,Open,,,,,0.06,0.04,0,0,0,0,0,0,0,0,0,0,0,0,0,0,9,9,0,0,0,-9,0,0
,,8499,Al-Bashayer,city Riyadh Al-Bashayer district_517,Mixed.,Open,,,,,0.09,0.06,0,0,0,0,0,2,0,0,0,0,2,1,1,0,13,12,1,0,0,-13,0,0
,,9271,Oraid,city Riyadh Oraid district_550,Mixed.,Open,,,,,0.17,0.11,0,0,0,0,0,0,0,0,0,0,0,0,0,0,24,24,0,0,0,-24,0,0
,,9272,Oraid,city Riyadh Oraid district_551,Mixed.,Open,,,,,0.17,0.11,0,0,0,0,0,0,0,0,0,0,0,0,0,0,24,24,0,0,0,-24,0,0
,,9273,Oraid,city Riyadh Oraid district_552,Mixed.,Open,,,,,0.29,0.19,0,0,0,0,0,0,0,0,0,0,0,0,0,0,40,40,0,0,0,-40,0,0
,,9274,Oraid,city Riyadh Oraid district_553,Mixed.,Open,,,,,0.11,0.08,0,0,0,0,0,0,0,0,0,0,0,0,0,0,16,16,0,0,0,-16,0,0
,,9275,Oraid,city Riyadh Oraid district_554,Mixed.,Open,,,,,0.31,0.21,0,0,0,0,0,0,0,0,0,0,0,0,0,0,45,44,0,1,0,-44,0,0
,,9276,Oraid,city Riyadh Oraid district_555,Mixed.,Open,,,,,0.3,0.2,0,0,0,0,0,0,0,0,0,0,0,0,0,0,45,42,0,3,0,-42,0,0
,,9278,Oraid,city Riyadh Oraid district_557,Mixed.,Open,,,,,0.04,0.03,0,0,0,0,0,0,0,0,0,0,0,0,0,0,6,6,0,0,0,-6,0,0
,,9282,Oraid,city Riyadh Oraid district_562,Mixed.,Open,,,,,0.03,0.02,0,0,0,0,0,0,0,0,0,0,0,0,0,0,4,4,0,0,0,-4,0,0
,,9297,Oraid,city Riyadh Oraid district_584,Mixed.,Open,,,,,0.02,0.01,0,0,0,0,0,0,0,0,0,0,0,0,0,0,3,3,0,0,0,-3,0,0
,,10214,Benban,Sultanah 2 district_323,Mixed.,Open,,,,,0.09,0.06,0,0,0,0,0,2,0,0,0,0,2,0,2,0,12,11,1,0,0,-12,0,0
,,10216,Benban,Sultanah 2 district_325,Mixed.,Open,,,,,0.04,0.03,0,0,0,0,0,1,0,0,0,0,1,0,0,1,7,5,0,2,0,-6,0,0
,,10217,Benban,Sultanah 2 district_326,Mixed.,Open,,,,,0.08,0.05,0,0,0,0,0,1,0,0,0,0,1,0,0,1,11,10,0,1,0,-11,0,0
,,7069,Ahad,city Riyadh Ahad district_85,Resid.,Open,,,,,0.01,0,0,0,0,0,0,0,0,0,0,0,0,0,0,0,1,1,0,0,0,-1,0,0
,,7053,Ahad,city Riyadh Ahad district_69,Mixed.,Open,,,,,0.04,0.03,0,0,0,0,0,8,0,0,0,0,8,1,6,1,7,3,3,1,0,-6,0,0
,,7070,Ahad,city Riyadh Ahad district_86,Resid.,Open,,,,,0.03,0.02,0,0,0,0,0,5,0,0,0,0,5,1,3,1,5,2,2,1,0,-4,0,0
,,8087,Al Saada,city Riyadh Al Saada district_413,Mixed.,Open,,,,,0.04,0.03,0,0,0,0,0,13,0,0,0,0,13,6,2,5,13,1,6,6,0,-6,0,0